MOL_ID,SMILES,NR-AR,NR-AR-LBD,NR-AhR,NR-Aromatase,NR-ER,NR-ER-LBD,NR-PPAR-gamma,SR-ARE,SR-ATAD5,SR-HSE,SR-MMP,SR-p53
MOL_00000,CCOc1ccc2nc(S(N)(=O)=O)sc2c1,0.0,0.0,1.0,,,0.0,0.0,1.0,0.0,0.0,0.0,0.0
MOL_00001,CCN1C(=O)NC(c2ccccc2)C1=O,0.0,0.0,0.0,0.0,0.0,0.0,0.0,,0.0,,0.0,0.0
MOL_00002,CC[C@]1(O)CC[C@H]2[C@@H]3CCC4=CCCC[C@@H]4[C@H]3CC[C@@]21C,,,,,,,,0.0,,0.0,,
MOL_00003,CCCN(CC)C(CC)C(=O)Nc1c(C)cccc1C,0.0,0.0,0.0,0.0,0.0,0.0,0.0,,0.0,,0.0,0.0
MOL_00004,CC(O)(P(=O)(O)O)P(=O)(O)O,0.0,0.0,0.0,0.0,0.0,0.0,0.0,0.0,0.0,0.0,0.0,0.0
MOL_00005,CC(C)(C)OOC(C)(C)CCC(C)(C)OOC(C)(C)C,0.0,0.0,0.0,0.0,0.0,0.0,0.0,,0.0,0.0,0.0,0.0
MOL_00006,O=S(=O)(Cl)c1ccccc1,0.0,0.0,0.0,0.0,0.0,0.0,0.0,0.0,0.0,0.0,0.0,0.0
MOL_00007,O=C(O)Cc1cc(I)c(Oc2ccc(O)c(I)c2)c(I)c1,0.0,,0.0,,1.0,,,1.0,0.0,1.0,0.0,1.0
MOL_00008,OC[C@H](O)[C@@H](O)[C@H](O)CO,0.0,0.0,0.0,0.0,0.0,0.0,0.0,0.0,0.0,0.0,,0.0
MOL_00009,CCCCCCCC(=O)[O-].CCCCCCCC(=O)[O-].[Zn+2],,,,,,,,0.0,,0.0,,
MOL_00010,NC(=O)c1ccc[n+]([C@@H]2O[C@H](COP(=O)([O-])OP(=O)(O)OC[C@H]3O[C@@H](n4cnc5c(N)ncnc54)[C@H](O)[C@@H]3O)[C@@H](O)[C@H]2O)c1,0.0,0.0,0.0,,0.0,0.0,0.0,,0.0,,,0.0
MOL_00011,O=c1[nH]c(=O)n([C@H]2C[C@H](O)[C@@H](CO)O2)cc1I,0.0,0.0,,,0.0,0.0,0.0,0.0,0.0,0.0,0.0,0.0
MOL_00012,CC(C)COC(=O)C(C)C,0.0,0.0,0.0,0.0,0.0,0.0,0.0,0.0,0.0,0.0,0.0,0.0
MOL_00013,C=C(C)C(=O)OCCOC(=O)C(=C)C,0.0,0.0,0.0,0.0,0.0,0.0,0.0,0.0,0.0,0.0,0.0,0.0
MOL_00014,Cl/C=C\C[N+]12CN3CN(CN(C3)C1)C2,0.0,0.0,0.0,,0.0,0.0,,1.0,0.0,0.0,0.0,
MOL_00015,O=C([O-])Cc1cccc2ccccc12,0.0,0.0,0.0,0.0,0.0,0.0,1.0,0.0,0.0,0.0,0.0,0.0
MOL_00016,CCCCCCCCCCOCC(O)CN,0.0,0.0,0.0,,0.0,,,,,0.0,,
MOL_00017,CCN(CC)C(=O)c1cccnc1,0.0,0.0,0.0,0.0,,0.0,0.0,,0.0,,0.0,0.0
MOL_00018,COc1cc(O)cc(O)c1,0.0,0.0,,0.0,,,0.0,,0.0,0.0,0.0,0.0
MOL_00019,CCOC(=O)c1cccnc1,,,,,,,,0.0,,0.0,,
MOL_00020,CCOc1ccc(S(=O)(=O)O)c2cccnc12,0.0,0.0,,0.0,1.0,1.0,0.0,,0.0,,0.0,0.0
MOL_00021,O=C(O)[C@H](O)c1ccccc1,0.0,0.0,0.0,0.0,,0.0,0.0,0.0,0.0,0.0,0.0,0.0
MOL_00022,Nc1ccc(/N=N/c2ccccc2)cc1,0.0,0.0,1.0,,1.0,0.0,,1.0,1.0,0.0,,0.0
MOL_00023,CN[C@@H]1C[C@@H](c2ccc(Cl)c(Cl)c2)c2ccccc21,0.0,0.0,1.0,,0.0,0.0,0.0,,0.0,,,
MOL_00024,CN1[C@H]2CC[C@@H]1C[C@H](OC(=O)c1cc(Cl)cc(Cl)c1)C2,0.0,0.0,0.0,0.0,0.0,0.0,0.0,0.0,0.0,0.0,,0.0
MOL_00025,CN(C)CCCN1c2ccccc2CCc2ccc(Cl)cc21,0.0,0.0,0.0,,0.0,0.0,,0.0,0.0,0.0,,0.0
MOL_00026,C#CCO,0.0,0.0,0.0,0.0,0.0,0.0,0.0,0.0,0.0,0.0,0.0,0.0
MOL_00027,Nc1ccccc1S(=O)(=O)O,0.0,0.0,0.0,0.0,0.0,0.0,0.0,0.0,0.0,0.0,,0.0
MOL_00028,CC(O)CC(C)(C)O,0.0,0.0,0.0,0.0,0.0,0.0,0.0,0.0,0.0,0.0,0.0,0.0
MOL_00029,CC(C)(C)CC(C)(C)N,0.0,0.0,0.0,0.0,0.0,0.0,0.0,0.0,0.0,0.0,0.0,0.0
MOL_00030,CC(=O)CC(C)C,0.0,0.0,0.0,0.0,0.0,0.0,0.0,0.0,0.0,0.0,0.0,0.0
MOL_00031,CCCC(C)=O,0.0,0.0,0.0,0.0,0.0,0.0,0.0,0.0,0.0,0.0,0.0,0.0
MOL_00032,Nc1nc2ccccc2[nH]1,0.0,0.0,1.0,0.0,0.0,0.0,0.0,0.0,0.0,0.0,0.0,0.0
MOL_00033,Oc1c(Cl)c(Cl)c(Cl)c(Cl)c1Cl,0.0,,1.0,,,0.0,,1.0,0.0,0.0,1.0,1.0
MOL_00034,c1ccc(-c2ccccc2)cc1,0.0,0.0,0.0,0.0,0.0,0.0,0.0,0.0,0.0,0.0,0.0,0.0
MOL_00035,CNC(=O)Nc1ccc(Cl)c(Cl)c1,0.0,0.0,1.0,0.0,0.0,,0.0,0.0,0.0,0.0,,0.0
MOL_00036,CC(=O)Nc1ccc(C)c(Cl)c1,0.0,0.0,0.0,0.0,,0.0,0.0,0.0,0.0,0.0,,0.0
MOL_00037,CCCCNC(=S)NCCCC,0.0,0.0,0.0,0.0,0.0,0.0,0.0,0.0,0.0,1.0,0.0,0.0
MOL_00038,CCCCNC(=O)NCCCC,0.0,0.0,0.0,0.0,0.0,0.0,0.0,0.0,0.0,0.0,0.0,0.0
MOL_00039,CC(C)N(c1ccccc1)C(C)C,0.0,0.0,0.0,0.0,0.0,0.0,0.0,0.0,0.0,0.0,0.0,0.0
MOL_00040,CCc1cccc(C)c1,0.0,0.0,0.0,0.0,0.0,0.0,0.0,0.0,0.0,0.0,0.0,0.0
MOL_00041,CC(C)CCCCCCCOP(OCCCCCCCC(C)C)Oc1ccccc1,0.0,0.0,0.0,0.0,0.0,0.0,0.0,,0.0,0.0,0.0,0.0
MOL_00042,CCCCCCCC/C=C\CCCCCCCC(=O)OC(CO)CO,0.0,0.0,0.0,,0.0,0.0,0.0,0.0,0.0,1.0,0.0,0.0
MOL_00043,CCCCCCCCCCC=CC1CC(=O)OC1=O,0.0,0.0,0.0,0.0,0.0,0.0,0.0,1.0,0.0,0.0,0.0,0.0
MOL_00044,CC(C)C(Nc1ccc(C(F)(F)F)cc1Cl)C(=O)OC(C#N)c1cccc(Oc2ccccc2)c1,0.0,0.0,,0.0,0.0,,,0.0,0.0,,1.0,
MOL_00045,CS(=O)(=O)NC(=O)c1cc(Oc2ccc(C(F)(F)F)cc2Cl)ccc1[N+](=O)[O-],0.0,0.0,0.0,0.0,0.0,0.0,0.0,0.0,0.0,0.0,0.0,0.0
MOL_00046,CCOP(=S)(CC)Sc1ccccc1,0.0,0.0,0.0,1.0,,0.0,0.0,0.0,0.0,0.0,0.0,0.0
MOL_00047,CC/C=C\CCCCO,0.0,0.0,0.0,0.0,0.0,0.0,0.0,0.0,0.0,0.0,0.0,0.0
MOL_00048,Nc1ccccc1C(=O)Oc1ccc2ccccc2c1,,0.0,1.0,,1.0,0.0,0.0,1.0,1.0,0.0,1.0,0.0
MOL_00049,C=C[C@H]1CN2CCC1C[C@H]2[C@H](O)c1ccnc2ccc(OC)cc12,0.0,0.0,1.0,0.0,0.0,0.0,0.0,,0.0,0.0,0.0,0.0
MOL_00050,CC(=O)CCC(C)=O,0.0,0.0,0.0,0.0,0.0,0.0,0.0,0.0,0.0,0.0,0.0,0.0
MOL_00051,N#CCCNCCC#N,0.0,0.0,0.0,0.0,0.0,0.0,0.0,0.0,0.0,0.0,0.0,0.0
MOL_00052,CCOc1ccc(N=Nc2ccc(C=Cc3ccc(N=Nc4ccc(OCC)cc4)cc3S(=O)(=O)[O-])c(S(=O)(=O)[O-])c2)cc1,0.0,0.0,0.0,0.0,0.0,0.0,0.0,,0.0,0.0,,0.0
MOL_00053,O=C1c2ccccc2C(=O)C1c1ccc2cc(S(=O)(=O)[O-])cc(S(=O)(=O)[O-])c2n1,0.0,0.0,,0.0,0.0,0.0,0.0,1.0,0.0,0.0,,0.0
MOL_00054,O=C(Nc1ccc2c(O)c(N=Nc3ccc(N=Nc4ccc(S(=O)(=O)[O-])cc4)cc3)c(S(=O)(=O)[O-])cc2c1)c1ccccc1,0.0,0.0,0.0,,,0.0,0.0,1.0,0.0,0.0,,0.0
MOL_00055,CSc1ccc2c(c1)C(N1CCN(C)CC1)Cc1ccccc1S2,0.0,0.0,0.0,,0.0,0.0,,0.0,0.0,0.0,,0.0
MOL_00056,COCCCC/C(=N\OCCN)c1ccc(C(F)(F)F)cc1,0.0,0.0,0.0,,0.0,0.0,,,0.0,0.0,,0.0
MOL_00057,Cc1ccccc1CCO,0.0,0.0,0.0,0.0,0.0,0.0,0.0,0.0,0.0,0.0,0.0,0.0
MOL_00058,Cc1nc(C)c(C)nc1C,0.0,0.0,0.0,0.0,0.0,0.0,0.0,0.0,0.0,0.0,0.0,0.0
MOL_00059,CC1=CC(O)CC(C)(C)C1,0.0,0.0,0.0,0.0,0.0,0.0,0.0,0.0,0.0,0.0,0.0,0.0
MOL_00060,Cc1cnc(C)c(C)n1,0.0,0.0,0.0,0.0,0.0,0.0,0.0,0.0,0.0,0.0,0.0,0.0
MOL_00061,CC(C)COC(=O)c1ccccc1,0.0,0.0,0.0,0.0,,0.0,0.0,0.0,0.0,0.0,0.0,0.0
MOL_00062,C=C(C)[C@@H]1CC=C(C)CC1,0.0,0.0,0.0,0.0,,0.0,0.0,0.0,0.0,0.0,0.0,0.0
MOL_00063,O=[N+]([O-])[O-].O=[N+]([O-])[O-].[Ca+2],0.0,0.0,0.0,0.0,0.0,0.0,0.0,0.0,0.0,0.0,0.0,0.0
MOL_00064,Nc1ccc(N)c([N+](=O)[O-])c1,0.0,0.0,1.0,0.0,,0.0,0.0,1.0,0.0,0.0,1.0,
MOL_00065,CC1COc2ccccc2N1,0.0,0.0,1.0,,0.0,0.0,0.0,0.0,0.0,0.0,,0.0
MOL_00066,O=C(O)c1cc(Cl)cc(Cl)c1O,0.0,0.0,0.0,0.0,0.0,0.0,0.0,0.0,0.0,0.0,,0.0
MOL_00067,CCCCCCCCCCCC(=O)NCCCN(C)C,0.0,,0.0,,,,,,0.0,,,
MOL_00068,CC(C)CCCCCOC(=O)CCS,0.0,0.0,0.0,0.0,0.0,0.0,0.0,0.0,0.0,0.0,0.0,0.0
MOL_00069,O=[N+]([O-])c1cc([As](=O)(O)O)ccc1O,0.0,0.0,0.0,0.0,0.0,0.0,0.0,0.0,0.0,0.0,0.0,0.0
MOL_00070,CCC(COC(=O)CCS)(COC(=O)CCS)COC(=O)CCS,0.0,0.0,0.0,0.0,0.0,0.0,0.0,0.0,0.0,0.0,0.0,1.0
MOL_00071,C=CCOc1c(Br)cc(Br)cc1Br,0.0,0.0,1.0,0.0,0.0,0.0,0.0,0.0,0.0,0.0,,0.0
MOL_00072,F[B-](F)(F)F.[H+],0.0,0.0,0.0,0.0,0.0,0.0,0.0,,0.0,0.0,0.0,0.0
MOL_00073,CC(C)[C@H]1CC[C@H](C)C[C@@H]1O,0.0,0.0,0.0,0.0,0.0,0.0,0.0,0.0,0.0,0.0,0.0,0.0
MOL_00074,C(=C/c1ccccc1)\c1ccccc1,0.0,0.0,1.0,,1.0,0.0,0.0,1.0,0.0,0.0,,0.0
MOL_00075,Cc1ccc2c(ccc3ccccc32)c1,0.0,0.0,,,,0.0,0.0,0.0,0.0,0.0,,0.0
MOL_00076,Cn1c(=O)c2c(ncn2CC2OCCO2)n(C)c1=O,0.0,0.0,0.0,0.0,0.0,0.0,0.0,0.0,0.0,0.0,0.0,0.0
MOL_00077,C[C@H]1O[C@@H](n2cc(F)c(=O)[nH]c2=O)[C@H](O)[C@@H]1O,0.0,0.0,0.0,0.0,1.0,1.0,0.0,,0.0,0.0,0.0,1.0
MOL_00078,CN1CCc2cccc3c2[C@H]1Cc1ccc(O)c(O)c1-3,0.0,0.0,1.0,,,0.0,0.0,1.0,0.0,,,0.0
MOL_00079,COC(=O)C1=CCCN(C)C1,0.0,0.0,0.0,0.0,0.0,0.0,0.0,0.0,0.0,0.0,0.0,0.0
MOL_00080,COc1ccc(C2C(=O)c3ccccc3C2=O)cc1,,,,,,,,0.0,,0.0,,
MOL_00081,Cc1ccc(C(=O)O)cc1[N+](=O)[O-],0.0,0.0,0.0,0.0,0.0,0.0,0.0,0.0,0.0,0.0,0.0,0.0
MOL_00082,Cc1cc(C(=O)O)ccc1[N+](=O)[O-],0.0,0.0,0.0,0.0,0.0,0.0,0.0,0.0,0.0,0.0,0.0,0.0
MOL_00083,CCCC(CCC)C(=O)O[C@@H]1C[C@@H]2CC[C@H](C1)[N+]2(C)C,0.0,0.0,0.0,0.0,0.0,0.0,0.0,,0.0,,0.0,0.0
MOL_00084,CCCCCC(C)O,0.0,0.0,0.0,0.0,0.0,0.0,0.0,0.0,0.0,0.0,0.0,0.0
MOL_00085,O=C([O-])c1ccccc1O,0.0,0.0,0.0,0.0,0.0,0.0,0.0,0.0,0.0,0.0,,0.0
MOL_00086,NC(=O)c1ccccc1,0.0,0.0,0.0,0.0,0.0,0.0,0.0,0.0,0.0,0.0,0.0,0.0
MOL_00087,CCN1CCc2nc(N)oc2CC1,,,,,,,,0.0,,0.0,,
MOL_00088,CC(C)(C)[C@]1(O)CCN2C[C@H]3c4ccccc4CCc4cccc(c43)[C@@H]2C1,0.0,0.0,0.0,,,0.0,0.0,,0.0,,,0.0
MOL_00089,O=C1C(N(CO)C(=O)NCO)N(CO)C(=O)N1CO,0.0,0.0,0.0,0.0,0.0,0.0,0.0,0.0,0.0,0.0,0.0,0.0
MOL_00090,O=c1[nH]c(=O)n([C@H]2C[C@H](O)[C@@H](CO)O2)cc1/C=C/Br,,0.0,0.0,0.0,0.0,0.0,0.0,,0.0,,0.0,0.0
MOL_00091,OCCN1CCN(CCCN2c3ccccc3C=Cc3ccccc32)CC1,0.0,0.0,0.0,0.0,0.0,0.0,,0.0,0.0,0.0,,0.0
MOL_00092,CC(C)NC[C@@H](O)COc1ccc(CC(N)=O)cc1,0.0,0.0,0.0,0.0,0.0,0.0,0.0,0.0,0.0,0.0,0.0,0.0
MOL_00093,CCNC(=O)N1CCN(CCCC(c2ccc(F)cc2)c2ccc(F)cc2)CC1,0.0,,0.0,,,0.0,,1.0,0.0,0.0,0.0,0.0
MOL_00094,Nc1ccc([N+](=O)[O-])cc1N,0.0,0.0,1.0,0.0,1.0,1.0,0.0,1.0,0.0,,1.0,0.0
MOL_00095,[I-].[K+],0.0,0.0,0.0,0.0,0.0,0.0,0.0,0.0,0.0,0.0,0.0,0.0
MOL_00096,O=C(C=Cc1ccc(O)c(O)c1)O[C@@H]1C[C@](O)(C(=O)O)C[C@@H](O)[C@H]1O,0.0,0.0,0.0,0.0,0.0,0.0,0.0,0.0,0.0,0.0,0.0,0.0
MOL_00097,Oc1nc(Cl)c(Cl)cc1Cl,0.0,,1.0,,0.0,0.0,,1.0,0.0,0.0,1.0,0.0
MOL_00098,C/C=C/C=C/C=O,0.0,0.0,0.0,0.0,0.0,0.0,0.0,1.0,0.0,0.0,0.0,0.0
MOL_00099,O=[N+]([O-])c1cc(C(F)(F)F)cc([N+](=O)[O-])c1Cl,1.0,,0.0,,,0.0,,1.0,0.0,0.0,,0.0
MOL_00100,C[Si](C)(C)N[Si](C)(C)C,0.0,0.0,0.0,0.0,0.0,1.0,0.0,0.0,0.0,0.0,0.0,0.0
MOL_00101,C=CC(=O)OCCCl,0.0,0.0,0.0,0.0,0.0,0.0,0.0,,0.0,0.0,0.0,0.0
MOL_00102,COCC(C)N(C(=O)CCl)c1c(C)csc1C,0.0,0.0,0.0,1.0,0.0,0.0,,1.0,0.0,0.0,,0.0
MOL_00103,CN(C)CCn1nnnc1SCC1=C(C(=O)O)N2C(=O)[C@@H](NC(=O)Cc3csc(N)n3)[C@H]2SC1,0.0,0.0,0.0,0.0,0.0,0.0,0.0,,0.0,0.0,0.0,0.0
MOL_00104,C/C(=N\NC(=O)Nc1cc(F)cc(F)c1)c1ncccc1C(=O)[O-],0.0,0.0,,0.0,0.0,0.0,0.0,0.0,0.0,0.0,0.0,0.0
MOL_00105,CC1COC(Cn2cncn2)(c2ccc(Oc3ccc(Cl)cc3)cc2Cl)O1,0.0,0.0,0.0,,,,,1.0,,0.0,,
MOL_00106,CCN(CC)CCOC(=O)C(Cc1cccc2ccccc12)CC1CCCO1,0.0,0.0,0.0,0.0,0.0,0.0,0.0,0.0,0.0,0.0,0.0,0.0
MOL_00107,CCN[C@H]1C[C@H](C)S(=O)(=O)c2sc(S(N)(=O)=O)cc21,0.0,0.0,0.0,0.0,0.0,0.0,0.0,0.0,0.0,0.0,0.0,0.0
MOL_00108,CCN[C@H]1CN(CCCOC)S(=O)(=O)c2sc(S(N)(=O)=O)cc21,0.0,0.0,0.0,0.0,0.0,0.0,0.0,0.0,0.0,0.0,0.0,0.0
MOL_00109,CC(C)N(CCC(C(N)=O)(c1ccccc1)c1ccccn1)C(C)C,0.0,0.0,0.0,0.0,0.0,0.0,0.0,0.0,0.0,0.0,0.0,0.0
MOL_00110,CC[C@H]1[C@@H]2C[C@H]3[C@@H]4N(C)c5ccccc5[C@]45C[C@@H](C2[C@H]5O)N3[C@@H]1O,0.0,0.0,0.0,0.0,0.0,0.0,0.0,,0.0,,,0.0
MOL_00111,CC1(C)O[C@@H]2C[C@H]3[C@@H]4C[C@H](F)C5=CC(=O)C=C[C@]5(C)[C@H]4[C@@H](O)C[C@]3(C)[C@]2(C(=O)CO)O1,1.0,0.0,0.0,,0.0,,0.0,0.0,,0.0,,0.0
MOL_00112,CSC(=O)c1c(C(F)F)nc(C(F)(F)F)c(C(=O)SC)c1CC(C)C,0.0,0.0,0.0,,0.0,0.0,0.0,0.0,0.0,0.0,,0.0
MOL_00113,O=C(O)/C=C(\CC(=O)O)C(=O)O,0.0,0.0,0.0,0.0,,0.0,0.0,0.0,0.0,0.0,0.0,0.0
MOL_00114,CCCCCCCCCCCCCCCC(=O)O[C@@H]1CC(C)=C(/C=C/C(C)=C/C=C/C(C)=C/C=C\C=C(C)\C=C\C=C(C)\C=C\C2=C(C)C[C@@H](OC(=O)CCCCCCCCCCCCCCC)CC2(C)C)C(C)(C)C1,0.0,0.0,0.0,0.0,0.0,0.0,0.0,,0.0,,0.0,0.0
MOL_00115,O=C(CO)[C@@H](O)[C@H](O)[C@@H](O)CO,,,,,,,,0.0,,0.0,,
MOL_00116,CC1=C(C(=O)Nc2ccccc2)S(=O)(=O)CCO1,0.0,0.0,0.0,,,0.0,,1.0,0.0,,,1.0
MOL_00117,CNCC(=O)c1ccc(O)c(O)c1,,,,,,,,0.0,,0.0,,
MOL_00118,CC(C)(C)C1CCC(=O)CC1,0.0,0.0,0.0,,0.0,0.0,0.0,0.0,0.0,1.0,0.0,0.0
MOL_00119,CN(C)[C@@H]1C(O)=C(C(=O)NCN2CCCC2)C(=O)[C@@]2(O)C(O)=C3C(=O)c4c(O)cccc4[C@@](C)(O)C3C[C@@H]12,0.0,0.0,0.0,0.0,0.0,0.0,0.0,0.0,0.0,0.0,0.0,0.0
MOL_00120,CN1CCN=C(c2ccccc2)c2cc(Cl)ccc21,0.0,0.0,,0.0,0.0,0.0,0.0,,0.0,,0.0,
MOL_00121,CN(C)CCc1c[nH]c2ccc(Cn3cncn3)cc12,0.0,0.0,0.0,0.0,0.0,0.0,0.0,,0.0,,0.0,0.0
MOL_00122,CCCCC(=O)[O-],0.0,0.0,0.0,0.0,0.0,0.0,0.0,,0.0,,0.0,0.0
MOL_00123,CCCCCCCCCCCCCC(=O)OC,0.0,0.0,0.0,0.0,0.0,0.0,0.0,0.0,0.0,0.0,0.0,0.0
MOL_00124,Nc1ccncc1N,,,,,,,,0.0,,0.0,,
MOL_00125,CCCCCCC(C)O,0.0,0.0,0.0,0.0,0.0,0.0,0.0,0.0,0.0,0.0,0.0,0.0
MOL_00126,CCC[Si](OC)(OC)OC,0.0,0.0,0.0,0.0,0.0,0.0,0.0,0.0,0.0,0.0,0.0,0.0
MOL_00127,CC1=C(CC=O)C(C)(C)CCC1,0.0,0.0,0.0,0.0,0.0,0.0,0.0,0.0,0.0,0.0,0.0,0.0
MOL_00128,NCCNCCNCCN,0.0,0.0,0.0,0.0,,0.0,0.0,0.0,0.0,0.0,0.0,0.0
MOL_00129,C[C@]12CC[C@H]3[C@@H](CC[C@@]45O[C@@H]4C(O)=C(C#N)C[C@]35C)[C@@H]1CC[C@@H]2O,1.0,1.0,0.0,,1.0,0.0,0.0,1.0,0.0,0.0,,1.0
MOL_00130,CCCC1COC(Cn2cncn2)(c2ccc(Cl)cc2Cl)O1,0.0,0.0,1.0,1.0,,0.0,0.0,1.0,0.0,0.0,0.0,0.0
MOL_00131,Cc1ccc(N)c(N)c1,0.0,0.0,1.0,0.0,1.0,1.0,0.0,1.0,1.0,1.0,,0.0
MOL_00132,CCCCCNCCCCC,0.0,0.0,0.0,0.0,0.0,0.0,0.0,0.0,0.0,0.0,0.0,0.0
MOL_00133,COCC(C)O,0.0,0.0,0.0,0.0,1.0,0.0,0.0,0.0,0.0,0.0,0.0,0.0
MOL_00134,c1ccc2c(c1)Oc1ccccc1S2,0.0,0.0,0.0,0.0,1.0,0.0,0.0,0.0,0.0,0.0,1.0,0.0
MOL_00135,CC1CN1,0.0,0.0,0.0,0.0,0.0,0.0,0.0,0.0,0.0,0.0,0.0,0.0
MOL_00136,CCc1cnc(C2=NC(C)(C(C)C)C(=O)N2)c(C(=O)O)c1,0.0,0.0,0.0,0.0,0.0,0.0,0.0,0.0,0.0,0.0,0.0,0.0
MOL_00137,NCC(=O)CCC(=O)O,,,,,,,,,,0.0,,
MOL_00138,Clc1ccc(C(Cn2ccnc2)OCc2c(Cl)cccc2Cl)c(Cl)c1,0.0,,,1.0,0.0,,0.0,,0.0,1.0,0.0,
MOL_00139,Clc1cnc(Oc2ccc(Oc3ncc(Cl)cc3Cl)cc2)c(Cl)c1,0.0,0.0,0.0,0.0,0.0,0.0,0.0,0.0,0.0,0.0,1.0,0.0
MOL_00140,COc1ccccc1OCCNCC(O)COc1cccc2[nH]c3ccccc3c12,0.0,0.0,1.0,0.0,,0.0,0.0,0.0,0.0,0.0,1.0,0.0
MOL_00141,ClCOCCl,0.0,0.0,0.0,0.0,1.0,0.0,0.0,0.0,0.0,0.0,0.0,0.0
MOL_00142,CC(O)CNCC(C)O,0.0,0.0,0.0,0.0,0.0,0.0,0.0,0.0,0.0,0.0,0.0,0.0
MOL_00143,C[C@H](CCC(=O)[O-])[C@H]1CC[C@H]2[C@H]3[C@H](C[C@H](O)[C@@]21C)[C@@]1(C)CC[C@@H](O)C[C@H]1C[C@H]3O,0.0,0.0,,0.0,0.0,0.0,0.0,0.0,0.0,0.0,0.0,0.0
MOL_00144,CC(=O)[C@H]1[C@H](C#N)C[C@H]2[C@@H]3CC=C4C[C@@H](O)CC[C@]4(C)[C@H]3CC[C@@]21C,0.0,0.0,0.0,,,0.0,0.0,1.0,0.0,0.0,0.0,0.0
MOL_00145,O=[N+]([O-])c1ccc([As](=O)(O)O)cc1,0.0,0.0,0.0,0.0,0.0,0.0,0.0,,0.0,0.0,0.0,0.0
MOL_00146,CCOC(=O)C1OC1c1ccccc1,0.0,0.0,0.0,0.0,0.0,0.0,0.0,,0.0,0.0,0.0,0.0
MOL_00147,ONc1ccccc1,0.0,0.0,1.0,,1.0,0.0,0.0,,0.0,0.0,,0.0
MOL_00148,O=CC(=O)c1ccccc1,0.0,0.0,0.0,0.0,0.0,0.0,0.0,0.0,0.0,,0.0,0.0
MOL_00149,[Cu]I,0.0,0.0,0.0,0.0,,0.0,0.0,,0.0,1.0,0.0,0.0
MOL_00150,CCCCC(CC)CCC(CC(C)C)OS(=O)(=O)[O-],0.0,0.0,0.0,0.0,0.0,0.0,0.0,0.0,0.0,0.0,0.0,0.0
MOL_00151,ClCc1ccc(Cl)cc1Cl,0.0,0.0,0.0,0.0,0.0,0.0,0.0,,0.0,0.0,,
MOL_00152,O=C(O)CCCCCCCCC(=O)O,0.0,0.0,0.0,0.0,0.0,0.0,0.0,0.0,0.0,0.0,0.0,0.0
MOL_00153,CCCCCCCC(=O)OC,0.0,0.0,0.0,0.0,0.0,0.0,0.0,0.0,0.0,0.0,0.0,0.0
MOL_00154,CC(O)COCC(C)O,0.0,0.0,0.0,0.0,0.0,0.0,0.0,0.0,0.0,0.0,0.0,0.0
MOL_00155,Cc1ccc(C(=O)C(=O)[O-])cc1C,,,,,,,,0.0,,0.0,,
MOL_00156,O=C([O-])COc1nn(Cc2ccccc2)c2ccccc12,0.0,,0.0,0.0,0.0,0.0,0.0,0.0,0.0,0.0,0.0,0.0
MOL_00157,Cc1ncc[nH]1,0.0,0.0,1.0,0.0,0.0,0.0,0.0,0.0,0.0,0.0,0.0,0.0
MOL_00158,COc1ccc2sc(C(=O)Nc3nnn[n-]3)c(OC(C)C)c2c1,0.0,,0.0,1.0,,0.0,1.0,,0.0,0.0,,
MOL_00159,Oc1ccc2c(c1)OC[C@@H](N1CCC(O)(c3ccc(F)cc3)CC1)[C@H]2O,0.0,0.0,1.0,,1.0,0.0,0.0,0.0,1.0,0.0,,0.0
MOL_00160,O=C(O)CCN(C1(C(=O)NO)CCCC1)S(=O)(=O)c1ccc(Oc2ccc(F)cc2)cc1,0.0,0.0,0.0,0.0,0.0,0.0,0.0,,0.0,0.0,,0.0
MOL_00161,O=C(NO)C1(NS(=O)(=O)c2ccc(Oc3ccc(F)cc3)cc2)CCOCC1,0.0,0.0,0.0,0.0,,0.0,0.0,,0.0,0.0,0.0,0.0
MOL_00162,Cc1nc(C)nc(N2C[C@H](C)N(c3ccnc([C@@H](C)O)n3)[C@H](C)C2)n1,0.0,0.0,0.0,,0.0,0.0,0.0,,0.0,0.0,0.0,0.0
MOL_00163,CC[C@H](C)[C@@H](C(=O)O)n1sc2ccccc2c1=O,0.0,0.0,0.0,0.0,0.0,0.0,0.0,1.0,0.0,0.0,,0.0
MOL_00164,Cc1cc(SC2=C(O)C[C@@](CCc3ccc(N)cc3)(C(C)C)OC2=O)c(C(C)(C)C)cc1CO,0.0,,0.0,0.0,0.0,0.0,,0.0,0.0,0.0,0.0,0.0
MOL_00165,CCn1nc(C)c2c1C(=O)NCC(c1ccc(O)cc1)=N2,0.0,0.0,,0.0,0.0,0.0,0.0,,0.0,0.0,0.0,0.0
MOL_00166,C[C@]12C[C@H](O)[C@H]3[C@@H](CCC4=CC(=O)CC[C@@]43C)[C@@H]1CC[C@]2(O)C(=O)COP(=O)([O-])[O-],1.0,1.0,0.0,,1.0,,0.0,,0.0,,0.0,0.0
MOL_00167,CN1C[C@H]2c3ccccc3Oc3ccc(Cl)cc3[C@@H]2C1,,,,,,,,0.0,,0.0,,
MOL_00168,CO[C@H]1C[C@H](O[C@@H]2[C@@H](C)C(=O)O[C@H](C)[C@H](C)[C@H](OC(C)=O)[C@@H](C)C(=O)[C@@]3(CO3)C[C@H](C)[C@H](O[C@@H]3O[C@H](C)C[C@H](N(C)C)[C@H]3OC(C)=O)[C@H]2C)O[C@@H](C)[C@@H]1OC(C)=O,0.0,0.0,0.0,0.0,0.0,0.0,0.0,,0.0,,0.0,0.0
MOL_00169,CO[Si](C)(C)OC,0.0,0.0,0.0,0.0,0.0,0.0,0.0,0.0,0.0,0.0,0.0,0.0
MOL_00170,CC(O)(c1ccc(Cl)cc1)c1ccc(Cl)cc1,0.0,0.0,0.0,,0.0,0.0,,,0.0,0.0,1.0,0.0
MOL_00171,CN(C)C(=O)Nc1ccc(Oc2ccc(Cl)cc2)cc1,0.0,0.0,1.0,1.0,,0.0,0.0,1.0,0.0,0.0,1.0,0.0
MOL_00172,CC(=O)c1ccccc1O,0.0,0.0,0.0,,0.0,0.0,0.0,0.0,0.0,0.0,0.0,0.0
MOL_00173,O=C(O)Cc1c(Cl)ccc(Cl)c1Cl,0.0,0.0,0.0,0.0,0.0,0.0,1.0,0.0,0.0,0.0,0.0,0.0
MOL_00174,O=C(O)c1cccc(Cl)n1,0.0,0.0,0.0,0.0,0.0,0.0,0.0,0.0,0.0,,0.0,0.0
MOL_00175,CCCCCCCCCC=O,0.0,0.0,0.0,0.0,,0.0,,0.0,0.0,0.0,0.0,0.0
MOL_00176,Cc1ccc(C(C)(C)C)cc1,0.0,0.0,0.0,0.0,0.0,0.0,0.0,0.0,0.0,0.0,0.0,0.0
MOL_00177,BrCBr,0.0,0.0,0.0,0.0,0.0,0.0,0.0,0.0,0.0,0.0,0.0,0.0
MOL_00178,Nc1cc(Cl)cc(Cl)c1,0.0,0.0,0.0,0.0,0.0,0.0,0.0,0.0,0.0,0.0,0.0,0.0
MOL_00179,CCCCCCCCCC(=O)O,0.0,0.0,0.0,0.0,0.0,0.0,0.0,0.0,0.0,0.0,,0.0
MOL_00180,CC(C)(C)c1cc([N+](=O)[O-])cc(C(C)(C)C)c1O,0.0,,0.0,,,,0.0,,,,1.0,
MOL_00181,O.O.O.O.O.O.O=[N+]([O-])[O-].O=[N+]([O-])[O-].[Mg+2],0.0,0.0,0.0,0.0,0.0,0.0,0.0,0.0,0.0,0.0,0.0,0.0
MOL_00182,CCCCCCCCCOS(=O)(=O)[O-],0.0,0.0,0.0,0.0,1.0,0.0,0.0,0.0,0.0,0.0,0.0,0.0
MOL_00183,O=Cc1ccc(C(=O)O)cc1,0.0,0.0,0.0,0.0,0.0,0.0,0.0,1.0,0.0,0.0,0.0,0.0
MOL_00184,CCC(Cl)CCl,0.0,0.0,0.0,0.0,0.0,0.0,0.0,0.0,0.0,0.0,0.0,0.0
MOL_00185,CC(C)(O)c1ccccc1,0.0,,0.0,,0.0,0.0,0.0,0.0,0.0,0.0,,0.0
MOL_00186,O=C1CCCN1,0.0,0.0,0.0,0.0,1.0,0.0,0.0,0.0,0.0,0.0,0.0,0.0
MOL_00187,ClCc1ccccc1Cl,0.0,,0.0,0.0,0.0,0.0,0.0,0.0,0.0,0.0,,0.0
MOL_00188,Cc1ccc([N+](=O)[O-])c([N+](=O)[O-])c1,0.0,0.0,,0.0,0.0,0.0,0.0,1.0,0.0,0.0,,0.0
MOL_00189,N#CC1(N=NC2(C#N)CCCCC2)CCCCC1,0.0,0.0,0.0,0.0,0.0,0.0,0.0,0.0,0.0,0.0,0.0,0.0
MOL_00190,C=CC(=O)OCCOC(=O)C=C,0.0,,0.0,0.0,1.0,1.0,1.0,1.0,1.0,,0.0,
MOL_00191,CCCC[P+](CCCC)(CCCC)CCCC,0.0,0.0,0.0,0.0,0.0,0.0,0.0,0.0,0.0,0.0,0.0,
MOL_00192,N#CCc1cccc(C(F)(F)F)c1,0.0,0.0,0.0,0.0,0.0,0.0,0.0,0.0,0.0,,0.0,0.0
MOL_00193,COc1cccc(Br)c1,0.0,0.0,0.0,0.0,0.0,0.0,0.0,0.0,0.0,0.0,0.0,0.0
MOL_00194,CCCCCCCCNC,0.0,0.0,0.0,0.0,0.0,0.0,0.0,0.0,0.0,0.0,0.0,0.0
MOL_00195,CCC1OCC(COc2ccc(Oc3ccccc3)cc2)O1,0.0,,1.0,,1.0,0.0,0.0,,0.0,,,0.0
MOL_00196,CC1=C(C(=O)Nc2ccccc2)SCCO1,0.0,0.0,1.0,,1.0,0.0,0.0,0.0,1.0,0.0,0.0,0.0
MOL_00197,CCCCN(CCCC)SN(C)C(=O)Oc1cccc2c1OC(C)(C)C2,0.0,0.0,1.0,,1.0,0.0,,0.0,0.0,1.0,,0.0
MOL_00198,Cc1cc(OC(=O)N(C)C)nn1C(=O)N(C)C,0.0,0.0,0.0,0.0,0.0,0.0,0.0,0.0,0.0,0.0,0.0,0.0
MOL_00199,Cc1ccc2c(Br)cc(Br)c(O)c2n1,0.0,0.0,1.0,0.0,,0.0,,,1.0,1.0,1.0,
MOL_00200,O=c1c(O)c(-c2ccc(O)cc2)oc2cc(O)cc(O)c12,0.0,0.0,1.0,1.0,1.0,1.0,,0.0,0.0,0.0,1.0,0.0
MOL_00201,CC(O)COc1ccccc1,0.0,0.0,0.0,0.0,0.0,0.0,0.0,0.0,0.0,0.0,0.0,0.0
MOL_00202,O=P1(NCCCl)OCCCN1CCCl,0.0,0.0,0.0,0.0,0.0,0.0,0.0,0.0,0.0,0.0,0.0,0.0
MOL_00203,C=CC(=C)C,,,,,,0.0,0.0,0.0,0.0,0.0,0.0,0.0
MOL_00204,CC(C)O,0.0,,0.0,,0.0,0.0,0.0,0.0,0.0,,0.0,0.0
MOL_00205,CC(C)OC(=O)Nc1cccc(Cl)c1,0.0,0.0,,,0.0,0.0,0.0,0.0,1.0,0.0,,0.0
MOL_00206,CC(C)OC(=O)Nc1ccccc1,0.0,0.0,0.0,,1.0,0.0,0.0,0.0,0.0,0.0,0.0,0.0
MOL_00207,CC=Cc1ccc2c(c1)OCO2,0.0,0.0,0.0,0.0,0.0,0.0,0.0,0.0,0.0,0.0,0.0,0.0
MOL_00208,CCCC(CCC)C(=O)[O-],0.0,0.0,0.0,,0.0,0.0,0.0,0.0,0.0,0.0,0.0,0.0
MOL_00209,CC1COc2c(N3CCN(C)CC3)c(F)cc3c(=O)c(C(=O)O)cn1c23,0.0,0.0,0.0,0.0,0.0,0.0,0.0,0.0,0.0,0.0,0.0,0.0
MOL_00210,CC(=O)Oc1cc(C)c(OC(C)=O)c2ccccc12,0.0,0.0,1.0,,,0.0,,,0.0,,,1.0
MOL_00211,CCN(Cc1ccc(Cl)nc1)/C(=C/[N+](=O)[O-])NC,0.0,0.0,0.0,0.0,0.0,0.0,0.0,0.0,0.0,0.0,0.0,0.0
MOL_00212,CC1CCC(C(C)C)C(OC(=O)c2ccccc2N)C1,0.0,0.0,0.0,0.0,1.0,1.0,0.0,0.0,0.0,,1.0,
MOL_00213,O=C(c1ccccc1)c1cc(Cl)ccc1O,0.0,0.0,,1.0,,,0.0,,0.0,0.0,1.0,0.0
MOL_00214,OC[C@]1(O)OC[C@@H](O)[C@H](O)[C@@H]1O,0.0,0.0,0.0,0.0,0.0,0.0,0.0,0.0,0.0,0.0,0.0,0.0
MOL_00215,Cc1ccc(C=C2C(=O)C3CCC2C3(C)C)cc1,0.0,0.0,0.0,0.0,0.0,,0.0,0.0,0.0,0.0,1.0,0.0
MOL_00216,CC(C)C[P+](C)(CC(C)C)CC(C)C,0.0,0.0,0.0,0.0,0.0,0.0,0.0,0.0,0.0,0.0,0.0,0.0
MOL_00217,C=C1C[C@]23CC[C@@H]4[C@](C)(C(=O)O[C@@H]5O[C@H](CO)[C@@H](O)[C@H](O)[C@H]5O)CCC[C@]4(C)[C@@H]2C[C@@H](O[C@@H]2O[C@H](CO)[C@@H](O)[C@H](O[C@@H]4O[C@H](CO)[C@@H](O)[C@H](O)[C@H]4O)[C@H]2OC2O[C@H](CO)[C@@H](O)[C@H](O)[C@H]2O)[C@@H]1C3,0.0,0.0,0.0,0.0,0.0,0.0,0.0,0.0,0.0,0.0,0.0,0.0
MOL_00218,CCCCCCCC[P+](CCCCCCCC)(CCCCCCCC)CCCCCCCC,0.0,,,1.0,,,,,,,1.0,
MOL_00219,CCCCC(CC)COC(=O)c1ccc(C(=O)OCC(CC)CCCC)c(C(=O)OCC(CC)CCCC)c1,0.0,0.0,0.0,0.0,1.0,0.0,0.0,0.0,0.0,0.0,0.0,0.0
MOL_00220,O=c1n(CCO)c(=O)n(CCO)c(=O)n1CCO,0.0,0.0,0.0,0.0,0.0,0.0,0.0,0.0,0.0,1.0,0.0,0.0
MOL_00221,Cc1cc(C)cc(OP(=O)(Oc2cc(C)cc(C)c2)Oc2cc(C)cc(C)c2)c1,0.0,0.0,1.0,0.0,0.0,0.0,0.0,,0.0,0.0,,0.0
MOL_00222,O=P(OC(CCl)CCl)(OC(CCl)CCl)OC(CCl)CCl,0.0,0.0,0.0,1.0,0.0,0.0,0.0,0.0,0.0,0.0,,0.0
MOL_00223,O=c1n(CC2CO2)c(=O)n(CC2CO2)c(=O)n1CC1CO1,0.0,0.0,0.0,,0.0,0.0,0.0,1.0,1.0,1.0,0.0,1.0
MOL_00224,Cc1cc(-c2ccc(N=Nc3c(S(=O)(=O)[O-])cc4cc(S(=O)(=O)[O-])cc(N)c4c3O)c(C)c2)ccc1N=Nc1c(S(=O)(=O)[O-])cc2cc(S(=O)(=O)[O-])cc(N)c2c1O,0.0,0.0,,,,0.0,0.0,,,,,0.0
MOL_00225,O=C(O)c1ccc(O)cc1O,0.0,0.0,0.0,0.0,0.0,0.0,0.0,0.0,0.0,0.0,0.0,0.0
MOL_00226,O=C1c2c(O)ccc([N+](=O)[O-])c2C(=O)c2c([N+](=O)[O-])ccc(O)c21,0.0,,,,,,,1.0,,,1.0,
MOL_00227,CC1=CC(C)(C)Nc2ccccc21,0.0,0.0,0.0,0.0,0.0,0.0,0.0,0.0,0.0,0.0,1.0,0.0
MOL_00228,Cc1cc(=O)oc2cc(O)cc(O)c12,0.0,0.0,1.0,0.0,,0.0,,,0.0,,1.0,
MOL_00229,CC(C)CNCC(C)C,0.0,0.0,0.0,0.0,0.0,0.0,0.0,0.0,0.0,0.0,0.0,0.0
MOL_00230,CNC1(c2ccccc2Cl)CCCCC1=O,0.0,0.0,0.0,0.0,0.0,0.0,0.0,,0.0,,0.0,0.0
MOL_00231,Cc1ccccc1OCC(O)CNCCOc1ccc(C(N)=O)cc1,0.0,0.0,0.0,0.0,0.0,0.0,0.0,,0.0,,0.0,0.0
MOL_00232,O=c1oc2cc(O)ccc2c2oc3cc(O)ccc3c12,0.0,0.0,1.0,,1.0,,,,1.0,,1.0,0.0
MOL_00233,COc1ccc(-c2coc3cc(O)cc(O)c3c2=O)cc1,0.0,,1.0,,1.0,1.0,,1.0,1.0,0.0,,
MOL_00234,O=c1cc(-c2ccccc2)oc2cc(O)cc(O)c12,0.0,0.0,1.0,,1.0,1.0,1.0,1.0,0.0,,1.0,
MOL_00235,O=c1cc(-c2ccc(O)cc2)oc2cc(O)cc(O)c12,0.0,0.0,1.0,,1.0,1.0,,1.0,1.0,0.0,1.0,1.0
MOL_00236,O=C(CCc1ccc(O)cc1)c1c(O)cc(O)cc1O,,,,,1.0,1.0,,1.0,0.0,0.0,1.0,
MOL_00237,CCC(=O)N(c1ccccc1)C1CCN(CCc2ccccc2)CC1,1.0,1.0,0.0,0.0,0.0,0.0,0.0,,0.0,,0.0,0.0
MOL_00238,O=C(O)CCC(=O)c1ccc(-c2ccccc2)cc1,0.0,,,,0.0,0.0,0.0,0.0,0.0,0.0,,0.0
MOL_00239,CCOC(=O)C1=C(C)NC(C)=C(C(=O)OC)C1c1cccc(Cl)c1Cl,0.0,,,,0.0,,0.0,1.0,0.0,,,
MOL_00240,NC(=O)OCC(COC(N)=O)c1ccccc1,0.0,0.0,0.0,0.0,0.0,0.0,0.0,0.0,0.0,0.0,0.0,0.0
MOL_00241,CCNC(C)Cc1cccc(C(F)(F)F)c1,0.0,0.0,0.0,0.0,0.0,0.0,0.0,,0.0,,,0.0
MOL_00242,COC(=O)c1ccc(C)cc1C1=NC(=O)C(C)(C(C)C)N1,0.0,0.0,0.0,0.0,0.0,0.0,0.0,0.0,0.0,0.0,0.0,0.0
MOL_00243,CCOP(=S)(NC(C)C)Oc1ccccc1C(=O)OC(C)C,0.0,0.0,1.0,1.0,0.0,0.0,0.0,,0.0,0.0,,0.0
MOL_00244,CSc1nc(NC2CC2)nc(NC(C)(C)C)n1,0.0,0.0,1.0,,0.0,0.0,0.0,,0.0,,1.0,0.0
MOL_00245,C[C@]12CC[C@H]3[C@@H](CCC4=CC(=O)CC[C@@]43C)[C@@H]1CC[C@@H]2C(=O)CO,1.0,1.0,0.0,,1.0,0.0,0.0,,0.0,0.0,0.0,0.0
MOL_00246,CN(C)[C@@H]1C(O)=C(C(N)=O)C(=O)[C@@]2(O)C(O)=C3C(=O)c4c(O)ccc(Cl)c4[C@@H](O)[C@H]3C[C@@H]12,,,,,,,,0.0,,0.0,,
MOL_00247,CCC1(C)CC(=O)NC(=O)C1,0.0,0.0,0.0,0.0,0.0,0.0,0.0,,0.0,,0.0,0.0
MOL_00248,O=C1NCN(c2ccccc2)C12CCN(CCCOc1ccc(F)cc1)CC2,0.0,0.0,0.0,,,0.0,0.0,1.0,0.0,0.0,1.0,0.0
MOL_00249,NC(=S)NNC(N)=S,0.0,0.0,0.0,0.0,0.0,0.0,0.0,0.0,0.0,0.0,0.0,0.0
MOL_00250,NC(=S)C(N)=S,0.0,0.0,0.0,0.0,0.0,0.0,0.0,,0.0,0.0,0.0,0.0
MOL_00251,CC1CN1P(=O)(N1CC1C)N1CC1C,0.0,0.0,0.0,0.0,0.0,0.0,,0.0,0.0,0.0,0.0,0.0
MOL_00252,O=C(Oc1ccccc1)Oc1ccccc1,0.0,0.0,0.0,0.0,0.0,0.0,0.0,0.0,0.0,0.0,0.0,0.0
MOL_00253,C[Hg]Cl,0.0,0.0,0.0,,0.0,,1.0,,1.0,1.0,,1.0
MOL_00254,S=c1[nH]cnc2[nH]cnc12,0.0,0.0,1.0,,0.0,0.0,,1.0,0.0,0.0,0.0,1.0
MOL_00255,[Hg+2],0.0,1.0,1.0,,,1.0,1.0,,,1.0,,1.0
MOL_00256,CCCCCCCCCCCCNC(=N)N,0.0,0.0,0.0,0.0,0.0,0.0,0.0,,0.0,0.0,,0.0
MOL_00257,CN(C)CCN(Cc1cccs1)c1ccccn1,0.0,0.0,0.0,0.0,0.0,0.0,0.0,0.0,0.0,0.0,0.0,0.0
MOL_00258,COc1nn(CSP(=S)(OC)OC)c(=O)s1,0.0,0.0,0.0,0.0,0.0,0.0,0.0,0.0,0.0,,0.0,0.0
MOL_00259,NC1=NCC2c3ccccc3Cc3ccccc3N12,0.0,0.0,0.0,0.0,0.0,0.0,0.0,0.0,0.0,0.0,0.0,
MOL_00260,CC(=O)[C@H]1CC[C@H]2[C@@H]3CC[C@H]4C[C@](C)(O)CC[C@]4(C)[C@H]3CC[C@]12C,0.0,0.0,0.0,0.0,0.0,0.0,0.0,0.0,0.0,0.0,0.0,0.0
MOL_00261,O=C([O-])CCC/C=C\C[C@H]1[C@@H](O)C[C@@H](O)[C@@H]1/C=C/[C@@H](O)COc1cccc(Cl)c1,0.0,0.0,0.0,0.0,0.0,0.0,0.0,,0.0,,,0.0
MOL_00262,O=C(O)Cc1ccc(CCNS(=O)(=O)c2ccc(Cl)cc2)cc1,0.0,0.0,0.0,0.0,0.0,0.0,1.0,0.0,0.0,0.0,0.0,0.0
MOL_00263,NC(=O)c1cn(Cc2c(F)cccc2F)nn1,0.0,0.0,0.0,0.0,0.0,0.0,0.0,0.0,0.0,0.0,0.0,0.0
MOL_00264,COc1ccc(C=CC(=O)OCCC(C)C)cc1,0.0,0.0,,,,0.0,0.0,,,,0.0,0.0
MOL_00265,O=C(NC1CCN(CCc2c[nH]c3ccccc23)CC1)c1ccccc1,0.0,0.0,,0.0,0.0,0.0,0.0,0.0,0.0,0.0,0.0,0.0
MOL_00266,CCn1cc[n+](C)c1C.O=S(=O)([O-])C(F)(F)F,0.0,0.0,0.0,0.0,1.0,0.0,0.0,0.0,0.0,0.0,0.0,0.0
MOL_00267,Clc1ccc2cc3ccccc3cc2c1,0.0,,1.0,,,,,0.0,0.0,,,1.0
MOL_00268,CCCCn1cc[n+](C)c1.F[B-](F)(F)F,0.0,0.0,0.0,0.0,0.0,0.0,0.0,1.0,0.0,0.0,0.0,0.0
MOL_00269,F/C(COc1ccc2c(c1)[nH]c1ccccc12)=C1/CN2CCC1CC2,0.0,0.0,1.0,,0.0,0.0,,,0.0,,,0.0
MOL_00270,CC(C)Cc1ccc([C@@H](C)C(=O)NS(C)(=O)=O)cc1,0.0,0.0,0.0,0.0,0.0,0.0,0.0,,0.0,,0.0,0.0
MOL_00271,CCCCN(CCCC)C(=S)SSC(=S)N(CCCC)CCCC,0.0,0.0,0.0,,0.0,0.0,,,0.0,1.0,,0.0
MOL_00272,CCC[n+]1ccn(C)c1C.O=S(=O)([N-]S(=O)(=O)C(F)(F)F)C(F)(F)F,0.0,0.0,0.0,0.0,0.0,0.0,0.0,0.0,0.0,0.0,,0.0
MOL_00273,Brc1c2ccccc2cc2ccccc12,0.0,,0.0,,1.0,,1.0,,0.0,,,1.0
MOL_00274,CCO/C=C1\N=C(c2ccccc2)OC1=O,0.0,0.0,,0.0,0.0,0.0,0.0,0.0,0.0,0.0,0.0,0.0
MOL_00275,CNc1cc(OC)c(C(=O)N[C@H]2CCN(Cc3ccccc3)[C@H]2C)cc1Cl,0.0,0.0,0.0,0.0,0.0,0.0,0.0,,0.0,,0.0,0.0
MOL_00276,CCN1CCCC1CNC(=O)c1cc(S(=O)(=O)CC)c(N)cc1OC,0.0,0.0,0.0,0.0,0.0,0.0,0.0,0.0,0.0,0.0,0.0,0.0
MOL_00277,COc1cc2c(cc1OC)C1CC(=O)C(CC(C)C)CN1CC2,0.0,0.0,0.0,0.0,0.0,0.0,0.0,0.0,0.0,0.0,,0.0
MOL_00278,Cc1cc(C)cc(C(=O)OC2C[C@@H]3CC[C@H](C2)N3C)c1,0.0,0.0,0.0,0.0,0.0,0.0,0.0,,0.0,,0.0,0.0
MOL_00279,CC[N+]1(C)CCCC1.O=S(=O)([O-])C(F)(F)F,0.0,0.0,0.0,0.0,0.0,0.0,0.0,0.0,0.0,0.0,0.0,0.0
MOL_00280,COP(=O)(OC)SCn1c(=O)oc2cc(Cl)cnc21,0.0,0.0,1.0,,0.0,0.0,0.0,1.0,0.0,0.0,,
MOL_00281,CNC(=O)/C=C(\C)OP(=O)(OC)OC,0.0,0.0,0.0,0.0,0.0,0.0,0.0,0.0,0.0,0.0,0.0,0.0
MOL_00282,Cc1occc1SSc1ccoc1C,0.0,,0.0,,0.0,0.0,0.0,,0.0,1.0,0.0,1.0
MOL_00283,Cc1cc(C(F)(C(F)(F)F)C(F)(F)F)ccc1NC(=O)c1cccc(I)c1C(=O)NC(C)(C)CS(C)(=O)=O,0.0,0.0,0.0,0.0,,0.0,,,0.0,1.0,1.0,0.0
MOL_00284,CC=CC(=O)CC,0.0,0.0,0.0,0.0,0.0,0.0,0.0,0.0,0.0,0.0,0.0,0.0
MOL_00285,CC1OCCC1=O,0.0,0.0,0.0,0.0,0.0,0.0,0.0,0.0,0.0,0.0,0.0,0.0
MOL_00286,CC1CCCC(=O)C1=O,0.0,0.0,0.0,0.0,0.0,0.0,0.0,0.0,0.0,0.0,0.0,0.0
MOL_00287,CC1=C(O)C(=O)OC1C,0.0,0.0,0.0,0.0,0.0,0.0,0.0,,0.0,0.0,0.0,0.0
MOL_00288,CCCCCc1ccco1,0.0,0.0,0.0,,0.0,0.0,,,0.0,,1.0,
MOL_00289,c1cnc2c(n1)CCCC2,0.0,0.0,0.0,0.0,0.0,0.0,0.0,0.0,0.0,0.0,0.0,0.0
MOL_00290,CCCCc1ccc2cccc(S(=O)(=O)[O-])c2c1,0.0,0.0,0.0,0.0,0.0,0.0,0.0,0.0,0.0,0.0,0.0,0.0
MOL_00291,Cc1cc(S(=O)(=O)[O-])ccc1/N=N/c1c(O)ccc2ccccc12,0.0,0.0,1.0,,0.0,0.0,0.0,,0.0,0.0,,0.0
MOL_00292,Cc1ccc(N=Nc2c(O)ccc(N=Nc3ccc(S(=O)(=O)[O-])cc3)c2O)c(C)c1,0.0,0.0,1.0,0.0,0.0,0.0,0.0,0.0,0.0,0.0,,0.0
MOL_00293,Nc1cnn([C@@H]2O[C@H](CO)[C@@H](O)[C@H]2O)c(=O)n1,0.0,0.0,0.0,0.0,0.0,0.0,,0.0,0.0,0.0,,1.0
MOL_00294,CCNc1nc(Cl)nc(NC(C)(C)C)n1,0.0,0.0,,,1.0,1.0,0.0,0.0,0.0,0.0,,0.0
MOL_00295,NS(=O)(=O)c1cc2c(cc1Cl)N=CNS2(=O)=O,0.0,0.0,0.0,0.0,0.0,0.0,0.0,0.0,0.0,0.0,0.0,0.0
MOL_00296,Oc1c(Cl)cc(Cl)c2cccnc12,0.0,,1.0,,,,0.0,,1.0,1.0,1.0,1.0
MOL_00297,NC(=O)OCC(O)COc1ccc(Cl)cc1,0.0,0.0,,0.0,0.0,0.0,0.0,,0.0,,0.0,0.0
MOL_00298,CN(C)CCCN1c2ccccc2Sc2ccc(Cl)cc21,0.0,0.0,0.0,0.0,,0.0,,,0.0,0.0,,1.0
MOL_00299,CCCCCCCCCCCCCCn1cc[n+](C)c1,0.0,,0.0,1.0,,,,1.0,0.0,,1.0,
MOL_00300,O=[Cr](=O)([O-])O[Cr](=O)(=O)[O-],0.0,,0.0,,0.0,0.0,,1.0,0.0,0.0,,1.0
MOL_00301,O=P(Cl)(Cl)Cl,0.0,0.0,0.0,0.0,0.0,0.0,0.0,0.0,0.0,0.0,0.0,0.0
MOL_00302,CCN(Cc1cccc(S(=O)(=O)[O-])c1)c1ccc(C(=C2C=CC(=[N+](CC)Cc3cccc(S(=O)(=O)[O-])c3)C=C2)c2ccccc2)cc1,0.0,0.0,0.0,0.0,0.0,0.0,,1.0,0.0,0.0,0.0,0.0
MOL_00303,CC(C)COC(=O)COc1cc(Cl)c(Cl)cc1Cl,0.0,0.0,0.0,0.0,0.0,0.0,0.0,,0.0,0.0,,0.0
MOL_00304,O=C(OC[C@H]1O[C@@H](OC(=O)c2cc(O)c(O)c(OC(=O)c3cc(O)c(O)c(O)c3)c2)[C@H](OC(=O)c2cc(O)c(O)c(OC(=O)c3cc(O)c(O)c(O)c3)c2)[C@@H](OC(=O)c2cc(O)c(O)c(OC(=O)c3cc(O)c(O)c(O)c3)c2)[C@@H]1OC(=O)c1cc(O)c(O)c(OC(=O)c2cc(O)c(O)c(O)c2)c1)c1cc(O)c(O)c(OC(=O)c2cc(O)c(O)c(O)c2)c1,1.0,0.0,1.0,,0.0,0.0,,1.0,1.0,,1.0,1.0
MOL_00305,CN(C)CCOC(c1ccccc1)c1ccccc1,0.0,0.0,0.0,0.0,0.0,1.0,0.0,0.0,0.0,0.0,0.0,0.0
MOL_00306,COC(=O)c1ccc(C)cc1,0.0,0.0,0.0,0.0,0.0,0.0,0.0,0.0,0.0,0.0,0.0,0.0
MOL_00307,CN(C)CCCN1c2ccccc2C(C)(C)c2ccccc21,0.0,0.0,0.0,0.0,0.0,0.0,,,0.0,,,0.0
MOL_00308,COc1ccc([C@@H]2Sc3ccccc3N(CCN(C)C)C(=O)[C@@H]2OC(C)=O)cc1,0.0,0.0,0.0,0.0,0.0,,0.0,0.0,0.0,0.0,0.0,
MOL_00309,CC(=O)C=Cc1ccccc1,0.0,0.0,0.0,0.0,1.0,0.0,0.0,0.0,0.0,0.0,0.0,0.0
MOL_00310,Cc1c[nH]c(=S)[nH]c1=O,0.0,0.0,0.0,0.0,0.0,0.0,0.0,0.0,0.0,0.0,0.0,0.0
MOL_00311,COc1ccc2cc1Oc1cc3c(cc1OC)CC[N+](C)(C)[C@H]3Cc1ccc(cc1)Oc1c(OC)c(OC)cc3c1[C@@H](C2)[N+](C)(C)CC3,0.0,0.0,0.0,0.0,0.0,0.0,0.0,0.0,0.0,0.0,0.0,0.0
MOL_00312,CCCCC[C@H](O)/C=C/[C@H]1[C@H](O)CC(=O)[C@@H]1C/C=C\CCCC(=O)O,0.0,,0.0,0.0,,,0.0,0.0,0.0,0.0,0.0,0.0
MOL_00313,CCCCC[C@H](O)/C=C/[C@H]1[C@H](O)C[C@H](O)[C@@H]1C/C=C\CCCC(=O)O,0.0,0.0,0.0,0.0,1.0,,0.0,,0.0,,0.0,0.0
MOL_00314,CC12CCC(CC1)C(C)(C)O2,0.0,0.0,1.0,0.0,0.0,0.0,0.0,0.0,0.0,0.0,0.0,0.0
MOL_00315,C=COCC1CCC(CO)CC1,0.0,0.0,0.0,0.0,0.0,0.0,0.0,0.0,0.0,0.0,0.0,0.0
MOL_00316,CC(=O)/C=C/C1=C(C)CCCC1(C)C,0.0,0.0,0.0,0.0,0.0,0.0,0.0,0.0,0.0,0.0,0.0,0.0
MOL_00317,CC(=O)NC1CCSC1=O,0.0,0.0,0.0,0.0,0.0,0.0,0.0,0.0,0.0,0.0,0.0,0.0
MOL_00318,CC(C)(C)CC(C)(C)c1ccc(O)c(Cc2ccc(Cl)cc2Cl)c1,0.0,,0.0,0.0,,,,0.0,0.0,,1.0,
MOL_00319,CC1COc2ccccc2N1C(=O)C(Cl)Cl,0.0,0.0,1.0,,0.0,,,1.0,1.0,0.0,0.0,1.0
MOL_00320,CC(N)CN,0.0,0.0,0.0,,0.0,0.0,0.0,0.0,0.0,0.0,0.0,0.0
MOL_00321,CCC(C)O,0.0,0.0,0.0,0.0,,0.0,0.0,0.0,0.0,0.0,0.0,0.0
MOL_00322,CCCCC(CC)CNC(=N)NC(=N)NCCCCCCNC(=N)NC(=N)NCC(CC)CCCC,0.0,,,,,,,,,,,
MOL_00323,CC(O)CN,0.0,0.0,0.0,0.0,0.0,0.0,0.0,0.0,0.0,0.0,0.0,0.0
MOL_00324,CO/N=C(\C(=O)N[C@@H]1C(=O)N2C(C(=O)[O-])=C(CSc3nc(=O)c([O-])nn3C)CS[C@H]12)c1csc(N)n1,0.0,0.0,,0.0,,0.0,0.0,0.0,0.0,0.0,0.0,0.0
MOL_00325,O=c1oc2cc(O)ccc2s1,0.0,0.0,0.0,0.0,0.0,0.0,0.0,,0.0,,0.0,0.0
MOL_00326,C=CCc1ccc(O)c(OC)c1,0.0,0.0,0.0,0.0,0.0,0.0,0.0,0.0,0.0,0.0,0.0,0.0
MOL_00327,COC(=O)[C@@H](N)CCCN/C(N)=N/[N+](=O)[O-],0.0,0.0,0.0,0.0,0.0,0.0,0.0,0.0,0.0,0.0,0.0,0.0
MOL_00328,CC1(S(=O)(=O)[O-])CC(=O)c2ccccc2C1=O,0.0,0.0,1.0,,,,,,0.0,,,1.0
MOL_00329,Cc1nnc2n1-c1sc(CCC(=O)N3CCOCC3)cc1C(c1ccccc1Cl)=NC2,0.0,0.0,0.0,0.0,0.0,0.0,0.0,0.0,0.0,0.0,,0.0
MOL_00330,C[C@H](N[C@H](CCc1ccccc1)C(=O)O)C(=O)N1CCC[C@H]1C(=O)O,0.0,0.0,0.0,0.0,0.0,0.0,0.0,0.0,0.0,0.0,0.0,0.0
MOL_00331,CCC(C)[C@H]1O[C@]2(C=C[C@@H]1C)C[C@@H]1C[C@@H](CC=C(C)[C@@H](O[C@H]3C[C@H](OC)[C@@H](O[C@H]4C[C@H](OC)[C@H](NC(C)=O)[C@H](C)O4)[C@H](C)O3)[C@@H](C)C=CC=C3CO[C@@H]4[C@H](O)C(C)=C[C@@H](C(=O)O1)[C@]34O)O2,0.0,0.0,0.0,,,0.0,,,0.0,,1.0,
MOL_00332,COc1c(Br)cc(Br)c(C)c1Br,0.0,0.0,0.0,0.0,0.0,0.0,0.0,0.0,0.0,0.0,,0.0
MOL_00333,C=C[C@H]1CN2CC[C@H]1C[C@H]2[C@H](O)c1ccnc2ccc(OC)cc12.C=C[C@H]1CN2CC[C@H]1C[C@H]2[C@H](O)c1ccnc2ccc(OC)cc12,1.0,0.0,1.0,,1.0,0.0,0.0,,0.0,,0.0,0.0
MOL_00334,CN(C)CCc1c[nH]c2ccc(CS(=O)(=O)N3CCCC3)cc12,0.0,0.0,0.0,0.0,0.0,0.0,0.0,0.0,0.0,0.0,0.0,0.0
MOL_00335,O=C1/C(=C2\Nc3ccc(S(=O)(=O)O)cc3C2=O)Nc2ccc(S(=O)(=O)O)cc21,0.0,0.0,0.0,0.0,1.0,0.0,0.0,,0.0,,0.0,0.0
MOL_00336,CC(=O)O[Cr](O)OC(C)=O.CC(=O)O[Cr](O)OC(C)=O.CC(=O)O[Cr](OC(C)=O)OC(C)=O,0.0,0.0,0.0,0.0,0.0,0.0,0.0,,0.0,0.0,0.0,0.0
MOL_00337,CO[C@H]1CC(O[C@H]2C[C@H]([C@H]3O[C@](C)(O)[C@H](C)C[C@@H]3C)O[C@H]2[C@]2(C)CC[C@H]([C@]3(C)CC[C@]4(C[C@H](O)[C@@H](C)[C@@H]([C@@H](C)[C@@H]5O[C@](O)(CC(=O)[O-])[C@@H](C)[C@H](OC)[C@H]5OC)O4)O3)O2)O[C@@H](C)[C@@H]1OC,0.0,0.0,0.0,0.0,,0.0,0.0,,0.0,0.0,,1.0
MOL_00338,C=CC(=O)OCCn1c(=O)n(CCOC(=O)C=C)c(=O)n(CCOC(=O)C=C)c1=O,0.0,1.0,0.0,,,1.0,1.0,,1.0,,0.0,
MOL_00339,C=C(C)C(=O)OCCNC(C)(C)C,0.0,0.0,0.0,0.0,0.0,0.0,0.0,0.0,0.0,0.0,0.0,0.0
MOL_00340,NS(=O)(=O)c1ccccc1OC(F)(F)F,0.0,0.0,0.0,0.0,0.0,0.0,0.0,0.0,0.0,0.0,0.0,0.0
MOL_00341,O=C=NCC1CCCC(CN=C=O)C1,0.0,0.0,0.0,0.0,0.0,0.0,0.0,0.0,0.0,0.0,0.0,0.0
MOL_00342,C=C[C@H]1CN2CCC1C[C@@H]2[C@@H](O)c1ccnc2ccccc12,0.0,0.0,,,0.0,0.0,0.0,,0.0,,,0.0
MOL_00343,Cc1cc(N)c2cc(NC(=O)Nc3ccc4nc(C)cc(N)c4c3)ccc2n1,,,,,,,,,,0.0,,
MOL_00344,O=C(O)c1ccccc1O.Oc1cccc2cccnc12,0.0,0.0,0.0,,1.0,1.0,,0.0,0.0,0.0,,
MOL_00345,C[C@]12CC[C@@H]3c4ccc(O)cc4CC[C@H]3[C@@H]1CC[C@@H]2OP(=O)(O)O,1.0,,0.0,0.0,1.0,1.0,0.0,,0.0,,0.0,0.0
MOL_00346,O=C(O)[C@@H](S)[C@H](S)C(=O)O,0.0,0.0,0.0,0.0,,0.0,,1.0,0.0,0.0,0.0,
MOL_00347,CN1CCN(CCCN2c3ccccc3Sc3ccc(C(F)(F)F)cc32)CC1,0.0,0.0,0.0,,0.0,0.0,,,,0.0,,
MOL_00348,Cc1ncc(CO)c(CN)c1O,,,,,,,,0.0,,0.0,,
MOL_00349,NS(=O)(=O)c1ccc(C(=O)O)cc1,0.0,0.0,0.0,0.0,0.0,0.0,0.0,0.0,0.0,0.0,0.0,0.0
MOL_00350,O=C(CCS)OCC(COC(=O)CCS)(COC(=O)CCS)COC(=O)CCS,0.0,0.0,0.0,0.0,0.0,0.0,0.0,,0.0,0.0,,1.0
MOL_00351,C[C@@H]1NC(=O)[C@@H](N)CNC(=O)[C@H]([C@@H]2CCNC(N)=N2)NC(=O)/C(=C/NC(N)=O)NC(=O)[C@H](CNC(=O)C[C@@H](N)CCCN)NC1=O,,,,,,,,0.0,,0.0,,
MOL_00352,OCCOCCN1CCN(C2=Nc3ccccc3Sc3ccccc32)CC1,0.0,0.0,0.0,0.0,0.0,0.0,0.0,0.0,0.0,0.0,,0.0
MOL_00353,Cc1cc(/C=C/c2ccc3cc(N(C)C)ccc3[n+]2C)c(C)n1-c1ccccc1.Cc1cc(/C=C/c2ccc3cc(N(C)C)ccc3[n+]2C)c(C)n1-c1ccccc1.O=C([O-])c1cc2ccccc2c(Cc2c(O)c(C(=O)[O-])cc3ccccc23)c1O,0.0,0.0,,,,0.0,0.0,,0.0,,1.0,1.0
MOL_00354,COc1ccc(CN(CCN(C)C)c2ccccn2)cc1,0.0,0.0,0.0,0.0,0.0,0.0,0.0,0.0,0.0,0.0,1.0,0.0
MOL_00355,CN(C)C(=O)Oc1ccc[n+](C)c1,1.0,0.0,0.0,0.0,1.0,0.0,0.0,0.0,0.0,0.0,0.0,0.0
MOL_00356,Cc1ncc(CO)c(CO)c1O,0.0,0.0,0.0,0.0,0.0,0.0,0.0,0.0,0.0,0.0,0.0,0.0
MOL_00357,CCC1NC(=O)c2cc(S(N)(=O)=O)c(Cl)cc2N1,0.0,0.0,0.0,0.0,0.0,0.0,0.0,0.0,0.0,0.0,,0.0
MOL_00358,C=C[C@H]1CN2CCC1C[C@@H]2[C@@H](O)c1ccnc2ccc(OC)cc12,0.0,0.0,1.0,0.0,1.0,1.0,0.0,0.0,0.0,0.0,,0.0
MOL_00359,Brc1cc2ccccc2c2ccccc12,0.0,0.0,,0.0,0.0,0.0,0.0,0.0,0.0,0.0,,0.0
MOL_00360,CC(C)(N)CO,0.0,0.0,,0.0,0.0,0.0,0.0,0.0,0.0,0.0,0.0,0.0
MOL_00361,CC(C)(CO)CO,0.0,0.0,0.0,0.0,0.0,1.0,0.0,0.0,0.0,0.0,0.0,0.0
MOL_00362,O=S1(=O)CCCC1,0.0,0.0,0.0,0.0,0.0,0.0,0.0,0.0,0.0,0.0,0.0,0.0
MOL_00363,O=[N+]([O-])C(CO)(CO)CO,0.0,0.0,0.0,0.0,0.0,0.0,0.0,1.0,0.0,0.0,0.0,0.0
MOL_00364,OCC(CO)(CO)COCC(CO)(CO)CO,0.0,0.0,0.0,0.0,0.0,0.0,0.0,0.0,0.0,0.0,,0.0
MOL_00365,O=[N+]([O-])OCCN(CCO[N+](=O)[O-])CCO[N+](=O)[O-],0.0,0.0,0.0,0.0,0.0,0.0,0.0,0.0,0.0,0.0,0.0,0.0
MOL_00366,NC(CO)(CO)CO,0.0,0.0,0.0,0.0,0.0,0.0,0.0,0.0,0.0,0.0,0.0,0.0
MOL_00367,O=C(Cl)c1cc(C(=O)Cl)cc(C(=O)Cl)c1,0.0,0.0,,,0.0,0.0,0.0,,0.0,1.0,0.0,1.0
MOL_00368,CO[Si](CCCS)(OC)OC,0.0,0.0,,0.0,0.0,0.0,0.0,0.0,0.0,0.0,0.0,0.0
MOL_00369,COc1cc2c3cc1Oc1cc(ccc1O)C[C@@H]1c4c(cc(OC)c(O)c4Oc4ccc(cc4)C[C@@H]3N(C)CC2)CC[N+]1(C)C,0.0,0.0,0.0,0.0,0.0,0.0,0.0,0.0,0.0,0.0,0.0,0.0
MOL_00370,O=C(O[C@@H]1C[C@@H]2CC[C@H](C1)[N+]21CCCC1)C(O)(c1ccccc1)c1ccccc1,0.0,0.0,0.0,0.0,0.0,0.0,0.0,0.0,0.0,0.0,0.0,0.0
MOL_00371,COc1cc(C(=O)NC2CCCNC2)cc(OC)c1OC,0.0,0.0,0.0,0.0,0.0,0.0,0.0,0.0,0.0,0.0,0.0,0.0
MOL_00372,C[N+](C)=CCl,0.0,0.0,0.0,0.0,0.0,0.0,0.0,0.0,0.0,0.0,0.0,0.0
MOL_00373,CC(=O)c1cccnc1,0.0,0.0,0.0,0.0,0.0,0.0,0.0,0.0,0.0,0.0,0.0,0.0
MOL_00374,O=S1(=O)OC(c2ccc([O-])cc2)(c2ccc(O)cc2)c2ccccc21,0.0,0.0,0.0,,0.0,0.0,0.0,0.0,0.0,0.0,,0.0
MOL_00375,O=CN1CCOCC1,0.0,0.0,0.0,0.0,0.0,0.0,0.0,0.0,0.0,0.0,0.0,0.0
MOL_00376,COC(=O)CCC(=O)O,0.0,0.0,0.0,0.0,0.0,0.0,0.0,0.0,0.0,0.0,0.0,0.0
MOL_00377,NCc1cccnc1,0.0,0.0,0.0,0.0,0.0,0.0,0.0,0.0,0.0,0.0,0.0,0.0
MOL_00378,CCCCCCCCn1sc(Cl)c(Cl)c1=O,0.0,,0.0,,,0.0,0.0,,0.0,1.0,,1.0
MOL_00379,Cc1cc(O)cc(C)c1Cl,0.0,0.0,0.0,0.0,0.0,0.0,0.0,0.0,0.0,0.0,1.0,0.0
MOL_00380,O=[Zr](Cl)Cl,0.0,0.0,0.0,0.0,0.0,0.0,0.0,,0.0,0.0,0.0,0.0
MOL_00381,CSc1ccc2c(c1)N(CCC1CCCCN1C)c1ccccc1S2,0.0,0.0,0.0,,,0.0,,,,0.0,,
MOL_00382,c1ccc2cnncc2c1,0.0,0.0,0.0,0.0,0.0,0.0,0.0,0.0,0.0,0.0,0.0,0.0
MOL_00383,COC(=O)c1ccc(CBr)cc1,0.0,0.0,1.0,,1.0,0.0,0.0,0.0,1.0,0.0,0.0,0.0
MOL_00384,CN1CCc2cc(Cl)c(O)cc2[C@H]2c3ccccc3CC[C@@H]21,0.0,0.0,0.0,0.0,0.0,0.0,0.0,0.0,0.0,0.0,,0.0
MOL_00385,O=P(O)(OCc1ccccc1)OCc1ccccc1,0.0,0.0,0.0,0.0,0.0,0.0,0.0,0.0,0.0,0.0,0.0,0.0
MOL_00386,S=C=NCc1ccccc1,0.0,0.0,,0.0,0.0,0.0,,,0.0,1.0,1.0,1.0
MOL_00387,Oc1ccc(Cl)cc1Cc1ccccc1,0.0,0.0,0.0,,0.0,0.0,0.0,1.0,0.0,0.0,1.0,0.0
MOL_00388,ClCc1ccccc1,0.0,0.0,0.0,0.0,0.0,0.0,0.0,0.0,0.0,0.0,0.0,0.0
MOL_00389,OCc1ccccc1,0.0,0.0,0.0,0.0,0.0,0.0,0.0,0.0,0.0,0.0,0.0,0.0
MOL_00390,CC(=O)OCc1ccccc1,0.0,0.0,0.0,0.0,0.0,0.0,0.0,0.0,0.0,0.0,0.0,0.0
MOL_00391,COCCc1ccc(OCC(O)CNC(C)C)cc1.COCCc1ccc(OCC(O)CNC(C)C)cc1,0.0,0.0,0.0,0.0,0.0,0.0,0.0,0.0,0.0,0.0,0.0,0.0
MOL_00392,CN(C)C(=N)NC(=N)N,0.0,0.0,0.0,,0.0,0.0,0.0,0.0,0.0,0.0,0.0,0.0
MOL_00393,CCCC[Sn](CCCC)(OC(C)=O)OC(C)=O,0.0,,,,,0.0,,1.0,,,1.0,1.0
MOL_00394,C[NH+](C)CCC(c1ccccc1)c1cccc[nH+]1,0.0,0.0,0.0,0.0,1.0,0.0,0.0,0.0,0.0,0.0,0.0,0.0
MOL_00395,CCOc1ccc(N)cc1,0.0,0.0,1.0,1.0,0.0,0.0,0.0,,0.0,0.0,0.0,0.0
MOL_00396,CC(C)=CCC[C@H](C)CCO,0.0,0.0,0.0,0.0,0.0,0.0,0.0,0.0,0.0,0.0,0.0,0.0
MOL_00397,CCOc1cccc(N)c1,0.0,0.0,,0.0,0.0,0.0,0.0,0.0,0.0,0.0,0.0,0.0
MOL_00398,Nc1ccccc1C(=O)OCCc1ccccc1,1.0,0.0,1.0,,1.0,0.0,0.0,0.0,1.0,0.0,,0.0
MOL_00399,CC(C)CC(O)CC(C)C,0.0,0.0,0.0,0.0,0.0,0.0,0.0,0.0,0.0,0.0,0.0,0.0
MOL_00400,C=C(C)C(=O)OCCOP(=O)(O)OCCOC(=O)C(=C)C,0.0,0.0,0.0,0.0,0.0,0.0,0.0,0.0,0.0,0.0,0.0,0.0
MOL_00401,CC(C)OS(C)(=O)=O,,0.0,0.0,0.0,0.0,0.0,0.0,0.0,0.0,0.0,,0.0
MOL_00402,c1ccc2c(c1)OCC(CN1CCCCC1)O2,0.0,0.0,0.0,0.0,0.0,0.0,0.0,,0.0,,0.0,0.0
MOL_00403,C=CCN1CCCC1CNC(=O)c1cc(S(N)(=O)=O)cc(OC)c1OC,0.0,0.0,0.0,0.0,0.0,0.0,0.0,,0.0,,0.0,0.0
MOL_00404,C=C(C)OC(C)=O,0.0,0.0,0.0,0.0,0.0,0.0,0.0,0.0,0.0,0.0,0.0,0.0
MOL_00405,Cc1cc(O)cc2c1O[C@](C)(CCC[C@H](C)CCC[C@H](C)CCCC(C)C)CC2,0.0,0.0,0.0,0.0,0.0,0.0,0.0,0.0,0.0,0.0,0.0,0.0
MOL_00406,Cc1ncc(C[n+]2csc(CCOP(=O)(O)OP(=O)(O)O)c2C)c(N)n1,0.0,0.0,0.0,0.0,0.0,0.0,0.0,,0.0,,0.0,0.0
MOL_00407,NC(=O)[C@H]1O[C@@H](O)[C@H](O)[C@@H](O)[C@@H]1O,0.0,0.0,0.0,0.0,0.0,0.0,0.0,,0.0,,0.0,0.0
MOL_00408,O=C1CC[C@@H](C(=O)O)N1,0.0,0.0,0.0,0.0,0.0,0.0,0.0,0.0,0.0,0.0,0.0,0.0
MOL_00409,CN1C(=S)CN=C(c2ccccc2)c2cc(Cl)ccc21,0.0,0.0,0.0,,,0.0,0.0,0.0,,0.0,,0.0
MOL_00410,CC(C)(C)OC(=O)c1ncn2c1[C@@H]1CCCN1C(=O)c1c(Br)cccc1-2,0.0,0.0,,0.0,0.0,0.0,0.0,,0.0,0.0,0.0,0.0
MOL_00411,CCC(Cc1c(I)cc(I)c(O)c1I)C(=O)O,0.0,0.0,0.0,0.0,,,,,0.0,,,0.0
MOL_00412,CCOc1cc(NC(C)=O)ccc1C(=O)OC,0.0,0.0,,0.0,0.0,0.0,0.0,0.0,0.0,0.0,0.0,0.0
MOL_00413,CC(O)C#CC(C)O,0.0,,0.0,,0.0,0.0,1.0,,,,,0.0
MOL_00414,COc1ccc(N)cc1N,0.0,0.0,1.0,,0.0,,0.0,1.0,0.0,1.0,1.0,1.0
MOL_00415,CC1(C)[C@@H](O[C@H]2O[C@H](C(=O)O)[C@@H](O)[C@H](O)[C@H]2O[C@@H]2O[C@H](C(=O)[O-])[C@@H](O)[C@H](O)[C@H]2O)CC[C@@]2(C)[C@H]1CC[C@]1(C)[C@@H]2C(=O)C=C2[C@@H]3C[C@@](C)(C(=O)O)CC[C@]3(C)CC[C@]21C,0.0,0.0,0.0,0.0,0.0,0.0,0.0,0.0,0.0,0.0,0.0,0.0
MOL_00416,O=C1NC(=O)C(=O)C(=O)N1,0.0,0.0,0.0,0.0,0.0,0.0,0.0,0.0,0.0,0.0,0.0,0.0
MOL_00417,CC(C)(C)c1cc(/C=C2\SC(=N)NC2=O)cc(C(C)(C)C)c1O,0.0,0.0,0.0,,,,,1.0,,,1.0,
MOL_00418,OCCCC1CCCCC1,0.0,0.0,0.0,0.0,0.0,0.0,0.0,0.0,0.0,0.0,0.0,0.0
MOL_00419,Cc1cc2c3c(c1)C(c1ccccc1)=N[C@@H](NC(=O)c1ccncc1)C(=O)N3CC2,0.0,0.0,0.0,0.0,0.0,0.0,1.0,,0.0,0.0,0.0,0.0
MOL_00420,CCc1cc(C2=C(C(=O)[O-])N(c3ccccc3C(F)(F)F)S(=O)(=O)c3ccccc32)cc2c1OCO2,0.0,0.0,0.0,0.0,0.0,0.0,,,0.0,0.0,1.0,0.0
MOL_00421,O=S(=O)([O-])c1ccc2c(/N=N\c3ccc(S(=O)(=O)[O-])c4ccccc34)c(O)c(S(=O)(=O)[O-])cc2c1,0.0,0.0,0.0,0.0,0.0,0.0,0.0,0.0,0.0,0.0,0.0,0.0
MOL_00422,O=C=Nc1ccc(Cl)cc1,0.0,0.0,,,,0.0,0.0,,,0.0,1.0,0.0
MOL_00423,CC(C)OC(=O)c1ccccc1C(=O)OC(C)C,0.0,0.0,0.0,0.0,0.0,0.0,0.0,0.0,0.0,0.0,0.0,0.0
MOL_00424,CO[C@H]1[C@H]([C@@]2(C)O[C@@H]2CC=C(C)C)[C@]2(CC[C@H]1OC(=O)/C=C/C=C/C=C/C=C/C(=O)O)CO2,0.0,0.0,0.0,1.0,0.0,0.0,0.0,1.0,0.0,0.0,0.0,0.0
MOL_00425,C1CCC2(CCCCO2)OC1,0.0,0.0,0.0,0.0,0.0,0.0,0.0,0.0,0.0,0.0,0.0,0.0
MOL_00426,CCCCC(CC)COC(=O)c1ccccc1O,,,,,,,,0.0,,0.0,,
MOL_00427,C[C@H]1O[C@H](O[C@@H]2[C@@H](O)[C@@H](O)[C@H](O)[C@H](O)[C@H]2O)[C@@H](N)C[C@@H]1NC(=N)C(=O)O,0.0,0.0,0.0,0.0,0.0,0.0,0.0,0.0,0.0,0.0,0.0,0.0
MOL_00428,CN(C)CCCN1c2ccccc2CCc2ccccc21,0.0,0.0,0.0,0.0,,0.0,,,0.0,0.0,,0.0
MOL_00429,CCCCOCCO,0.0,0.0,0.0,0.0,0.0,0.0,0.0,0.0,0.0,0.0,0.0,0.0
MOL_00430,[O-][n+]1ccccc1[S-],0.0,1.0,0.0,,,0.0,1.0,,1.0,1.0,1.0,
MOL_00431,CCCN(CCC)C(=O)SCC,0.0,0.0,0.0,0.0,0.0,0.0,0.0,0.0,0.0,0.0,0.0,0.0
MOL_00432,O=S(=O)([O-])c1cccc2ccccc12,0.0,0.0,0.0,0.0,0.0,0.0,0.0,0.0,0.0,0.0,0.0,0.0
MOL_00433,CC(C)C1=CC2=CC[C@H]3[C@](C)(C(=O)[O-])CCC[C@]3(C)[C@H]2CC1,0.0,0.0,1.0,0.0,0.0,0.0,,,0.0,0.0,,
MOL_00434,CN(C)c1ccc(C(=O)c2ccc(N(C)C)cc2)cc1,0.0,1.0,1.0,,,,0.0,0.0,1.0,0.0,1.0,1.0
MOL_00435,N#CCCC#N,0.0,0.0,0.0,0.0,0.0,0.0,0.0,0.0,0.0,0.0,0.0,0.0
MOL_00436,Cc1ncc([N+](=O)[O-])n1CCO,0.0,0.0,0.0,0.0,0.0,0.0,0.0,0.0,0.0,0.0,0.0,0.0
MOL_00437,Nc1c(CC(=O)[O-])cccc1C(=O)c1ccccc1,0.0,,0.0,0.0,1.0,0.0,1.0,,0.0,,0.0,0.0
MOL_00438,C[N+]1(C)[C@H]2CC[C@@H]1C[C@H](OC(=O)C(CO)c1ccccc1)C2,1.0,0.0,0.0,0.0,1.0,0.0,0.0,0.0,0.0,0.0,0.0,0.0
MOL_00439,CC(Cl)(Cl)C(=O)O,0.0,0.0,0.0,0.0,0.0,0.0,0.0,0.0,0.0,0.0,0.0,0.0
MOL_00440,CN[C@@H]1[C@H](O[C@H]2[C@H](O[C@@H]3[C@@H](NC(=N)N)[C@H](O)[C@@H](NC(=N)N)[C@H](O)[C@H]3O)O[C@@H](C)[C@]2(O)C=O)O[C@@H](CO)[C@H](O)[C@H]1O.CN[C@@H]1[C@H](O[C@H]2[C@H](O[C@@H]3[C@@H](NC(=N)N)[C@H](O)[C@@H](NC(=N)N)[C@H](O)[C@H]3O)O[C@@H](C)[C@]2(O)C=O)O[C@@H](CO)[C@H](O)[C@H]1O,0.0,0.0,0.0,0.0,0.0,0.0,0.0,,0.0,,0.0,0.0
MOL_00441,O=C(CCl)CCl,0.0,,0.0,,0.0,1.0,1.0,,1.0,0.0,,1.0
MOL_00442,CC(=O)C(Cl)Cl,0.0,0.0,0.0,0.0,0.0,0.0,0.0,0.0,0.0,0.0,0.0,0.0
MOL_00443,CC(C)(c1ccccc1)c1ccc(O)cc1,0.0,0.0,0.0,,1.0,1.0,0.0,1.0,0.0,0.0,1.0,
MOL_00444,Cc1cc(O)c2c(O)c3c(O)cccc3cc2c1,0.0,0.0,1.0,0.0,0.0,0.0,1.0,1.0,0.0,0.0,1.0,0.0
MOL_00445,CCC(=O)[N-]S(=O)(=O)c1ccc(-c2c(-c3ccccc3)noc2C)cc1,0.0,0.0,0.0,,0.0,0.0,,,0.0,,0.0,0.0
MOL_00446,Cc1ccccc1N1CCN(CCc2nnc3n2CCCC3)CC1,0.0,0.0,0.0,0.0,1.0,1.0,0.0,0.0,0.0,0.0,0.0,0.0
MOL_00447,C=Cc1ccc(S(=O)(=O)[O-])cc1,0.0,0.0,0.0,0.0,0.0,0.0,,1.0,0.0,0.0,,0.0
MOL_00448,C[C@]12CC[C@@H]3c4ccc(OC(=O)N(CCCl)CCCl)cc4CC[C@H]3[C@@H]1CC[C@@H]2OP(=O)(O)O,1.0,0.0,0.0,0.0,1.0,1.0,,,0.0,,0.0,1.0
MOL_00449,CC1Cc2ccccc2N1NC(=O)c1ccc(Cl)c(S(N)(=O)=O)c1,0.0,0.0,0.0,0.0,0.0,0.0,0.0,0.0,0.0,0.0,0.0,0.0
MOL_00450,CC(=O)OC(C)C(=O)OCC[N+](C)(C)C.CC(=O)OC(C)C(=O)OCC[N+](C)(C)C.O=S(=O)([O-])c1cccc2c(S(=O)(=O)[O-])cccc12,0.0,0.0,0.0,0.0,1.0,0.0,0.0,,0.0,,0.0,0.0
MOL_00451,CC(=O)CC(=O)Nc1ccc2[nH]c(=O)[nH]c2c1,0.0,0.0,0.0,,0.0,0.0,0.0,0.0,0.0,0.0,0.0,0.0
MOL_00452,CCO[Si](C)(CCCOCC1CO1)OCC,0.0,0.0,0.0,0.0,0.0,0.0,0.0,0.0,0.0,0.0,0.0,0.0
MOL_00453,O=[N+]([O-])c1cc(C(F)(F)F)c(Cl)c([N+](=O)[O-])c1Cl,0.0,0.0,0.0,,,,,,,,,
MOL_00454,CCCCOCCOCCOCCO,0.0,0.0,0.0,0.0,0.0,0.0,0.0,0.0,0.0,1.0,0.0,0.0
MOL_00455,CCCCCCCC/C=C/C(=O)[O-].CCCCCCCC/C=C/C(=O)[O-],,,,,,,,0.0,,0.0,,
MOL_00456,Nc1cc(C(F)(F)F)ccc1S,,,,,,,,,,1.0,,
MOL_00457,Cc1cccc(Cc2c[nH]cn2)c1C,0.0,,,,0.0,0.0,0.0,0.0,0.0,,0.0,0.0
MOL_00458,CCOC(=O)CC(=O)OCC,0.0,0.0,,0.0,0.0,0.0,0.0,0.0,0.0,0.0,0.0,0.0
MOL_00459,COc1ccc(CNCC(O)COc2ccc3[nH]c(=O)ccc3c2)cc1OC,0.0,0.0,0.0,0.0,0.0,0.0,0.0,,0.0,,0.0,0.0
MOL_00460,COC(=O)C1=C(C)NC(COC(N)=O)=C(C(=O)OC(C)C)C1c1cccc(Cl)c1Cl,0.0,1.0,,,0.0,,1.0,1.0,0.0,1.0,,1.0
MOL_00461,CCNC(=O)NCCCOc1cccc(CN2CCCCC2)c1,0.0,0.0,0.0,0.0,0.0,0.0,0.0,0.0,0.0,0.0,0.0,0.0
MOL_00462,CC(=O)SCC(CC(=O)c1ccc(C)cc1)C(=O)O,0.0,0.0,0.0,0.0,0.0,0.0,0.0,0.0,0.0,0.0,0.0,0.0
MOL_00463,CCOC(=O)Cn1cccc1-c1nc(-c2ccc(OC)cc2)c(-c2ccc(OC)cc2)s1,0.0,0.0,0.0,0.0,0.0,0.0,0.0,1.0,0.0,,0.0,
MOL_00464,O=C(CCCN1CCN(c2ccc(F)cc2)CC1)NC1c2ccccc2CSc2ccccc21,0.0,0.0,0.0,,0.0,0.0,,,0.0,0.0,,0.0
MOL_00465,CC(C)(C)NC[C@H](O)c1ccc(O)cc1Cl,0.0,0.0,0.0,0.0,0.0,0.0,0.0,0.0,0.0,0.0,0.0,0.0
MOL_00466,CCCCC/C=C\C/C=C\CCCCCCCC(=O)NC(C)c1ccccc1,0.0,0.0,0.0,0.0,0.0,0.0,0.0,1.0,0.0,0.0,0.0,0.0
MOL_00467,CC(NN)c1ccccc1,0.0,0.0,,0.0,,0.0,0.0,0.0,0.0,0.0,0.0,0.0
MOL_00468,O=Cc1ccc(Cl)cc1,,,0.0,,0.0,0.0,0.0,0.0,0.0,0.0,,0.0
MOL_00469,CCN(C)C(=O)Oc1cccc([C@H](C)N(C)C)c1,0.0,0.0,0.0,0.0,0.0,0.0,0.0,0.0,0.0,0.0,0.0,0.0
MOL_00470,CNC(=O)c1cc(Oc2ccc(NC(=O)Nc3ccc(Cl)c(C(F)(F)F)c3)cc2)ccn1,0.0,,0.0,,,0.0,,,,,1.0,1.0
MOL_00471,CCN(CC)C(C)C(=O)c1ccccc1,0.0,0.0,,0.0,0.0,0.0,0.0,0.0,0.0,0.0,0.0,0.0
MOL_00472,CCN1CC(CCN2CCOCC2)C(c2ccccc2)(c2ccccc2)C1=O,0.0,0.0,0.0,0.0,0.0,0.0,0.0,,0.0,0.0,0.0,0.0
MOL_00473,Cc1cccc(C(=O)O)c1[N+](=O)[O-],0.0,0.0,0.0,0.0,0.0,0.0,0.0,0.0,0.0,0.0,0.0,0.0
MOL_00474,CCN(CC)CCOC(=O)C1(c2ccccc2)CCCC1.CCN(CC)CCOC(=O)C1(c2ccccc2)CCCC1.O=S(=O)(O)CCS(=O)(=O)O,0.0,0.0,0.0,0.0,0.0,0.0,0.0,0.0,0.0,0.0,0.0,0.0
MOL_00475,Clc1ccccn1,0.0,0.0,0.0,0.0,0.0,0.0,0.0,0.0,0.0,0.0,0.0,0.0
MOL_00476,CCC(=O)/C=C/C1C(C)=CCCC1(C)C,0.0,0.0,0.0,0.0,0.0,0.0,0.0,0.0,0.0,0.0,0.0,0.0
MOL_00477,CC1CC(OC(=O)c2ccccc2O)CC(C)(C)C1,0.0,0.0,0.0,0.0,0.0,0.0,0.0,0.0,0.0,1.0,0.0,0.0
MOL_00478,CCCCCCCCCO,0.0,0.0,0.0,0.0,0.0,0.0,0.0,0.0,0.0,0.0,0.0,0.0
MOL_00479,CCCCCCNCCCCCC,0.0,0.0,0.0,0.0,0.0,0.0,0.0,0.0,0.0,0.0,0.0,0.0
MOL_00480,CCN(CC)c1ccc(N)cc1,0.0,0.0,1.0,,,0.0,0.0,1.0,,1.0,1.0,
MOL_00481,ClCCCCl,0.0,0.0,0.0,0.0,0.0,0.0,0.0,0.0,0.0,0.0,0.0,0.0
MOL_00482,CCCCCCOC(C)=O,0.0,0.0,0.0,0.0,0.0,0.0,0.0,0.0,0.0,0.0,0.0,0.0
MOL_00483,CCCCC(CC)COC(=O)CCCCCCCCC(=O)OCC(CC)CCCC,0.0,0.0,0.0,0.0,,0.0,0.0,0.0,0.0,0.0,0.0,0.0
MOL_00484,CCOC(C)=O,0.0,0.0,0.0,0.0,0.0,0.0,0.0,0.0,0.0,0.0,,0.0
MOL_00485,NCCNCCN,1.0,1.0,0.0,0.0,0.0,0.0,0.0,0.0,0.0,0.0,0.0,0.0
MOL_00486,CCOP(=O)(CC)OCC,0.0,0.0,0.0,0.0,0.0,0.0,0.0,0.0,0.0,0.0,,0.0
MOL_00487,Cc1c2oc3c(C)ccc(C(=O)N[C@@H]4C(=O)N[C@H](C(C)C)C(=O)N5CCC[C@H]5C(=O)N(C)CC(=O)N(C)[C@@H](C(C)C)C(=O)O[C@@H]4C)c3nc-2c(C(=O)N[C@@H]2C(=O)N[C@H](C(C)C)C(=O)N3CCC[C@H]3C(=O)N(C)CC(=O)N(C)[C@@H](C(C)C)C(=O)O[C@@H]2C)c(N)c1=O,0.0,,0.0,1.0,,0.0,,,0.0,0.0,,1.0
MOL_00488,NC(=O)CCCCC(N)=O,0.0,0.0,0.0,0.0,0.0,0.0,0.0,0.0,0.0,0.0,0.0,0.0
MOL_00489,CNC(=O)ON=CC(C)(C)SC,0.0,0.0,0.0,0.0,0.0,0.0,0.0,0.0,0.0,0.0,0.0,0.0
MOL_00490,C=CCOc1ccc(CC(=O)O)cc1Cl,1.0,0.0,0.0,0.0,1.0,1.0,1.0,,0.0,,0.0,0.0
MOL_00491,NN,0.0,0.0,1.0,0.0,0.0,0.0,0.0,0.0,0.0,0.0,0.0,0.0
MOL_00492,N[C@@H](Cc1cnc[nH]1)C(=O)O,0.0,0.0,,0.0,,0.0,0.0,,0.0,,0.0,
MOL_00493,NNc1nc(-c2ccccc2)cs1,0.0,0.0,1.0,,0.0,0.0,0.0,1.0,0.0,1.0,1.0,
MOL_00494,NNc1nc(-c2ccc(N)cc2)cs1,0.0,0.0,1.0,,0.0,0.0,,1.0,0.0,,1.0,0.0
MOL_00495,Cc1ccccc1CO[C@H]1C[C@]2(C(C)C)CC[C@@]1(C)O2,0.0,0.0,,,0.0,0.0,0.0,0.0,0.0,0.0,0.0,0.0
MOL_00496,NNc1ccc(C(=O)O)cc1,1.0,0.0,,,,0.0,0.0,0.0,0.0,0.0,0.0,0.0
MOL_00497,CCCCCCOc1ccccc1C(=O)O,0.0,0.0,0.0,0.0,,0.0,0.0,0.0,0.0,0.0,0.0,0.0
MOL_00498,O=C(OCc1ccccc1)C(=O)OCc1ccccc1,0.0,0.0,0.0,0.0,0.0,0.0,0.0,0.0,0.0,0.0,0.0,0.0
MOL_00499,CCCSc1ccc2[nH]c(NC(=O)OC)nc2c1,0.0,,1.0,,1.0,0.0,0.0,0.0,1.0,1.0,1.0,1.0
MOL_00500,CCc1cccc(C)c1N(C(=O)CCl)[C@@H](C)COC,0.0,0.0,0.0,,0.0,0.0,,1.0,0.0,0.0,,0.0
MOL_00501,O=C(O)c1ccccc1C(=O)Nc1cccc2ccccc12,0.0,0.0,1.0,,0.0,0.0,0.0,1.0,0.0,0.0,,0.0
MOL_00502,CCC(=O)OC1(c2ccccc2)CCN(C)CC1,0.0,,0.0,0.0,0.0,0.0,0.0,0.0,0.0,0.0,0.0,0.0
MOL_00503,COc1cc(-c2ccc(=O)[nH]n2)ccc1OC(F)F,0.0,0.0,,0.0,,0.0,0.0,0.0,1.0,0.0,0.0,0.0
MOL_00504,CCOc1ccc([N+](=O)[O-])cc1,0.0,0.0,0.0,,1.0,1.0,,,0.0,,1.0,
MOL_00505,CCCCN(CCCC)CCCOC(=O)c1ccc(N)cc1,0.0,0.0,0.0,0.0,0.0,0.0,0.0,0.0,0.0,0.0,0.0,0.0
MOL_00506,CCCCOc1cc(C(=O)NCCN(CC)CC)c2ccccc2n1,0.0,0.0,0.0,0.0,0.0,0.0,0.0,0.0,0.0,0.0,,0.0
MOL_00507,CC(C)(c1cc(Br)c(OCC(Br)CBr)c(Br)c1)c1cc(Br)c(OCC(Br)CBr)c(Br)c1,0.0,0.0,0.0,0.0,0.0,0.0,0.0,0.0,0.0,0.0,0.0,0.0
MOL_00508,CC(C)c1ccc(C(C)C)cc1,0.0,0.0,0.0,0.0,0.0,0.0,0.0,0.0,0.0,0.0,0.0,0.0
MOL_00509,COc1c2occc2cc2ccc(=O)oc12,0.0,0.0,1.0,0.0,0.0,1.0,0.0,0.0,0.0,0.0,0.0,0.0
MOL_00510,COC(C)(C)C,0.0,0.0,0.0,0.0,0.0,0.0,0.0,0.0,0.0,0.0,0.0,0.0
MOL_00511,COC(N)=O,0.0,0.0,0.0,0.0,0.0,0.0,0.0,0.0,0.0,0.0,0.0,0.0
MOL_00512,COC(=O)NN,0.0,0.0,,0.0,0.0,0.0,0.0,0.0,0.0,0.0,,0.0
MOL_00513,Cc1cccc(/N=N/c2ccc(N(C)C)cc2)c1,1.0,0.0,1.0,,1.0,0.0,0.0,1.0,1.0,0.0,1.0,0.0
MOL_00514,CCCc1nn(C)c2c(=O)[nH]c(-c3cc(S(=O)(=O)N4CCN(C)CC4)ccc3OCC)nc12.O=C(O)CC(O)(CC(=O)O)C(=O)O,0.0,0.0,0.0,0.0,0.0,0.0,0.0,0.0,0.0,0.0,,0.0
MOL_00515,O=C(O)CNC(=O)c1ccccc1,0.0,0.0,0.0,0.0,0.0,0.0,0.0,0.0,0.0,0.0,0.0,0.0
MOL_00516,CCCCN1CCCC[C@H]1C(=O)Nc1c(C)cccc1C,0.0,0.0,0.0,0.0,0.0,0.0,0.0,0.0,0.0,0.0,,0.0
MOL_00517,CC(C)(C)OC(=O)N1C[C@@H](F)C[C@H]1C(=O)O,0.0,0.0,0.0,0.0,0.0,0.0,0.0,0.0,0.0,0.0,0.0,0.0
MOL_00518,CC(=O)Oc1c(C)cc(OCC(O)CNC(C)C)c(C)c1C,1.0,0.0,0.0,,1.0,1.0,0.0,,0.0,,0.0,0.0
MOL_00519,O=C(OCC1CO1)C1CCCCC1C(=O)OCC1CO1,0.0,0.0,0.0,,0.0,0.0,0.0,1.0,1.0,0.0,0.0,1.0
MOL_00520,Oc1nc(O)nc(O)n1,0.0,0.0,0.0,0.0,0.0,0.0,0.0,0.0,0.0,0.0,0.0,0.0
MOL_00521,N#CC1(O)CCCCC1,0.0,0.0,0.0,0.0,0.0,0.0,0.0,0.0,0.0,0.0,0.0,0.0
MOL_00522,CCOC(=O)c1ncn2c1CN(C)C(=O)c1cc(F)ccc1-2,0.0,0.0,0.0,0.0,0.0,0.0,0.0,0.0,0.0,0.0,0.0,0.0
MOL_00523,CNCCC(Oc1ccc(C(F)(F)F)cc1)c1ccccc1,0.0,0.0,0.0,,,0.0,,0.0,0.0,0.0,,
MOL_00524,C[C@]12C[C@H](O)[C@@]3(F)[C@@H](CCC4=CC(=O)CC[C@@]43C)[C@@H]1CC[C@]2(O)C(=O)CO,1.0,1.0,0.0,,1.0,0.0,0.0,0.0,0.0,0.0,0.0,0.0
MOL_00525,CCCCCCCCCCCCCCCCCCOCC(O)CO,1.0,0.0,,,0.0,,0.0,0.0,0.0,0.0,0.0,0.0
MOL_00526,OCCN1CCN(CCCN2c3ccccc3Sc3ccc(C(F)(F)F)cc32)CC1,0.0,0.0,,,0.0,0.0,,,0.0,,,
MOL_00527,CSCCC=O,0.0,0.0,0.0,0.0,0.0,0.0,0.0,0.0,0.0,0.0,0.0,0.0
MOL_00528,CC(C)(C)C(=O)Cl,0.0,0.0,0.0,0.0,0.0,0.0,0.0,0.0,0.0,0.0,0.0,0.0
MOL_00529,CCCCC(CC)COC(=O)Cl,0.0,0.0,0.0,0.0,0.0,0.0,0.0,0.0,0.0,0.0,0.0,0.0
MOL_00530,CCCCC(CC)C(=O)[O-],0.0,0.0,0.0,0.0,0.0,0.0,0.0,0.0,0.0,0.0,0.0,0.0
MOL_00531,BrC1CCC(Br)C(Br)CCC(Br)C(Br)CCC1Br,0.0,0.0,0.0,,,0.0,0.0,1.0,0.0,,1.0,
MOL_00532,COCN(COC)c1nc(N(COC)COC)nc(N(COC)COC)n1,0.0,0.0,0.0,0.0,0.0,0.0,0.0,0.0,0.0,0.0,0.0,0.0
MOL_00533,O=Cc1cccc(Br)c1,0.0,0.0,0.0,0.0,0.0,0.0,0.0,0.0,0.0,0.0,0.0,0.0
MOL_00534,CC(C)(C)CC(C)(C)c1ccc(O)c(-n2nc3ccccc3n2)c1,0.0,0.0,1.0,0.0,0.0,0.0,0.0,,0.0,0.0,1.0,0.0
MOL_00535,C/C=C/C=C/C(=O)[O-],0.0,0.0,0.0,0.0,0.0,0.0,0.0,0.0,0.0,0.0,0.0,0.0
MOL_00536,Cc1cc(C)nc(Nc2ccccc2)n1,0.0,0.0,1.0,,,0.0,0.0,0.0,0.0,0.0,0.0,0.0
MOL_00537,CC(C)C[C@@H](NC(=O)[C@@H](O)[C@H](N)Cc1ccccc1)C(=O)O,1.0,0.0,0.0,0.0,0.0,0.0,0.0,,0.0,,0.0,0.0
MOL_00538,Nc1cnn(-c2ccccc2)c(=O)c1Cl,0.0,0.0,,0.0,0.0,0.0,0.0,0.0,0.0,0.0,0.0,0.0
MOL_00539,CCOC(=O)COc1cc(-c2nn(C)c(OC(F)F)c2Cl)c(F)cc1Cl,0.0,,1.0,0.0,0.0,0.0,0.0,0.0,0.0,0.0,,0.0
MOL_00540,CCCCCC=CCC(=O)OC,0.0,0.0,0.0,0.0,0.0,0.0,0.0,0.0,0.0,0.0,0.0,0.0
MOL_00541,S=C1SCN(Cc2ccccc2)CN1Cc1ccccc1,0.0,0.0,0.0,0.0,1.0,0.0,1.0,,0.0,,1.0,0.0
MOL_00542,CCCCCCCCC(=O)OCC,0.0,0.0,0.0,0.0,0.0,0.0,0.0,0.0,0.0,0.0,0.0,0.0
MOL_00543,CCCCCCCC#N,0.0,0.0,0.0,0.0,0.0,0.0,0.0,0.0,0.0,,0.0,0.0
MOL_00544,CCCCCCCCCCCCCC(=O)OCC,0.0,0.0,0.0,0.0,0.0,0.0,0.0,0.0,0.0,0.0,0.0,0.0
MOL_00545,CCCCCCC(O)CCOC(C)=O,0.0,0.0,0.0,0.0,0.0,0.0,0.0,0.0,0.0,0.0,0.0,0.0
MOL_00546,C=CCCCCCCCCO,0.0,0.0,0.0,0.0,0.0,0.0,0.0,0.0,0.0,0.0,0.0,0.0
MOL_00547,CC(=O)NC1(c2cccc(F)c2)CCN(CC[C@@]2(c3ccc(Cl)c(Cl)c3)CN(c3ccccc3)C(=O)CO2)CC1.O=C(O)CCC(=O)O,0.0,,0.0,,,0.0,,,0.0,0.0,,
MOL_00548,COCCOc1cc2cc(C(=O)NC3CCN(C(C)C)CC3)n(CC(=O)Nc3ccc(Cl)cn3)c2cn1,0.0,0.0,1.0,0.0,,0.0,0.0,,0.0,0.0,0.0,0.0
MOL_00549,O=C([O-])c1ccc2c(c1)nc(C(=O)NC1CCN(C3CC3)CC1)n2Cc1cc(-c2ccc(Cl)s2)on1,0.0,,,0.0,0.0,0.0,,0.0,0.0,0.0,,0.0
MOL_00550,CCCOc1sc(C(=O)N2CCC(c3cc(CN)ccc3F)CC2)c(C)c1Br,0.0,1.0,,,,,,,0.0,,,
MOL_00551,CCOC(=O)c1ccc([C@H]2CC[C@H](NC[C@H](O)COc3ccc(O)c(NS(C)(=O)=O)c3)CC2)cc1,0.0,0.0,0.0,,,0.0,,,0.0,0.0,,
MOL_00552,Nc1nc(N)c(-c2ccccc2)s1,0.0,0.0,0.0,0.0,0.0,0.0,0.0,0.0,0.0,0.0,0.0,0.0
MOL_00553,Cc1cccc(C)c1NC(=O)CN(CC(=O)O)CC(=O)O,0.0,0.0,,0.0,0.0,0.0,0.0,0.0,0.0,0.0,0.0,0.0
MOL_00554,CCCCCCCCCCCCCCCC[n+]1ccccc1,0.0,0.0,0.0,1.0,,0.0,,1.0,,,,
MOL_00555,CCCCCCCCCCCCCCCCN,,,,,,,,0.0,,0.0,,
MOL_00556,COc1ccc(C(=O)N2CCN(CC(=O)N3CCOCC3)CC2)cc1,0.0,0.0,,0.0,0.0,0.0,0.0,0.0,0.0,0.0,0.0,0.0
MOL_00557,Cc1c(C)n(CCN(C)C)c2ccc(C(=O)OCCN(C)C)cc12,,,,,,,,,,0.0,,
MOL_00558,COc1cc(C=C2CCCC(=Cc3ccc(O)c(OC)c3)C2=O)ccc1O,0.0,,0.0,,,0.0,,1.0,,1.0,1.0,
MOL_00559,CNC(=O)NC(O)C(Cl)(Cl)Cl,0.0,0.0,0.0,0.0,0.0,0.0,0.0,0.0,0.0,0.0,,0.0
MOL_00560,CCNC(=O)C1CC(C)CCC1C(C)C,0.0,0.0,0.0,0.0,0.0,0.0,0.0,0.0,0.0,0.0,0.0,0.0
MOL_00561,CCc1ccc(O)c(OC)c1,0.0,0.0,0.0,0.0,0.0,0.0,0.0,0.0,0.0,0.0,0.0,0.0
MOL_00562,CCCCCCC/C=C/C=O,0.0,,,0.0,0.0,0.0,0.0,,0.0,0.0,0.0,0.0
MOL_00563,CC/C=C\CC/C=C/C(OCC)OCC,0.0,0.0,0.0,0.0,0.0,0.0,0.0,1.0,0.0,,,0.0
MOL_00564,CS(=O)(=O)c1ccc(C(=O)C2C(=O)CCCC2=O)c(Cl)c1COCC(F)(F)F,0.0,0.0,0.0,0.0,0.0,0.0,0.0,0.0,0.0,0.0,0.0,0.0
MOL_00565,CN(C)C1CSSSC1,0.0,0.0,0.0,,0.0,0.0,0.0,1.0,0.0,0.0,0.0,0.0
MOL_00566,c1ccc(CN(Cc2ccccc2)Cc2ccccc2)cc1,0.0,0.0,0.0,0.0,1.0,0.0,0.0,,0.0,0.0,,0.0
MOL_00567,C[C@@H](O)C(=O)O,0.0,0.0,0.0,0.0,1.0,0.0,0.0,0.0,0.0,0.0,0.0,0.0
MOL_00568,OC[C@H]1O[C@@H]2O[C@@H]3[C@@H](CO)O[C@H](O[C@@H]4[C@@H](CO)O[C@H](O[C@@H]5[C@@H](CO)O[C@H](O[C@@H]6[C@@H](CO)O[C@H](O[C@@H]7[C@@H](CO)O[C@H](O[C@@H]8[C@@H](CO)O[C@H](O[C@@H]9[C@@H](CO)O[C@H](O[C@H]1[C@H](O)[C@H]2O)[C@H](O)[C@H]9O)[C@H](O)[C@H]8O)[C@H](O)[C@H]7O)[C@H](O)[C@H]6O)[C@H](O)[C@H]5O)[C@H](O)[C@H]4O)[C@H](O)[C@H]3O,0.0,0.0,0.0,0.0,0.0,0.0,0.0,0.0,0.0,0.0,0.0,0.0
MOL_00569,CC1=CC[C@@]23CC1C(C)(C)[C@@H]2CC[C@H]3C,0.0,0.0,0.0,0.0,0.0,0.0,0.0,0.0,0.0,0.0,0.0,0.0
MOL_00570,O=C(OCCCCCOC(=O)c1ccccc1)c1ccccc1,0.0,0.0,0.0,0.0,,0.0,0.0,0.0,0.0,0.0,0.0,0.0
MOL_00571,CCCCOCCOCCSC#N,0.0,0.0,0.0,0.0,0.0,0.0,0.0,0.0,0.0,0.0,0.0,0.0
MOL_00572,O=C(N[C@H]1CN2CCC1CC2)c1ccc2c(c1)OCCO2,0.0,0.0,0.0,0.0,0.0,0.0,0.0,0.0,0.0,0.0,0.0,0.0
MOL_00573,Nc1nc(Cl)nc2c1ncn2[C@H]1C[C@H](O)[C@@H](CO)O1,0.0,0.0,0.0,0.0,1.0,0.0,0.0,0.0,0.0,0.0,0.0,1.0
MOL_00574,CC[C@H]1OC(=O)[C@H](C)[C@@H](O[C@H]2C[C@@](C)(OC)[C@@H](O)[C@H](C)O2)C(C)[C@@H](O[C@@H]2O[C@H](C)C[C@H](N(C)C)[C@H]2O)[C@](C)(OC)C[C@@H](C)C(=O)[C@H](C)[C@@H](O)[C@]1(C)O,0.0,0.0,0.0,0.0,0.0,0.0,0.0,0.0,0.0,0.0,0.0,0.0
MOL_00575,COc1cc(N)c(Cl)cc1C(=O)NC1CCN(CCCOc2ccc(F)cc2)CC1OC,0.0,0.0,,0.0,,0.0,0.0,0.0,0.0,0.0,,0.0
MOL_00576,CCn1nc(C(=O)O)c(=O)c2cc3c(cc21)OCO3,0.0,0.0,0.0,0.0,0.0,0.0,0.0,0.0,0.0,0.0,0.0,0.0
MOL_00577,C(=C/c1ccccc1)\CN1CCN(C(c2ccccc2)c2ccccc2)CC1,0.0,0.0,0.0,0.0,0.0,0.0,0.0,1.0,0.0,0.0,0.0,0.0
MOL_00578,BrCCCBr,0.0,0.0,0.0,0.0,0.0,0.0,0.0,0.0,0.0,0.0,0.0,0.0
MOL_00579,COc1ccc(C(Cl)=C(c2ccc(OC)cc2)c2ccc(OC)cc2)cc1,0.0,0.0,0.0,1.0,0.0,0.0,0.0,0.0,0.0,0.0,1.0,0.0
MOL_00580,CCCCCCCCCCCCCOS(=O)(=O)[O-],0.0,,0.0,0.0,0.0,0.0,0.0,0.0,0.0,0.0,,
MOL_00581,Cc1cc(C)nc(NS(=O)(=O)c2ccc(N)cc2)n1,0.0,0.0,0.0,0.0,1.0,0.0,0.0,0.0,0.0,0.0,0.0,0.0
MOL_00582,O=S(=O)([O-])[O-].[Na+].[Na+],0.0,0.0,0.0,0.0,,0.0,0.0,0.0,0.0,0.0,0.0,0.0
MOL_00583,Cc1noc(NS(=O)(=O)c2ccc(N)cc2)c1C,0.0,1.0,0.0,0.0,1.0,0.0,0.0,0.0,0.0,0.0,0.0,0.0
MOL_00584,COc1cc([C@H]2Oc3cc([C@H]4Oc5cc(O)cc(O)c5C(=O)[C@@H]4O)ccc3O[C@@H]2CO)ccc1O,0.0,,1.0,,,0.0,0.0,0.0,0.0,1.0,,0.0
MOL_00585,O=S1(=O)CC=CC1,0.0,0.0,0.0,0.0,0.0,0.0,0.0,0.0,0.0,0.0,0.0,0.0
MOL_00586,CCCCC1(COC(=O)CCC(=O)O)C(=O)N(c2ccccc2)N(c2ccccc2)C1=O,0.0,0.0,0.0,1.0,0.0,0.0,0.0,1.0,0.0,0.0,0.0,0.0
MOL_00587,CNCCO,0.0,0.0,0.0,0.0,0.0,0.0,0.0,0.0,0.0,0.0,0.0,0.0
MOL_00588,NS(=O)(=O)c1cc(Cl)c(Cl)c(S(N)(=O)=O)c1,0.0,0.0,0.0,0.0,0.0,0.0,,,0.0,,0.0,0.0
MOL_00589,CN(C)c1ccc2nc3ccc(N(C)C)cc3[s+]c2c1,0.0,0.0,1.0,1.0,,,0.0,1.0,0.0,0.0,1.0,1.0
MOL_00590,C=CCc1ccc(OC)c(OC)c1,0.0,0.0,0.0,0.0,1.0,0.0,0.0,0.0,0.0,0.0,0.0,0.0
MOL_00591,CCN(CC)CCOC(=O)C1(C2CCCCC2)CCCCC1,0.0,0.0,0.0,,0.0,0.0,0.0,0.0,0.0,0.0,,0.0
MOL_00592,CCOC(C)(C)C,0.0,0.0,0.0,0.0,0.0,0.0,0.0,,0.0,0.0,,0.0
MOL_00593,COC=O,0.0,0.0,0.0,0.0,0.0,0.0,0.0,0.0,0.0,,,0.0
MOL_00594,CNC(=O)C[C@@H](N)C(=O)N[C@@H](C(=O)N[C@@H]1C(=O)N2[C@@H](C(=O)O)C(C)(C)S[C@H]12)c1ccc(O)cc1,0.0,0.0,0.0,0.0,0.0,0.0,0.0,,0.0,,0.0,0.0
MOL_00595,C#C[C@]1(OC(C)=O)CC[C@H]2[C@@H]3CCC4=C/C(=N/O)CC[C@@H]4[C@H]3CC[C@@]21CC,1.0,1.0,,,1.0,1.0,,0.0,0.0,,,1.0
MOL_00596,CC1=C(/C=C/C(C)=C/C=C/C(C)=C/C(=O)Oc2c(C)c(C)c3c(c2C)CC[C@@](C)(CCC[C@H](C)CCC[C@H](C)CCCC(C)C)O3)C(C)(C)CCC1,0.0,0.0,0.0,1.0,0.0,0.0,0.0,,0.0,,0.0,0.0
MOL_00597,COC(=O)CCC[N+](C)(C)C,0.0,0.0,0.0,0.0,0.0,0.0,0.0,,0.0,,0.0,0.0
MOL_00598,C[N+]1(CC2COC(c3ccccc3)(C3CCCCC3)O2)CCCCC1,0.0,0.0,0.0,0.0,0.0,0.0,0.0,0.0,0.0,0.0,0.0,0.0
MOL_00599,CC[C@H](C)[C@H](NC(=O)[C@H](Cc1ccccc1)NC(=O)[C@H](C)NC(=O)[C@H](CC(=O)O)NC(=O)[C@H](CCCCN)NC(=O)[C@H](CO)NC(=O)[C@@H]1CCCN1C(=O)[C@@H]1CCC(=O)N1)C(=O)NCC(=O)N[C@@H](CC(C)C)C(=O)N[C@@H](CCSC)C(N)=O,0.0,0.0,0.0,,0.0,0.0,0.0,,0.0,,0.0,0.0
MOL_00600,CC(CC=O)CCCC(C)(C)O,0.0,0.0,0.0,0.0,0.0,0.0,0.0,0.0,0.0,0.0,0.0,0.0
MOL_00601,CCCCCCCCO[C@@H]1O[C@H](CO)[C@@H](O)[C@H](O)[C@H]1O,0.0,0.0,0.0,0.0,0.0,0.0,0.0,0.0,0.0,0.0,,0.0
MOL_00602,CC(NCCC(c1ccccc1)c1ccccc1)c1ccccc1,0.0,0.0,,,,,,,,,1.0,
MOL_00603,COc1ccc(C[C@H](N)C(=O)N[C@@H]2[C@@H](CO)O[C@@H](n3cnc4c(N(C)C)ncnc43)[C@@H]2O)cc1,0.0,,,,,0.0,,,,,,1.0
MOL_00604,CCN(CC)CCNC(=O)COc1ccc(OC)cc1,0.0,0.0,0.0,0.0,1.0,0.0,0.0,0.0,0.0,0.0,0.0,0.0
MOL_00605,COc1ccccc1N1CCN(CCCC(=O)c2ccc(F)cc2)CC1,0.0,0.0,1.0,0.0,0.0,0.0,0.0,,0.0,,0.0,0.0
MOL_00606,Cc1cc(-c2ccccc2)nnc1NCCN1CCOCC1,0.0,0.0,0.0,,,0.0,0.0,0.0,0.0,0.0,0.0,0.0
MOL_00607,CC(=O)Nc1ccc(OC(=O)c2ccccc2O)cc1,0.0,0.0,0.0,0.0,,0.0,0.0,,0.0,,,0.0
MOL_00608,CC(=O)Oc1ccc2c(c1)CC[C@@H]1[C@@H]2CC[C@]2(C)[C@@H](O)CC[C@@H]12,1.0,1.0,0.0,0.0,1.0,1.0,0.0,0.0,0.0,0.0,1.0,
MOL_00609,Cc1ccc(C(=O)C(C)CN2CCCCC2)cc1,0.0,0.0,0.0,0.0,1.0,0.0,0.0,1.0,0.0,0.0,0.0,0.0
MOL_00610,CC(C)COC(=O)CCCCC(=O)OCC(C)C,0.0,0.0,0.0,0.0,0.0,0.0,0.0,0.0,0.0,0.0,0.0,0.0
MOL_00611,O=c1sc2ccccc2c(O)c1C1CC(c2ccc(-c3ccc(Br)cc3)cc2)Cc2ccccc21,,,,,,,,1.0,,1.0,,
MOL_00612,O=[N+]([O-])c1ccc(C=Cc2ccc([N+](=O)[O-])cc2S(=O)(=O)[O-])c(S(=O)(=O)[O-])c1,0.0,0.0,0.0,0.0,0.0,0.0,0.0,0.0,0.0,0.0,0.0,0.0
MOL_00613,CCNC1(c2cccs2)CCCCC1=O,0.0,0.0,0.0,0.0,0.0,0.0,0.0,,0.0,,0.0,0.0
MOL_00614,CCN(O)CC,0.0,0.0,,,,0.0,0.0,0.0,0.0,0.0,0.0,0.0
MOL_00615,O=C1CN=C(c2ccccc2)c2cc(Cl)ccc2N1,0.0,0.0,0.0,0.0,0.0,0.0,0.0,,0.0,,0.0,0.0
MOL_00616,COc1cc(CC(C)N)c(OC)cc1Br,0.0,0.0,0.0,0.0,0.0,0.0,,,0.0,,0.0,0.0
MOL_00617,Cc1ccc2c(Cl)cc(Cl)c(O)c2n1,0.0,1.0,0.0,,,,1.0,0.0,1.0,0.0,1.0,
MOL_00618,CN(C(=O)C(Cl)Cl)c1ccc(OC(=O)c2ccco2)cc1,0.0,0.0,0.0,0.0,1.0,,0.0,,0.0,0.0,0.0,0.0
MOL_00619,CCCCCc1cc(O)c2c(c1)OC(C)(C)c1ccc(C)cc1-2,0.0,,1.0,,,,,,,,1.0,
MOL_00620,CN1CC[C@@]23CCCC[C@@H]2[C@@H]1Cc1ccc(O)cc13,1.0,0.0,0.0,0.0,,0.0,0.0,,0.0,,0.0,0.0
MOL_00621,CO[C@@]1(NC(=O)Cc2cccs2)C(=O)N2C(C(=O)[O-])=C(COC(N)=O)CS[C@@H]21,0.0,0.0,0.0,0.0,0.0,0.0,0.0,,0.0,,0.0,0.0
MOL_00622,Cc1onc(-c2c(Cl)cccc2Cl)c1C(=O)N[C@@H]1C(=O)N2[C@@H](C(=O)[O-])C(C)(C)S[C@H]12,,,,,,,,,,0.0,,
MOL_00623,COC(=O)CCc1ccc(OCC(O)CNC(C)C)cc1,0.0,0.0,0.0,0.0,0.0,0.0,0.0,0.0,0.0,0.0,0.0,0.0
MOL_00624,C=CC(=O)NC(C)C,0.0,0.0,0.0,0.0,0.0,0.0,0.0,0.0,0.0,0.0,0.0,0.0
MOL_00625,O=C(Nc1ccccc1SSc1ccccc1NC(=O)c1ccccc1)c1ccccc1,0.0,,1.0,,1.0,,1.0,0.0,0.0,1.0,1.0,
MOL_00626,O=C1c2ccccc2C(=O)C1C(=O)C(c1ccccc1)c1ccccc1,,,,,,,,,,0.0,,
MOL_00627,CCC(=O)OCC(=O)[C@@]1(OC(=O)CC)[C@H](C)C[C@H]2[C@H]3[C@H]([C@@H](O)C[C@@]21C)[C@@]1(C)C=CC(=O)C=C1C[C@H]3Cl,1.0,1.0,,,,0.0,0.0,,0.0,,0.0,0.0
MOL_00628,CC(C)c1cccc(C(C)C)c1O,0.0,0.0,0.0,0.0,0.0,0.0,0.0,0.0,0.0,0.0,1.0,0.0
MOL_00629,CNC(C)CC1CCCCC1,0.0,0.0,0.0,0.0,0.0,0.0,0.0,,0.0,,0.0,0.0
MOL_00630,Cc1c(C(C)C)c(=O)n(-c2ccccc2)n1C,0.0,0.0,0.0,0.0,0.0,0.0,0.0,0.0,0.0,0.0,0.0,0.0
MOL_00631,[O-][Cl+3]([O-])([O-])[O-],0.0,0.0,0.0,0.0,1.0,0.0,0.0,0.0,0.0,0.0,0.0,0.0
MOL_00632,CCN(C)N=O,0.0,0.0,0.0,0.0,0.0,0.0,0.0,0.0,0.0,0.0,,0.0
MOL_00633,CCCCCO,0.0,0.0,0.0,0.0,0.0,0.0,0.0,0.0,0.0,0.0,,0.0
MOL_00634,O=NN(c1ccccc1)c1ccccc1,0.0,0.0,0.0,0.0,1.0,1.0,0.0,0.0,0.0,0.0,0.0,0.0
MOL_00635,O=Nc1ccc(Nc2ccccc2)cc1,0.0,,0.0,,1.0,1.0,1.0,1.0,1.0,1.0,1.0,1.0
MOL_00636,CCCN(CCC)N=O,0.0,0.0,0.0,0.0,0.0,0.0,0.0,0.0,0.0,0.0,0.0,0.0
MOL_00637,C[N+](C)(C)C,0.0,0.0,0.0,0.0,1.0,0.0,0.0,0.0,0.0,0.0,0.0,0.0
MOL_00638,O=NN1CCCCCCC1,0.0,0.0,0.0,0.0,,0.0,0.0,0.0,0.0,0.0,0.0,0.0
MOL_00639,COc1cc(OC)c(OC)cc1C=O,0.0,0.0,0.0,,0.0,0.0,0.0,0.0,0.0,0.0,0.0,0.0
MOL_00640,C=C(C)C(=O)OC(C)C,0.0,0.0,0.0,0.0,0.0,0.0,0.0,0.0,0.0,0.0,,0.0
MOL_00641,N=C(N)c1ccccc1,0.0,0.0,0.0,0.0,0.0,0.0,0.0,0.0,0.0,0.0,0.0,0.0
MOL_00642,CCCC[N+](CCCC)(CCCC)CCCC,0.0,0.0,0.0,0.0,0.0,0.0,0.0,0.0,0.0,0.0,0.0,0.0
MOL_00643,CC1CCN(CCCC(=O)c2ccc(F)cc2)CC1,0.0,0.0,0.0,0.0,0.0,0.0,0.0,0.0,0.0,0.0,0.0,0.0
MOL_00644,CC(=O)CC(=O)OC(C)(C)C,0.0,0.0,0.0,0.0,,0.0,0.0,0.0,0.0,0.0,0.0,0.0
MOL_00645,N=C(N)NN,0.0,0.0,1.0,0.0,0.0,0.0,0.0,0.0,0.0,0.0,0.0,0.0
MOL_00646,OCCSSCCO,0.0,0.0,0.0,0.0,0.0,0.0,0.0,,0.0,0.0,0.0,0.0
MOL_00647,Cc1ccc(C(N)=O)cc1N,0.0,0.0,0.0,0.0,0.0,0.0,0.0,0.0,0.0,0.0,0.0,0.0
MOL_00648,ClCCCCCCCl,0.0,0.0,0.0,0.0,0.0,0.0,0.0,0.0,0.0,0.0,0.0,0.0
MOL_00649,CN1C(=O)CC(C)(c2ccccc2)C1=O,0.0,0.0,0.0,0.0,0.0,0.0,0.0,0.0,0.0,0.0,0.0,0.0
MOL_00650,CO[C@H]1[C@@H](O)C[C@H](O[C@H]2[C@@H](O)C[C@H](O[C@H]3[C@@H](O)C[C@H](O[C@H]4CC[C@]5(C)[C@H]6C[C@@H](O)[C@]7(C)[C@@H](C8=CC(=O)OC8)CC[C@]7(O)[C@@H]6CC[C@@H]5C4)O[C@@H]3C)O[C@@H]2C)O[C@@H]1C,,,,1.0,,0.0,,,,,1.0,0.0
MOL_00651,C[C@](N)(Cc1ccc(O)c(O)c1)C(=O)O,0.0,0.0,0.0,0.0,0.0,0.0,0.0,0.0,0.0,0.0,0.0,0.0
MOL_00652,CCC(C)Nc1c([N+](=O)[O-])cc(C(C)(C)C)cc1[N+](=O)[O-],0.0,0.0,0.0,0.0,1.0,0.0,,0.0,0.0,0.0,,0.0
MOL_00653,C[C@H]1CCC[C@@H](C)N1CCCC(O)(c1ccccc1)c1ccccn1,,,,,,,,0.0,,0.0,,
MOL_00654,CN1CCN(C2=Nc3ccccc3Oc3ccc(Cl)cc32)CC1.O=C(O)CCC(=O)O,0.0,0.0,0.0,0.0,0.0,0.0,0.0,0.0,0.0,0.0,,0.0
MOL_00655,Nc1ccc2cc(S(=O)(=O)O)ccc2c1,0.0,0.0,0.0,0.0,0.0,0.0,0.0,0.0,0.0,0.0,0.0,0.0
MOL_00656,c1ccc2c(c1)cc1ccc3cccc4ccc2c1c34,0.0,1.0,1.0,,,,1.0,1.0,0.0,1.0,,1.0
MOL_00657,Nc1ccc(-c2ccc(N)cc2)cc1,0.0,0.0,1.0,1.0,0.0,0.0,0.0,1.0,1.0,0.0,1.0,0.0
MOL_00658,N#CC(CCc1ccc(Cl)cc1)(Cn1cncn1)c1ccccc1,0.0,0.0,,1.0,,0.0,,,,0.0,,
MOL_00659,[Ba+2],0.0,0.0,0.0,0.0,0.0,0.0,0.0,0.0,0.0,0.0,1.0,0.0
MOL_00660,c1ccccc1,0.0,0.0,0.0,0.0,0.0,0.0,0.0,0.0,0.0,0.0,,0.0
MOL_00661,O=Cc1ccccc1,0.0,0.0,0.0,0.0,0.0,0.0,0.0,0.0,0.0,0.0,0.0,0.0
MOL_00662,C=CCCC,0.0,0.0,0.0,0.0,0.0,0.0,0.0,0.0,0.0,0.0,0.0,0.0
MOL_00663,CCOC(=O)CP(=O)(OCC)OCC,0.0,0.0,0.0,0.0,,0.0,0.0,0.0,0.0,0.0,0.0,0.0
MOL_00664,CC(C)(c1ccccc1)c1ccccc1,0.0,0.0,0.0,0.0,0.0,0.0,0.0,,0.0,0.0,,0.0
MOL_00665,O=C(O)COCC(=O)O,0.0,0.0,0.0,0.0,0.0,0.0,0.0,0.0,0.0,0.0,0.0,0.0
MOL_00666,Clc1ccc(C(Cl)(Cl)Cl)cc1Cl,0.0,0.0,1.0,,0.0,0.0,0.0,,0.0,,,0.0
MOL_00667,CCCCC,0.0,0.0,,0.0,0.0,0.0,0.0,0.0,0.0,,,0.0
MOL_00668,N#CC(C#N)=C(C#N)C#N,0.0,0.0,0.0,0.0,0.0,0.0,0.0,1.0,0.0,0.0,,0.0
MOL_00669,C1CCC2=NCCCN2CC1,0.0,0.0,0.0,0.0,0.0,0.0,0.0,,0.0,0.0,0.0,0.0
MOL_00670,O=C(O)c1c2ccccc2cc2ccccc12,0.0,0.0,0.0,0.0,0.0,0.0,1.0,0.0,0.0,0.0,0.0,0.0
MOL_00671,O=C(CBr)c1ccccc1,0.0,0.0,,0.0,1.0,0.0,0.0,1.0,0.0,,0.0,0.0
MOL_00672,C[N+](C)(C)CC(=O)[O-],0.0,0.0,0.0,0.0,0.0,0.0,0.0,0.0,0.0,0.0,0.0,0.0
MOL_00673,Nc1nc(Cl)cc(Cl)n1,0.0,0.0,1.0,0.0,0.0,0.0,0.0,,0.0,0.0,0.0,0.0
MOL_00674,COc1ccc(C=O)cc1O,0.0,0.0,0.0,,0.0,0.0,0.0,0.0,0.0,0.0,,0.0
MOL_00675,CCN(CC)CCNC(=O)c1ccc(N)cc1,0.0,0.0,0.0,0.0,0.0,0.0,0.0,0.0,0.0,0.0,0.0,0.0
MOL_00676,O=c1c(=O)c2cccc3cccc1c32,0.0,0.0,1.0,0.0,0.0,0.0,0.0,,0.0,,,1.0
MOL_00677,O=c1[nH][nH]c2ccccc12,0.0,0.0,1.0,0.0,0.0,0.0,,0.0,0.0,0.0,0.0,0.0
MOL_00678,CC1(C)C(=O)N(Cl)C(=O)N1Br,0.0,0.0,0.0,0.0,0.0,0.0,0.0,,0.0,0.0,0.0,0.0
MOL_00679,O=C1C(I)=CC(=C(c2cc(I)c([O-])c(I)c2)c2ccccc2C(=O)[O-])C=C1I,0.0,0.0,0.0,0.0,0.0,0.0,,1.0,0.0,0.0,1.0,
MOL_00680,CN(CCOc1ccc(CC2SC(=O)NC2=O)cc1)c1ccccn1,0.0,,0.0,0.0,0.0,0.0,1.0,1.0,0.0,0.0,1.0,0.0
MOL_00681,CNC(=O)N(c1ccccc1)c1ccccc1,0.0,0.0,0.0,0.0,0.0,0.0,0.0,0.0,0.0,0.0,0.0,0.0
MOL_00682,CN(CCO)CCO,0.0,0.0,0.0,0.0,0.0,0.0,0.0,0.0,0.0,0.0,,0.0
MOL_00683,CC1CCCC1,0.0,0.0,0.0,0.0,0.0,0.0,0.0,1.0,0.0,,,
MOL_00684,C=CC(=O)NCNC(=O)C=C,0.0,0.0,0.0,,,0.0,,1.0,0.0,0.0,0.0,0.0
MOL_00685,C[C@H](CN1CCOCC1)C(C(=O)N1CCCC1)(c1ccccc1)c1ccccc1,0.0,0.0,1.0,0.0,0.0,0.0,0.0,0.0,0.0,0.0,0.0,0.0
MOL_00686,N#CSCSC#N,0.0,,0.0,,,1.0,1.0,,1.0,1.0,,1.0
MOL_00687,Nc1ccccc1-c1ccccc1,0.0,0.0,0.0,0.0,,0.0,,0.0,0.0,0.0,0.0,0.0
MOL_00688,Cc1ccc(C(=O)c2ccccc2)cc1,0.0,0.0,,,1.0,0.0,0.0,0.0,0.0,0.0,0.0,0.0
MOL_00689,CCCCCCCCCCCCCC[P+](CCCC)(CCCC)CCCC,0.0,,,,,,,,,,1.0,
MOL_00690,CC(C)(C)c1cc(C(C)(C)C)c(O)c(C(C)(C)C)c1,0.0,0.0,0.0,,0.0,0.0,0.0,0.0,0.0,0.0,1.0,0.0
MOL_00691,CS(=O)(=O)c1ccc(C2=C(c3ccccc3)C(=O)OC2)cc1,0.0,0.0,0.0,0.0,0.0,0.0,0.0,,0.0,,0.0,0.0
MOL_00692,CC[C@@H](O)C(C[C@@H](C)N(C)C)(c1ccccc1)c1ccccc1,0.0,0.0,0.0,0.0,,0.0,,,0.0,,,0.0
MOL_00693,CCCCS,0.0,,0.0,0.0,0.0,0.0,0.0,0.0,0.0,0.0,0.0,0.0
MOL_00694,CC[C@H](O)C(C[C@H](C)N(C)C)(c1ccccc1)c1ccccc1,0.0,0.0,0.0,0.0,0.0,0.0,,0.0,0.0,0.0,,0.0
MOL_00695,Brc1c(NC2=NCCN2)ccc2nccnc12,0.0,0.0,0.0,0.0,0.0,0.0,0.0,0.0,0.0,0.0,,0.0
MOL_00696,C[C@]12C=CC3=C4CCC(=O)C=C4CC[C@H]3[C@@H]1CC[C@@H]2O,1.0,1.0,0.0,0.0,1.0,1.0,0.0,1.0,0.0,0.0,0.0,0.0
MOL_00697,C[S+](C)CCC(N)C(=O)O,0.0,0.0,0.0,0.0,0.0,0.0,0.0,,0.0,,0.0,0.0
MOL_00698,NC(=O)OC[C@@H]1[C@H](NC(=O)/C(=N\OCC(=O)[O-])c2csc(N)n2)C(=O)N1S(=O)(=O)[O-],0.0,0.0,0.0,0.0,1.0,0.0,0.0,,0.0,,0.0,0.0
MOL_00699,Cc1ccc(C(C)(C)c2ccc(C)cc2)cc1,0.0,0.0,0.0,0.0,0.0,0.0,0.0,,0.0,,0.0,0.0
MOL_00700,COc1ccc(C(=O)c2ccc(C)cc2)c(O)c1,0.0,0.0,1.0,,1.0,0.0,0.0,0.0,0.0,0.0,0.0,0.0
MOL_00701,CCCCCCOC(=O)c1cccnc1,0.0,0.0,0.0,0.0,0.0,0.0,0.0,,0.0,,0.0,0.0
MOL_00702,COc1ccc(-c2noc(CC(=O)O)c2-c2ccc(OC)cc2)cc1,,,0.0,0.0,0.0,0.0,0.0,,0.0,,,0.0
MOL_00703,C/C(=N\Cc1ccccc1)c1ccccc1O,0.0,0.0,0.0,0.0,0.0,0.0,0.0,,0.0,,0.0,0.0
MOL_00704,CCCC(C)(COC(N)=O)COC(=O)NC1CC1,0.0,0.0,,0.0,0.0,0.0,0.0,,0.0,,0.0,0.0
MOL_00705,CN1C(=O)CN2CCc3ccccc3C2c2cc(Cl)ccc21,0.0,0.0,1.0,,0.0,0.0,0.0,,0.0,,0.0,1.0
MOL_00706,CCCCNC(=O)NS(=O)(=O)c1ccc(C)cc1,0.0,0.0,0.0,0.0,0.0,0.0,0.0,0.0,0.0,0.0,0.0,0.0
MOL_00707,CCCCCC[C@@H](O)C/C=C\CCCCCCCC(=O)OCC(O)CO,0.0,0.0,0.0,0.0,0.0,0.0,0.0,,0.0,0.0,0.0,0.0
MOL_00708,CCCCCCCC(=O)OCC(O)CO,0.0,0.0,0.0,0.0,0.0,0.0,0.0,0.0,0.0,0.0,0.0,0.0
MOL_00709,CCCCCCCCCCCCCC(=O)OCC(O)CO,0.0,0.0,0.0,,0.0,0.0,0.0,0.0,0.0,0.0,,0.0
MOL_00710,Cc1ccc(S(=O)(=O)NC(=O)NN2CCCCCC2)cc1,0.0,0.0,0.0,0.0,1.0,0.0,0.0,0.0,0.0,0.0,0.0,0.0
MOL_00711,C=CCN(CC=C)C(=O)C(Cl)Cl,0.0,0.0,0.0,0.0,0.0,0.0,0.0,0.0,0.0,0.0,0.0,0.0
MOL_00712,CCCCCCCCCCCCCCCCO,0.0,0.0,0.0,0.0,0.0,0.0,0.0,1.0,0.0,0.0,0.0,0.0
MOL_00713,C=CCc1ccc(OC)cc1,0.0,0.0,0.0,0.0,,0.0,0.0,0.0,0.0,0.0,0.0,0.0
MOL_00714,C=CC(=O)OC,0.0,0.0,0.0,0.0,0.0,0.0,0.0,0.0,0.0,0.0,,0.0
MOL_00715,O=C1c2cccc(O)c2C(=O)c2c(O)cc(CO)cc21,0.0,0.0,0.0,,,0.0,,1.0,0.0,0.0,1.0,
MOL_00716,C1CSCCS1,0.0,0.0,0.0,0.0,0.0,0.0,0.0,0.0,0.0,,0.0,0.0
MOL_00717,CN(C)C(=O)C(c1ccccc1)c1ccccc1,0.0,0.0,0.0,0.0,0.0,0.0,0.0,1.0,0.0,0.0,0.0,0.0
MOL_00718,OC[C@H]1O[C@@H]2O[C@@H]3[C@@H](CO)O[C@H](O[C@@H]4[C@@H](CO)O[C@H](O[C@@H]5[C@@H](CO)O[C@H](O[C@@H]6[C@@H](CO)O[C@H](O[C@@H]7[C@@H](CO)O[C@H](O[C@H]1[C@H](O)[C@H]2O)[C@H](O)[C@H]7O)[C@H](O)[C@H]6O)[C@H](O)[C@H]5O)[C@H](O)[C@H]4O)[C@H](O)[C@H]3O,0.0,0.0,0.0,0.0,1.0,0.0,0.0,1.0,0.0,0.0,0.0,0.0
MOL_00719,CCCCCC[C@@H](O)C/C=C\CCCCCCCC(=O)OC,0.0,0.0,0.0,0.0,0.0,0.0,0.0,0.0,0.0,0.0,,0.0
MOL_00720,Nc1ncn([C@H]2C[C@H](O)[C@@H](CO)O2)c(=O)n1,0.0,0.0,0.0,,0.0,0.0,0.0,0.0,,0.0,0.0,
MOL_00721,COC(=O)c1ccc(NC(C)=O)cc1OC,,,,,,,,0.0,,0.0,,
MOL_00722,COC(=O)c1cc(Cl)c(NC(C)=O)cc1OC,,,,,,,,0.0,,0.0,,
MOL_00723,Nc1ccc([N+](=O)[O-])c(C(F)(F)F)c1,,,,,,,,0.0,,0.0,,
MOL_00724,CCOC(=O)c1ccc(O)c(O)c1,,,,,,,,0.0,,0.0,,
MOL_00725,OC1(c2ccc(Cl)cc2)CCNCC1,,,,,,,,0.0,,0.0,,
MOL_00726,Clc1ccccc1N1CCNCC1,,,,,,,,1.0,,0.0,,
MOL_00727,O=C(c1ccco1)N1CCNCC1,,,,,,,,0.0,,0.0,,
MOL_00728,CC(=O)c1ccc(O)c(C(N)=O)c1,,,,,,,,0.0,,0.0,,
MOL_00729,CCCC(=O)Nc1ccc(O)c(C(C)=O)c1,,,,,,,,0.0,,0.0,,
MOL_00730,OC1(c2ccccc2)CCNCC1,,,,,,,,0.0,,0.0,,
MOL_00731,CC(=O)CC(=O)Nc1ccc(C)cc1C,0.0,0.0,0.0,0.0,0.0,0.0,0.0,0.0,0.0,0.0,,0.0
MOL_00732,COc1cc(Cl)c(OC)cc1N,0.0,0.0,1.0,0.0,0.0,0.0,0.0,,0.0,0.0,0.0,0.0
MOL_00733,CCOC(=O)c1ccccc1C,0.0,0.0,0.0,,0.0,0.0,0.0,0.0,0.0,0.0,0.0,0.0
MOL_00734,C[Si](C)(C)O[Si](C)(C)O[Si](C)(C)C,0.0,0.0,0.0,0.0,0.0,0.0,0.0,0.0,0.0,0.0,,0.0
MOL_00735,CCCCCCCCOC(=O)c1cc(O)c(O)c(O)c1,0.0,,,,,,,,0.0,,,1.0
MOL_00736,CC[Sn](Br)(CC)CC,0.0,1.0,0.0,,,1.0,1.0,,1.0,1.0,1.0,1.0
MOL_00737,C=CC(=O)OCCOc1ccccc1,0.0,,0.0,0.0,,0.0,0.0,,0.0,1.0,,1.0
MOL_00738,Cc1cc(C)c(N)c(Cl)c1,0.0,0.0,0.0,0.0,0.0,0.0,0.0,0.0,0.0,0.0,0.0,0.0
MOL_00739,CCC(C)(C)C1CCC(O)CC1,0.0,0.0,0.0,0.0,,0.0,0.0,0.0,0.0,0.0,0.0,0.0
MOL_00740,CCCOC(=O)c1ccccc1,0.0,0.0,0.0,0.0,0.0,0.0,0.0,0.0,0.0,0.0,0.0,0.0
MOL_00741,CCC(CO)(CO)COCC(CC)(CO)CO,0.0,0.0,0.0,0.0,0.0,0.0,0.0,0.0,0.0,0.0,0.0,0.0
MOL_00742,N=C1NC(=N)c2ccccc21,0.0,1.0,,,0.0,0.0,,1.0,1.0,0.0,,1.0
MOL_00743,C=C(C)C(=O)OCCCCOC(=O)C(=C)C,0.0,0.0,0.0,,0.0,0.0,0.0,0.0,0.0,0.0,0.0,0.0
MOL_00744,CCCCCCCCCCCC(=O)N(CC)CC,0.0,0.0,0.0,0.0,0.0,0.0,0.0,0.0,0.0,0.0,0.0,0.0
MOL_00745,N#CCCOCCOCCC#N,0.0,0.0,0.0,0.0,0.0,0.0,0.0,0.0,0.0,0.0,,0.0
MOL_00746,C=CC(=O)OCCCCCCCCCC,0.0,0.0,0.0,0.0,0.0,0.0,0.0,0.0,0.0,0.0,0.0,0.0
MOL_00747,Cc1ccc(N(CCO)CCO)cc1,0.0,0.0,,0.0,0.0,0.0,0.0,0.0,0.0,0.0,0.0,0.0
MOL_00748,CN(C)CCN(C)CCO,0.0,0.0,0.0,0.0,0.0,0.0,0.0,0.0,0.0,0.0,0.0,0.0
MOL_00749,C(COCC1CO1)OCC1CO1,0.0,0.0,0.0,,0.0,0.0,0.0,1.0,0.0,,0.0,
MOL_00750,CCC(=O)Nc1cccc(N)c1,0.0,0.0,0.0,0.0,0.0,0.0,0.0,0.0,0.0,0.0,0.0,0.0
MOL_00751,S=C(Nc1ccccc1)Nc1ccccc1,0.0,0.0,0.0,0.0,0.0,0.0,0.0,,0.0,1.0,,0.0
MOL_00752,O=C(N[C@H]1N=C(c2ccccc2F)c2cccc3c2N(CC3)C1=O)c1cc2ccccc2[nH]1,0.0,0.0,1.0,0.0,,0.0,0.0,0.0,0.0,0.0,0.0,
MOL_00753,CCOC(=O)Cc1cccc(-c2cc(CCCCCCc3ccc(O[C@H]4O[C@H](COC(C)=O)[C@@H](OC(C)=O)[C@H](OC(C)=O)[C@@H]4OC(C)=O)c(-c4cccc(CC(=O)OCC)c4)c3)ccc2O[C@H]2O[C@H](COC(C)=O)[C@@H](OC(C)=O)[C@H](OC(C)=O)[C@@H]2OC(C)=O)c1,0.0,0.0,0.0,0.0,0.0,0.0,0.0,,0.0,,0.0,0.0
MOL_00754,CCc1cc(S(=O)(=O)[O-])c2cc(C(C)C)cccc1-2,0.0,0.0,0.0,0.0,0.0,0.0,0.0,,0.0,0.0,0.0,0.0
MOL_00755,O=C(N[C@@H]1N=C(c2ccccc2F)c2cccc3c2N(CC3)C1=O)c1cc2ccccc2[nH]1,0.0,0.0,1.0,0.0,,0.0,0.0,,1.0,0.0,1.0,
MOL_00756,CCC(C(=O)NC(=O)NC(C)=O)c1ccccc1,0.0,0.0,0.0,0.0,0.0,0.0,0.0,0.0,0.0,0.0,0.0,0.0
MOL_00757,O=C(O)CNC(=O)CNC(=O)CNC(=O)CSC(=O)c1ccccc1,0.0,0.0,0.0,0.0,0.0,0.0,0.0,0.0,0.0,0.0,0.0,0.0
MOL_00758,Nc1ccn(C2CO[C@H](CO)O2)c(=O)n1,0.0,0.0,0.0,0.0,0.0,0.0,0.0,0.0,0.0,0.0,0.0,
MOL_00759,CCN1CCN(c2cc(-c3ccc(F)cc3)c3c(n2)CCCCCC3)CC1,0.0,0.0,0.0,0.0,0.0,0.0,0.0,0.0,0.0,0.0,0.0,0.0
MOL_00760,CCOC(=O)OCC/C(SC(=O)OCC)=C(\C)N(C=O)Cc1cnc(C)nc1N,0.0,0.0,0.0,0.0,0.0,0.0,0.0,0.0,0.0,0.0,0.0,0.0
MOL_00761,CC[C@]1(O)C[C@@H]2CN(CCc3c([nH]c4ccccc34)[C@@](C(=O)OC)(c3cc4c(cc3OC)N(C)[C@H]3[C@@](O)(C(=O)OC)[C@H](OC(C)=O)[C@]5(CC)C=CCN6CC[C@]43[C@@H]65)C2)C1,0.0,,0.0,,,,,1.0,1.0,1.0,1.0,1.0
MOL_00762,CCC(=O)c1ccc2c(c1)N(CCCN1CCN(CCO)CC1)c1ccccc1S2,0.0,0.0,1.0,,0.0,0.0,,,0.0,,,0.0
MOL_00763,OC(CCN1CCCCC1)(c1ccccc1)C1CC2C=CC1C2,0.0,0.0,0.0,0.0,0.0,0.0,0.0,0.0,0.0,0.0,0.0,0.0
MOL_00764,CCOP(=O)(OCC)OCC,0.0,0.0,1.0,0.0,0.0,0.0,0.0,0.0,0.0,0.0,0.0,0.0
MOL_00765,Nc1ccc(F)cc1,0.0,0.0,,0.0,0.0,0.0,0.0,0.0,0.0,0.0,,0.0
MOL_00766,Oc1ccc(Cl)cc1Sc1cc(Cl)ccc1O,0.0,,0.0,,,0.0,0.0,0.0,,1.0,1.0,1.0
MOL_00767,CCC(C)n1c(=O)[nH]c(C)c(Br)c1=O,0.0,0.0,1.0,0.0,0.0,0.0,0.0,0.0,0.0,0.0,0.0,0.0
MOL_00768,CCOc1cc(OCC)c(C(C)=O)cc1OCC,0.0,0.0,,,,0.0,0.0,0.0,0.0,0.0,,0.0
MOL_00769,CC(=O)OCCOCCOCCOC(C)=O,0.0,0.0,0.0,0.0,0.0,0.0,0.0,0.0,0.0,0.0,0.0,0.0
MOL_00770,OCCC(F)(F)C(F)(F)C(F)(F)C(F)(F)C(F)(F)C(F)(F)C(F)(F)C(F)(F)F,0.0,0.0,0.0,0.0,0.0,0.0,0.0,0.0,0.0,0.0,0.0,0.0
MOL_00771,Cn1cnc2c1c(=O)[nH]c(=O)n2C,0.0,0.0,0.0,0.0,0.0,0.0,0.0,0.0,0.0,0.0,0.0,0.0
MOL_00772,CCN(CC)c1ccc2c(C)cc(=O)oc2c1,1.0,,1.0,,0.0,,,,0.0,,,1.0
MOL_00773,CCN(CC)c1cccc(O)c1,0.0,0.0,1.0,0.0,1.0,,0.0,,0.0,0.0,,0.0
MOL_00774,Oc1ccc2ccccc2c1/N=N/c1ccccc1,0.0,0.0,1.0,0.0,1.0,0.0,0.0,1.0,0.0,0.0,1.0,0.0
MOL_00775,NC(=S)Nc1ccccc1,0.0,0.0,0.0,0.0,0.0,0.0,0.0,0.0,0.0,0.0,0.0,0.0
MOL_00776,Nc1c2ccccc2nc2ccccc12,0.0,,1.0,1.0,1.0,,,,0.0,,1.0,1.0
MOL_00777,CC[N+](CC)(CC)CCC(O)(c1ccccc1)C1CCCCC1,0.0,0.0,0.0,0.0,0.0,0.0,0.0,,0.0,,0.0,0.0
MOL_00778,CNP(=O)(OC)Oc1ccc(C(C)(C)C)cc1Cl,0.0,0.0,0.0,,0.0,0.0,,1.0,0.0,0.0,0.0,0.0
MOL_00779,CC(=O)NNc1ccccc1,0.0,0.0,0.0,0.0,0.0,0.0,,0.0,0.0,0.0,0.0,0.0
MOL_00780,CC(=O)C1C(=O)C=C(C)OC1=O,0.0,0.0,0.0,0.0,0.0,0.0,0.0,0.0,0.0,0.0,0.0,0.0
MOL_00781,Nc1ccc(Nc2ccccc2)cc1,0.0,0.0,,0.0,0.0,0.0,0.0,1.0,0.0,0.0,0.0,
MOL_00782,C/C=C(C(=C/C)/c1ccc(O)cc1)\c1ccc(O)cc1,0.0,0.0,0.0,0.0,1.0,1.0,0.0,1.0,0.0,1.0,1.0,1.0
MOL_00783,NNCCO,0.0,0.0,0.0,0.0,,0.0,0.0,0.0,0.0,0.0,0.0,0.0
MOL_00784,Cc1ncc(C[n+]2csc(CCO)c2C)c(N)n1,0.0,0.0,0.0,0.0,0.0,0.0,0.0,0.0,0.0,0.0,0.0,0.0
MOL_00785,CCOc1ccc(NC(=O)CC(C)O)cc1,0.0,0.0,0.0,0.0,0.0,0.0,0.0,0.0,0.0,0.0,0.0,0.0
MOL_00786,CCOP(=S)(OCC)SCSCC,0.0,0.0,0.0,,1.0,0.0,0.0,0.0,0.0,0.0,0.0,0.0
MOL_00787,C=CC(=O)OCCN(C)C,0.0,0.0,0.0,0.0,0.0,0.0,0.0,,0.0,0.0,0.0,0.0
MOL_00788,Nc1ccc2cc3ccccc3cc2c1,0.0,,1.0,,1.0,,,,1.0,,1.0,1.0
MOL_00789,CN(C)CCCOc1nn(Cc2ccccc2)c2ccccc12,0.0,0.0,0.0,0.0,0.0,0.0,0.0,,0.0,0.0,0.0,0.0
MOL_00790,CCN1CCCC(OC(=O)C(c2ccccc2)c2ccccc2)C1,0.0,0.0,0.0,0.0,0.0,0.0,0.0,0.0,0.0,0.0,,0.0
MOL_00791,CCCCC1C(=O)N(c2ccccc2)N(c2ccc(O)cc2)C1=O,0.0,,0.0,0.0,,0.0,,,0.0,,0.0,
MOL_00792,CCOCC(C)O,0.0,0.0,0.0,0.0,0.0,0.0,0.0,0.0,0.0,0.0,,0.0
MOL_00793,CCCCC(CC)CN1CN(CC(CC)CCCC)CC(C)(N)C1,,,,,,,,0.0,,0.0,,
MOL_00794,CN(C)CCCN,0.0,0.0,0.0,0.0,0.0,0.0,0.0,0.0,0.0,0.0,0.0,0.0
MOL_00795,O=C1CCCc2ccccc21,0.0,0.0,1.0,0.0,0.0,0.0,0.0,0.0,0.0,0.0,0.0,0.0
MOL_00796,OC1CCCc2ccccc21,0.0,0.0,0.0,0.0,0.0,0.0,0.0,0.0,0.0,0.0,0.0,0.0
MOL_00797,c1ccc(N=NNc2ccccc2)cc1,0.0,0.0,1.0,,1.0,0.0,,1.0,0.0,0.0,,0.0
MOL_00798,O=C(O)C1(C(=O)Nc2ccc(Cl)cc2Cl)CC1,0.0,,1.0,,0.0,0.0,,1.0,1.0,0.0,,
MOL_00799,COC(C)OC,0.0,0.0,0.0,0.0,0.0,0.0,0.0,0.0,0.0,0.0,,0.0
MOL_00800,CCc1ccc(C(c2ccc(CC)cc2)C(Cl)Cl)cc1,0.0,0.0,0.0,0.0,,0.0,0.0,0.0,0.0,0.0,1.0,0.0
MOL_00801,CC(O)c1ccccc1,0.0,0.0,0.0,0.0,0.0,0.0,0.0,0.0,0.0,0.0,0.0,0.0
MOL_00802,Clc1cccc(-c2cc(Cl)cc(Cl)c2)c1,0.0,0.0,0.0,0.0,0.0,,0.0,0.0,0.0,0.0,,0.0
MOL_00803,Clc1ccccc1-c1nnc(-c2ccccc2Cl)nn1,0.0,0.0,1.0,,1.0,0.0,0.0,0.0,1.0,0.0,0.0,0.0
MOL_00804,CCOc1ccc(NC(N)=O)cc1,0.0,0.0,0.0,0.0,,0.0,0.0,0.0,0.0,0.0,0.0,0.0
MOL_00805,CCOc1ccccc1C(N)=O,0.0,0.0,,0.0,0.0,0.0,0.0,0.0,0.0,1.0,0.0,0.0
MOL_00806,CCOc1ccc2c(c1)C(C)=CC(C)(C)N2,0.0,0.0,1.0,0.0,0.0,0.0,1.0,,0.0,,0.0,0.0
MOL_00807,C=CC(=O)OCC,0.0,0.0,0.0,0.0,0.0,0.0,0.0,0.0,0.0,0.0,0.0,0.0
MOL_00808,CN1CCCC1=O,0.0,0.0,0.0,0.0,0.0,0.0,0.0,0.0,0.0,0.0,0.0,0.0
MOL_00809,CNc1ncnc2[nH]cnc12,0.0,0.0,,,0.0,0.0,0.0,1.0,1.0,0.0,1.0,0.0
MOL_00810,CCOC(=O)C(C)Oc1ccc(Oc2cnc3cc(Cl)ccc3n2)cc1,0.0,0.0,1.0,,0.0,0.0,0.0,0.0,0.0,0.0,1.0,0.0
MOL_00811,COP(=S)(OC)Oc1ccc([N+](=O)[O-])cc1,0.0,0.0,1.0,0.0,1.0,0.0,0.0,0.0,0.0,0.0,0.0,0.0
MOL_00812,COc1cc(N)ccc1C,0.0,0.0,1.0,0.0,0.0,0.0,,,0.0,0.0,0.0,0.0
MOL_00813,CC(=O)c1ccccc1,0.0,0.0,0.0,0.0,0.0,0.0,0.0,0.0,0.0,0.0,0.0,0.0
MOL_00814,Oc1ccc(Cl)cc1Cc1cc(Cl)ccc1O,0.0,0.0,0.0,,,0.0,0.0,,0.0,1.0,1.0,1.0
MOL_00815,Nc1ccc([N+](=O)[O-])cc1[N+](=O)[O-],0.0,0.0,,,0.0,0.0,0.0,,0.0,0.0,1.0,0.0
MOL_00816,CC(C)N(CCO)C(C)C,0.0,0.0,0.0,0.0,0.0,0.0,0.0,0.0,0.0,0.0,,0.0
MOL_00817,CCC(C)=NO,0.0,0.0,0.0,0.0,0.0,0.0,0.0,0.0,0.0,0.0,0.0,0.0
MOL_00818,CCC(=O)CC,0.0,0.0,0.0,0.0,0.0,0.0,0.0,0.0,0.0,0.0,0.0,0.0
MOL_00819,CC[N+](CC)(CC)CCOc1cccc(OCC[N+](CC)(CC)CC)c1OCC[N+](CC)(CC)CC,0.0,0.0,0.0,0.0,0.0,0.0,0.0,0.0,0.0,0.0,0.0,0.0
MOL_00820,OC[C@H]1OC(O)[C@H](O)[C@@H](O)[C@H]1O,0.0,0.0,0.0,0.0,0.0,0.0,0.0,,0.0,,,0.0
MOL_00821,CCCCc1ccc(C(=O)O)nc1,0.0,0.0,0.0,0.0,,0.0,0.0,,0.0,,0.0,0.0
MOL_00822,C/C(=C(/CCO)SSCC1CCCO1)N(C=O)Cc1cnc(C)nc1N,0.0,0.0,0.0,0.0,0.0,0.0,0.0,,0.0,,0.0,0.0
MOL_00823,CCCC(C)CC,0.0,0.0,0.0,0.0,0.0,0.0,0.0,0.0,0.0,0.0,0.0,0.0
MOL_00824,CCOP(=O)([O-])C(N)=O,0.0,0.0,0.0,0.0,0.0,0.0,0.0,,0.0,0.0,,0.0
MOL_00825,O=C(Cl)c1cc(Cl)cc(Cl)c1,0.0,0.0,0.0,0.0,0.0,0.0,0.0,0.0,0.0,0.0,,0.0
MOL_00826,COC(=O)c1cccc(Cl)c1,0.0,0.0,0.0,0.0,0.0,0.0,0.0,0.0,0.0,0.0,0.0,0.0
MOL_00827,C=C(C)C(=O)OCCN(C)C,0.0,0.0,0.0,0.0,0.0,0.0,0.0,0.0,0.0,0.0,0.0,0.0
MOL_00828,Cc1cc(=O)nc(C(C)C)[nH]1,0.0,0.0,0.0,0.0,0.0,0.0,0.0,0.0,0.0,0.0,0.0,0.0
MOL_00829,CC1(C)CC(N)CC(C)(CN)C1,0.0,0.0,0.0,0.0,0.0,0.0,0.0,0.0,0.0,0.0,0.0,0.0
MOL_00830,CCCOCCO,0.0,0.0,0.0,0.0,0.0,0.0,0.0,0.0,0.0,0.0,0.0,0.0
MOL_00831,COC(=O)CCS,0.0,0.0,0.0,0.0,0.0,0.0,0.0,0.0,0.0,0.0,0.0,0.0
MOL_00832,CCCCOC(=O)[C@@H](C)Oc1ccc(Oc2ccc(C(F)(F)F)cn2)cc1,0.0,0.0,0.0,1.0,1.0,0.0,0.0,,0.0,0.0,0.0,0.0
MOL_00833,CC(C)NCC(O)COc1ccccc1-n1cccc1,0.0,0.0,0.0,0.0,0.0,0.0,0.0,,0.0,,,
MOL_00834,OC[C@H]1O[C@@H](n2cnc3c(S)ncnc32)[C@H](O)[C@@H]1O,0.0,0.0,1.0,,0.0,0.0,,1.0,0.0,0.0,,1.0
MOL_00835,CC1(C)CO[C@@H](CC(=O)O)CN1,,,,,,,,0.0,,0.0,,
MOL_00836,NC(=O)c1ncn([C@@H]2O[C@H](CO)[C@@H](O)[C@H]2O)c1N,0.0,0.0,0.0,,0.0,0.0,0.0,0.0,0.0,0.0,0.0,0.0
MOL_00837,N=C(N)NN.N=C(N)NN,0.0,0.0,,0.0,0.0,0.0,0.0,0.0,0.0,0.0,0.0,0.0
MOL_00838,CCC(COC(=O)c1cc(OC)c(OC)c(OC)c1)(c1ccccc1)N(C)C,0.0,0.0,0.0,0.0,,0.0,0.0,1.0,0.0,0.0,,0.0
MOL_00839,CC[C@H](NC(C)C)[C@H](O)c1ccc(O)c2[nH]c(=O)ccc12,0.0,0.0,0.0,0.0,0.0,0.0,0.0,0.0,0.0,0.0,0.0,0.0
MOL_00840,CCCCCCC1(C)CCC(=O)O1,0.0,0.0,0.0,0.0,0.0,0.0,0.0,0.0,0.0,0.0,,0.0
MOL_00841,OC[C@H]1OC(S[Au])[C@H](O)[C@@H](O)[C@@H]1O,0.0,0.0,0.0,0.0,0.0,0.0,,,0.0,,0.0,
MOL_00842,CCCCCCC#CC(=O)OC,0.0,0.0,0.0,0.0,0.0,0.0,0.0,,0.0,0.0,0.0,0.0
MOL_00843,CCCCCC/C=C/C(=O)OC,0.0,0.0,0.0,0.0,0.0,0.0,0.0,0.0,0.0,0.0,0.0,0.0
MOL_00844,CCCCCCCC(=O)OCCCCCC,0.0,0.0,0.0,0.0,0.0,0.0,0.0,0.0,0.0,0.0,0.0,0.0
MOL_00845,CCCCCCCC/C=C\CCCCCCCC(=O)OCC,0.0,0.0,0.0,0.0,0.0,0.0,0.0,0.0,0.0,0.0,0.0,0.0
MOL_00846,C/C=C/C=C/CO,0.0,0.0,0.0,0.0,0.0,0.0,0.0,,0.0,0.0,0.0,0.0
MOL_00847,CCN(CC)CC1CCCCN1CC(=O)N1c2ccccc2C(=O)Nc2cccnc21,0.0,0.0,0.0,0.0,0.0,0.0,0.0,0.0,0.0,0.0,0.0,0.0
MOL_00848,CC1(C)Oc2ccc(C#N)cc2[C@@H](N2CCCC2=O)[C@@H]1O,0.0,0.0,0.0,0.0,0.0,0.0,0.0,0.0,0.0,0.0,0.0,0.0
MOL_00849,O=C(O)CCCCCCC(=O)O,0.0,,0.0,0.0,0.0,0.0,0.0,0.0,0.0,0.0,0.0,0.0
MOL_00850,CCOC(=O)[C@]1(c2ccccc2)Oc2ccccc2[C@@H]1N,0.0,0.0,0.0,1.0,,0.0,0.0,,0.0,0.0,,0.0
MOL_00851,CCCN1C=CN(C)C1,0.0,0.0,0.0,0.0,0.0,0.0,0.0,0.0,0.0,0.0,0.0,0.0
MOL_00852,Cc1ccccc1/N=N/c1ccc(/N=N/c2c(O)ccc3ccccc23)c(C)c1,0.0,0.0,1.0,0.0,1.0,,0.0,1.0,0.0,0.0,0.0,0.0
MOL_00853,CCCCCCCCCCCCCBr,0.0,0.0,0.0,0.0,0.0,0.0,0.0,0.0,0.0,0.0,,0.0
MOL_00854,Cc1ncsc1CCCl,0.0,0.0,0.0,0.0,0.0,0.0,0.0,0.0,0.0,0.0,0.0,0.0
MOL_00855,CCN(CC)CCOc1ccc(C(=C(Cl)c2ccccc2)c2ccccc2)cc1,0.0,0.0,0.0,1.0,,0.0,0.0,,0.0,,,
MOL_00856,Clc1cccc(Cl)c1N=C1NCCN1,0.0,0.0,0.0,0.0,0.0,0.0,0.0,0.0,0.0,0.0,0.0,0.0
MOL_00857,CC1CCCC(C)N1NC(=O)c1ccc(Cl)c(S(N)(=O)=O)c1,0.0,0.0,0.0,0.0,0.0,0.0,0.0,,0.0,,0.0,0.0
MOL_00858,Nc1ccc2ccccc2c1S(=O)(=O)O,0.0,0.0,1.0,0.0,1.0,0.0,0.0,1.0,0.0,0.0,0.0,0.0
MOL_00859,O=[N+]([O-])c1ccc(Cl)cc1,0.0,0.0,0.0,0.0,0.0,0.0,0.0,0.0,0.0,0.0,0.0,0.0
MOL_00860,CCCCOC(O)CC,0.0,0.0,0.0,0.0,0.0,0.0,0.0,0.0,0.0,0.0,0.0,0.0
MOL_00861,CCCCCCCCCCCCOS(=O)(=O)[O-],0.0,0.0,0.0,0.0,0.0,0.0,0.0,0.0,0.0,0.0,0.0,0.0
MOL_00862,CCCCC(CC)COS(=O)(=O)[O-],0.0,0.0,0.0,0.0,0.0,0.0,0.0,0.0,0.0,0.0,0.0,0.0
MOL_00863,CCOC(=O)C1=NOC(c2ccccc2)(c2ccccc2)C1,0.0,0.0,0.0,,0.0,0.0,0.0,0.0,0.0,0.0,,0.0
MOL_00864,O=C(Nc1ccc([N+](=O)[O-])cc1Cl)c1cc(Cl)ccc1O,0.0,,1.0,,,0.0,,,,,1.0,1.0
MOL_00865,CC(C)(C)C(O)/C(=C\c1ccc(Cl)cc1Cl)n1cncn1,0.0,0.0,,,,0.0,,1.0,0.0,0.0,1.0,0.0
MOL_00866,Cc1cc([N+](=O)[O-])ccc1N,0.0,0.0,,0.0,,0.0,0.0,0.0,0.0,0.0,0.0,0.0
MOL_00867,Cc1c(N)cccc1[N+](=O)[O-],0.0,,,0.0,,0.0,0.0,0.0,0.0,0.0,0.0,0.0
MOL_00868,CCOC(=O)C1(c2ccccc2)CCN(CCc2ccc(N)cc2)CC1,,,,,,,,0.0,,0.0,,
MOL_00869,CCCCC(=O)O[C@]1(C(=O)CO)[C@H](C)C[C@H]2[C@@H]3CCC4=CC(=O)C=C[C@]4(C)[C@@]3(F)[C@@H](O)C[C@@]21C,1.0,1.0,,,0.0,0.0,0.0,0.0,0.0,0.0,1.0,0.0
MOL_00870,CC(C)(CO)[C@@H](O)C(=O)NCCCO,0.0,0.0,0.0,0.0,0.0,0.0,0.0,0.0,0.0,0.0,0.0,0.0
MOL_00871,CC(=O)OCC(=O)[C@@]1(O)[C@H](C)C[C@H]2[C@@H]3CCC4=CC(=O)C=C[C@]4(C)[C@@]3(F)[C@@H](O)C[C@@]21C,1.0,1.0,0.0,,0.0,0.0,0.0,0.0,0.0,0.0,0.0,0.0
MOL_00872,C/C=C(\C)C(=O)OC/C=C(\C)CCC=C(C)C,0.0,0.0,0.0,0.0,0.0,0.0,0.0,0.0,0.0,0.0,0.0,0.0
MOL_00873,N[C@@H](Cc1ccc(Oc2cc(I)c(O)c(I)c2)c(I)c1)C(=O)O,0.0,0.0,0.0,,0.0,0.0,1.0,0.0,0.0,0.0,0.0,0.0
MOL_00874,CO/N=C(\C(=O)N[C@@H]1C(=O)N2C(C(=O)[O-])=C(C[n+]3cccc4c3CCC4)CS[C@H]12)c1csc(N)n1,0.0,0.0,0.0,,0.0,0.0,0.0,,0.0,,0.0,0.0
MOL_00875,CC/C(=C(/CC)c1ccc(OP(=O)(O)O)cc1)c1ccc(OP(=O)(O)O)cc1,0.0,0.0,,0.0,1.0,1.0,0.0,,0.0,,0.0,0.0
MOL_00876,CCN(CC)CCO[C@H]1CC[C@@]2(C)C(=CC[C@H]3[C@@H]4CCC(=O)[C@@]4(C)CC[C@@H]32)C1,0.0,0.0,0.0,0.0,0.0,0.0,0.0,,0.0,,0.0,0.0
MOL_00877,COC(CNC(=O)c1ccccc1OCC(=O)O)C[Hg]O,0.0,0.0,0.0,0.0,0.0,0.0,,,,,0.0,0.0
MOL_00878,O=C(C=Cc1ccccc1)OCCCc1ccccc1,0.0,0.0,0.0,,1.0,0.0,0.0,0.0,0.0,0.0,0.0,0.0
MOL_00879,CC1=C(C=O)C(C)(C)CCC1,0.0,0.0,0.0,0.0,0.0,0.0,0.0,0.0,0.0,0.0,0.0,0.0
MOL_00880,CCCCCOC(=O)CCCC,0.0,0.0,0.0,,0.0,0.0,0.0,0.0,0.0,0.0,0.0,0.0
MOL_00881,CCCc1ccccc1,0.0,0.0,0.0,0.0,0.0,0.0,0.0,0.0,0.0,0.0,,0.0
MOL_00882,CC(C)=CC(=O)O,0.0,0.0,0.0,0.0,1.0,0.0,0.0,0.0,0.0,0.0,0.0,0.0
MOL_00883,CCCCCCCCC(=O)Cl,0.0,0.0,0.0,0.0,0.0,0.0,0.0,,0.0,0.0,0.0,0.0
MOL_00884,CN1CCCC1,0.0,0.0,0.0,0.0,0.0,0.0,0.0,0.0,0.0,0.0,0.0,0.0
MOL_00885,N=C(NCCCCCCNC(=N)NC(=N)Nc1ccc(Cl)cc1)NC(=N)Nc1ccc(Cl)cc1,1.0,,0.0,,,0.0,0.0,1.0,0.0,0.0,,
MOL_00886,CC(=O)Nc1cc([As](=O)(O)O)ccc1O,0.0,0.0,0.0,0.0,0.0,0.0,0.0,0.0,0.0,0.0,0.0,0.0
MOL_00887,CCCCCC(C)N.CCCCCC(C)N,,,,,,,,0.0,,0.0,,
MOL_00888,OCc1ccccc1O,0.0,0.0,,0.0,0.0,0.0,0.0,0.0,0.0,0.0,0.0,0.0
MOL_00889,CC=CC=CCOC(=O)C(C)C,0.0,0.0,0.0,,0.0,0.0,0.0,1.0,0.0,,0.0,
MOL_00890,C[n+]1c2cc(N)ccc2cc2ccc(N)cc21.Nc1ccc2cc3ccc(N)cc3nc2c1,0.0,,1.0,1.0,,,,,,0.0,1.0,1.0
MOL_00891,Oc1c(Br)cc(Br)c2cccnc12,0.0,0.0,1.0,0.0,,0.0,0.0,1.0,0.0,1.0,0.0,1.0
MOL_00892,CNCCCN1c2ccccc2CCc2ccccc21,0.0,0.0,0.0,0.0,0.0,0.0,,0.0,0.0,0.0,,0.0
MOL_00893,CCC(C)OC(=O)N1CCCCC1CCO,0.0,0.0,,0.0,0.0,0.0,0.0,0.0,0.0,0.0,0.0,0.0
MOL_00894,Cc1ccc(NC(=O)c2ccc(CN3CCN(C)CC3)cc2)cc1Nc1nccc(-c2cccnc2)n1,0.0,0.0,1.0,,0.0,0.0,0.0,,,0.0,1.0,0.0
MOL_00895,CCCCCC1CCC(=O)O1,0.0,0.0,0.0,0.0,0.0,0.0,0.0,0.0,0.0,0.0,0.0,0.0
MOL_00896,CC/C=C\CCOC(C)OCC,0.0,0.0,0.0,0.0,0.0,,0.0,0.0,0.0,0.0,0.0,0.0
MOL_00897,CCCOc1ccc(C(=O)OCCN(CC)CC)cc1N,0.0,0.0,1.0,0.0,0.0,0.0,0.0,0.0,0.0,0.0,0.0,0.0
MOL_00898,COC(=O)C(Cl)C(=O)OC,0.0,0.0,0.0,0.0,0.0,0.0,0.0,1.0,0.0,0.0,0.0,0.0
MOL_00899,NCCC[C@H](N)C(=O)O,0.0,0.0,0.0,,0.0,0.0,0.0,,0.0,,0.0,0.0
MOL_00900,COC(=O)C1=C(C)NC(C)=C(C(=O)OCC(C)C)C1c1ccccc1[N+](=O)[O-],0.0,,1.0,,,0.0,,,,1.0,,
MOL_00901,CN1CCN(CCCN2c3ccccc3Sc3ccc(Cl)cc32)CC1,0.0,0.0,1.0,,,0.0,,,,0.0,,
MOL_00902,CCN(CC)CCNC(=O)c1ccc(NS(C)(=O)=O)cc1,0.0,0.0,,0.0,,0.0,0.0,,0.0,,0.0,0.0
MOL_00903,CC(N)Cc1ccc2c(c1)OCO2,0.0,0.0,0.0,0.0,0.0,0.0,0.0,,0.0,,0.0,0.0
MOL_00904,CC(C)(C)c1ccc(O)c(O)c1,0.0,0.0,1.0,1.0,1.0,,0.0,1.0,0.0,1.0,1.0,0.0
MOL_00905,CC(C)(C)N,0.0,0.0,0.0,0.0,0.0,0.0,0.0,0.0,0.0,0.0,0.0,0.0
MOL_00906,CCCCOC(=O)c1ccccc1N,0.0,0.0,0.0,0.0,0.0,0.0,0.0,,0.0,0.0,,0.0
MOL_00907,O=C1CCCCCCCCCCCN1,0.0,0.0,0.0,0.0,0.0,0.0,0.0,0.0,0.0,0.0,0.0,0.0
MOL_00908,c1ccc(B(c2ccccc2)c2ccccc2)cc1,0.0,0.0,1.0,0.0,1.0,1.0,0.0,,,0.0,1.0,0.0
MOL_00909,Cc1cccc(C(=O)O)c1O,0.0,0.0,0.0,0.0,0.0,0.0,0.0,0.0,0.0,0.0,0.0,0.0
MOL_00910,NCCOCCO,0.0,0.0,0.0,0.0,0.0,0.0,0.0,0.0,0.0,0.0,0.0,0.0
MOL_00911,[S-]c1ccccc1,0.0,0.0,0.0,0.0,0.0,0.0,0.0,0.0,0.0,0.0,0.0,0.0
MOL_00912,CC(C)(C)c1ccc(C=O)cc1,0.0,0.0,0.0,0.0,0.0,0.0,0.0,0.0,0.0,0.0,0.0,0.0
MOL_00913,CC[N+]1(CC)CCC(=C(c2ccccc2)c2ccccc2)C1C,0.0,0.0,0.0,0.0,0.0,0.0,0.0,0.0,0.0,0.0,0.0,0.0
MOL_00914,CC(=O)OCC(=O)[C@@]1(O)CC[C@H]2[C@@H]3CCC4=CC(=O)C=C[C@]4(C)[C@H]3[C@@H](O)C[C@@]21C,1.0,1.0,0.0,,1.0,,0.0,0.0,0.0,0.0,0.0,0.0
MOL_00915,CC(C)(C)CC(=O)OCC(=O)[C@@]1(O)CC[C@H]2[C@@H]3CCC4=CC(=O)C=C[C@]4(C)[C@H]3[C@@H](O)C[C@@]21C,,,,,,,,0.0,,0.0,,
MOL_00916,O=C1c2c(O)cccc2Cc2cccc(O)c21,0.0,0.0,0.0,0.0,0.0,0.0,0.0,0.0,0.0,0.0,0.0,0.0
MOL_00917,COc1ccc(N)cc1,0.0,0.0,1.0,0.0,1.0,0.0,0.0,0.0,0.0,0.0,0.0,0.0
MOL_00918,CC(C)c1cccc(C(C)C)c1N,0.0,0.0,0.0,0.0,0.0,0.0,0.0,0.0,0.0,0.0,0.0,0.0
MOL_00919,O=C(O)c1cc(C(=O)O)c(C(=O)O)cc1C(=O)O,0.0,0.0,0.0,0.0,0.0,0.0,0.0,,0.0,0.0,,0.0
MOL_00920,Nc1ccc(S(=O)(=O)O)c(N)c1,0.0,0.0,,0.0,0.0,0.0,0.0,0.0,0.0,0.0,,0.0
MOL_00921,O=C(O)C1CCCN1,0.0,0.0,0.0,0.0,0.0,0.0,0.0,,0.0,,0.0,0.0
MOL_00922,C=CCCCCCCCCC=O,0.0,0.0,0.0,0.0,0.0,0.0,0.0,0.0,0.0,0.0,0.0,0.0
MOL_00923,CCO[Si](OCC)(OCC)c1ccccc1,0.0,0.0,0.0,0.0,0.0,0.0,0.0,0.0,0.0,0.0,0.0,0.0
MOL_00924,C=CCOc1nc(OCC=C)nc(OCC=C)n1,0.0,0.0,1.0,0.0,0.0,0.0,0.0,0.0,0.0,0.0,0.0,0.0
MOL_00925,NCCOS(=O)(=O)O,0.0,0.0,0.0,0.0,0.0,0.0,0.0,0.0,0.0,0.0,0.0,0.0
MOL_00926,COc1cc2nc(N3CCN(C(=O)C4COc5ccccc5O4)CC3)nc(N)c2cc1OC,0.0,0.0,0.0,0.0,0.0,0.0,0.0,,0.0,0.0,0.0,0.0
MOL_00927,Cc1ccc(C(=O)c2ccc(CC(=O)[O-])n2C)cc1,0.0,,0.0,0.0,0.0,0.0,0.0,0.0,0.0,0.0,0.0,0.0
MOL_00928,CO[C@@]1(NC(=O)C(C(=O)[O-])c2ccc(O)cc2)C(=O)N2C(C(=O)[O-])=C(CSc3nnnn3C)CO[C@@H]21,0.0,0.0,0.0,0.0,0.0,0.0,0.0,0.0,0.0,0.0,,0.0
MOL_00929,C=C1c2c(Cl)ccc(O)c2C(=O)C2=C(O)[C@]3(O)C(=O)C(C(N)=O)=C(O)[C@@H](N(C)C)[C@@H]3[C@@H](O)[C@H]12.O=C(O)c1cc(S(=O)(=O)O)ccc1O,0.0,,0.0,0.0,0.0,0.0,0.0,,0.0,,0.0,0.0
MOL_00930,NC(CO)(CO)CO.O=C(c1ccccc1)c1ccc2n1CC[C@H]2C(=O)O,0.0,0.0,0.0,0.0,0.0,0.0,0.0,0.0,0.0,0.0,0.0,0.0
MOL_00931,CO[C@@]1(NC(=O)CSCC#N)C(=O)N2C(C(=O)[O-])=C(CSc3nnnn3C)CS[C@@H]21,0.0,0.0,0.0,0.0,0.0,0.0,0.0,,0.0,0.0,0.0,0.0
MOL_00932,CCOC(=O)c1ccc(OC(=O)CCCCCNC(=N)N)cc1,0.0,0.0,0.0,0.0,1.0,0.0,0.0,0.0,0.0,0.0,0.0,0.0
MOL_00933,CC(C)OC(=O)COc1ccc(Cl)cc1Cl,0.0,0.0,0.0,0.0,0.0,0.0,0.0,0.0,0.0,0.0,0.0,0.0
MOL_00934,CCCCC(CC)COC(=O)COc1ccc(Cl)cc1Cl,0.0,0.0,0.0,0.0,0.0,0.0,0.0,0.0,0.0,0.0,0.0,0.0
MOL_00935,O=S(=O)(Oc1ccc(Cl)cc1Cl)c1ccccc1,0.0,0.0,1.0,0.0,1.0,,0.0,0.0,0.0,0.0,1.0,0.0
MOL_00936,CN(C)C(=O)Nc1ccc(Cl)c(Cl)c1,0.0,0.0,1.0,0.0,0.0,0.0,0.0,0.0,0.0,0.0,1.0,0.0
MOL_00937,CC(Oc1cc(Cl)ccc1Cl)C(=O)O,0.0,0.0,0.0,0.0,0.0,0.0,0.0,,0.0,0.0,,0.0
MOL_00938,CC(Oc1ccc(Cl)cc1Cl)C(=O)O,0.0,0.0,0.0,,0.0,0.0,0.0,0.0,0.0,0.0,0.0,0.0
MOL_00939,CCCCOC(=O)COc1ccc(Cl)cc1Cl,0.0,0.0,0.0,0.0,0.0,0.0,0.0,0.0,0.0,0.0,0.0,0.0
MOL_00940,O=C(O)COc1ccc(Cl)cc1Cl,0.0,0.0,0.0,0.0,0.0,0.0,0.0,0.0,0.0,0.0,0.0,0.0
MOL_00941,Cn1cnc([N+](=O)[O-])c1Sc1ncnc2nc[nH]c12,0.0,0.0,1.0,,0.0,0.0,0.0,1.0,0.0,0.0,,1.0
MOL_00942,[N-]=[N+]=CC(=O)OC[C@H](N)C(=O)O,1.0,0.0,0.0,0.0,0.0,0.0,0.0,0.0,0.0,0.0,0.0,0.0
MOL_00943,COP(=O)(OC)OC=C(Cl)Cl,0.0,0.0,0.0,0.0,0.0,0.0,0.0,1.0,0.0,0.0,0.0,0.0
MOL_00944,CC(Cl)CCl,0.0,0.0,0.0,0.0,0.0,0.0,0.0,0.0,0.0,0.0,0.0,0.0
MOL_00945,ClCCN1CCCC1,,,,,,,,,,0.0,,
MOL_00946,CC(C)N(C)C,0.0,0.0,0.0,0.0,0.0,0.0,0.0,0.0,0.0,0.0,,0.0
MOL_00947,CN(C)CCCNCCCN,0.0,0.0,0.0,0.0,,,0.0,1.0,0.0,0.0,0.0,0.0
MOL_00948,CCn1cc[n+](C)c1,0.0,0.0,0.0,0.0,0.0,0.0,0.0,0.0,0.0,0.0,0.0,0.0
MOL_00949,CC(=O)OCC(=O)[C@@]12OC3(CCCC3)O[C@@H]1C[C@H]1[C@@H]3CCC4=CC(=O)C=C[C@]4(C)[C@@]3(F)[C@@H](O)C[C@@]12C,1.0,0.0,,,,0.0,0.0,,,,,0.0
MOL_00950,Clc1ccc(CCC(Cn2ccnc2)Sc2c(Cl)cccc2Cl)cc1,0.0,,,1.0,0.0,0.0,0.0,,0.0,1.0,,
MOL_00951,COc1ccc(Cc2nccc3cc(OC)c(OC)cc23)cc1OC,0.0,0.0,,0.0,,0.0,0.0,1.0,0.0,0.0,,0.0
MOL_00952,Cl[Pd]Cl,0.0,0.0,0.0,0.0,0.0,0.0,0.0,,0.0,0.0,0.0,0.0
MOL_00953,Cc1occc1C(=O)Nc1ccc(C(=O)N2CCC(F)(F)/C(=C\C(=O)N3CCC(N4CCCCC4)CC3)c3ccccc32)cc1.Cc1occc1C(=O)Nc1ccc(C(=O)N2CCC(F)(F)/C(=C\C(=O)N3CCC(N4CCCCC4)CC3)c3ccccc32)cc1,0.0,0.0,0.0,0.0,,0.0,0.0,,0.0,0.0,0.0,0.0
MOL_00954,CC(C)CC(C)(c1ccc(O)cc1)c1ccc(O)cc1,0.0,,0.0,,1.0,,0.0,1.0,0.0,1.0,1.0,
MOL_00955,CCCCCCCCCCCCCC[n+]1ccccc1,0.0,,0.0,1.0,,0.0,,,,,1.0,
MOL_00956,COc1c(O[C@@H]2O[C@H](CO)[C@@H](O)[C@H](O)[C@H]2O)cc2c(c1OC)-c1ccc(SC)c(=O)cc1[C@@H](NC(C)=O)CC2,0.0,0.0,0.0,0.0,0.0,0.0,0.0,,0.0,,,0.0
MOL_00957,Clc1sc(Cl)c(Cl)c1Cl,0.0,0.0,0.0,0.0,0.0,0.0,0.0,0.0,0.0,0.0,0.0,0.0
MOL_00958,OCCN1CCN(CC/C=C2/c3ccccc3Sc3ccc(Cl)cc32)CC1,0.0,0.0,0.0,0.0,0.0,0.0,0.0,,0.0,,,0.0
MOL_00959,ClC=CCl,0.0,0.0,0.0,0.0,0.0,0.0,0.0,0.0,0.0,0.0,0.0,0.0
MOL_00960,O=c1[nH]c(=O)n(Cl)c(=O)n1Cl,0.0,0.0,0.0,0.0,0.0,0.0,0.0,,0.0,,0.0,0.0
MOL_00961,O=c1[n-]c(=O)n(Cl)c(=O)n1Cl,0.0,0.0,0.0,0.0,1.0,0.0,0.0,0.0,0.0,0.0,0.0,0.0
MOL_00962,O=[N+]([O-])c1cccc(Cl)c1Cl,0.0,0.0,0.0,0.0,0.0,0.0,0.0,0.0,0.0,0.0,0.0,0.0
MOL_00963,O=[N+]([O-])c1ccc(Cl)cc1Cl,0.0,0.0,0.0,0.0,0.0,0.0,0.0,,0.0,0.0,0.0,0.0
MOL_00964,O=[N+]([O-])c1ccc(Cl)c(Cl)c1,0.0,0.0,1.0,0.0,0.0,0.0,0.0,0.0,0.0,0.0,0.0,0.0
MOL_00965,C[C@@H]1CC2=CC(=O)CC[C@@H]2[C@H]2CC[C@@]3(C)[C@@H](CC[C@]3(C)O)[C@@H]21,,,,,,,,,,0.0,,
MOL_00966,CCCCCCCC/C=C/CCCOC(C)=O,0.0,0.0,0.0,0.0,0.0,0.0,0.0,0.0,0.0,1.0,0.0,0.0
MOL_00967,NCCNC(=O)c1ccc(Cl)cn1,0.0,0.0,0.0,0.0,0.0,0.0,0.0,0.0,0.0,0.0,0.0,0.0
MOL_00968,O=C(O)Cn1c(C(=O)Nc2nc(-c3ccccc3Cl)cs2)cc2ccccc21,0.0,,,0.0,0.0,0.0,1.0,1.0,0.0,,,0.0
MOL_00969,CO/N=C(\C(=O)N[C@@H]1C(=O)N2C(C(=O)[O-])=C(CSc3nc(C)c(CC(=O)[O-])s3)CS[C@H]12)c1csc(N)n1,0.0,0.0,0.0,,0.0,0.0,0.0,,0.0,,0.0,0.0
MOL_00970,CCN(CC)CCOC(=O)c1cccnc1.O=C(O)CC(O)(CC(=O)O)C(=O)O,0.0,0.0,0.0,0.0,0.0,0.0,0.0,,0.0,,0.0,0.0
MOL_00971,O=S(=O)([O-])CCCS(=O)(=O)[O-],0.0,0.0,0.0,0.0,0.0,0.0,0.0,,0.0,,0.0,0.0
MOL_00972,Nc1c2c(nc3c1CCC3)CCCC2,0.0,0.0,0.0,0.0,0.0,0.0,0.0,0.0,0.0,0.0,0.0,0.0
MOL_00973,CC(C)C[C@H](NC(=O)[C@@H](COC(C)(C)C)NC(=O)[C@H](Cc1ccc(O)cc1)NC(=O)[C@H](CO)NC(=O)[C@H](Cc1c[nH]c2ccccc12)NC(=O)[C@H](Cc1c[nH]cn1)NC(=O)[C@@H]1CCC(=O)N1)C(=O)N[C@@H](CCCNC(=N)N)C(=O)N1CCC[C@H]1C(=O)NNC(N)=O,0.0,0.0,0.0,0.0,0.0,0.0,0.0,,0.0,,0.0,0.0
MOL_00974,O=C(Nc1ccc(Oc2ccc(Cl)cc2)c(Cl)c1)c1cc(I)cc(I)c1O,0.0,,0.0,0.0,,0.0,0.0,,0.0,1.0,1.0,1.0
MOL_00975,O=C(N/N=C/c1ccc([N+](=O)[O-])o1)c1cc([N+](=O)[O-])cc([N+](=O)[O-])c1O,0.0,0.0,,,0.0,0.0,0.0,1.0,0.0,0.0,,0.0
MOL_00976,O=S(c1cc(Cl)cc(Cl)c1O)c1cc(Cl)cc(Cl)c1O,0.0,0.0,0.0,0.0,0.0,0.0,,,0.0,1.0,,1.0
MOL_00977,OC[C@H]1O[C@H](O[C@@]2(CO)O[C@@H](O)[C@H](O)[C@@H]2O)[C@H](O)[C@@H](O)[C@@H]1O,0.0,0.0,,0.0,0.0,0.0,0.0,,0.0,,0.0,0.0
MOL_00978,CCOc1ccc(N=Nc2ccc(N)cc2N)cc1,1.0,0.0,1.0,,1.0,,0.0,,1.0,,1.0,0.0
MOL_00979,c1ccc(OCc2ccc(CCCN3CCOCC3)cc2)cc1,0.0,0.0,0.0,0.0,0.0,0.0,0.0,1.0,0.0,0.0,0.0,0.0
MOL_00980,Cc1c(Cl)c(=O)oc2cc(OP(=O)(OCCCl)OCCCl)ccc12,0.0,0.0,,0.0,0.0,0.0,0.0,0.0,0.0,0.0,0.0,
MOL_00981,CC(NNC(=O)c1ccccc1)c1ccccc1,0.0,0.0,,,1.0,0.0,0.0,,1.0,,1.0,0.0
MOL_00982,CC(=O)Nc1ccc(OCCOCCOc2ccc(NC(C)=O)cc2)cc1,0.0,0.0,0.0,0.0,0.0,0.0,0.0,0.0,0.0,0.0,0.0,0.0
MOL_00983,O=C1c2ccccc2C(=O)C1c1ccc(Cl)cc1,0.0,,,0.0,0.0,0.0,0.0,,0.0,,,0.0
MOL_00984,CCN(CC)C(=O)SCc1ccc(Cl)cc1,0.0,0.0,0.0,0.0,0.0,0.0,0.0,0.0,0.0,0.0,,0.0
MOL_00985,[TlH2+],0.0,0.0,0.0,1.0,0.0,0.0,,0.0,0.0,0.0,0.0,
MOL_00986,Oc1ccc(Cc2ccc(O)cc2)cc1,0.0,,0.0,,1.0,1.0,0.0,1.0,0.0,0.0,1.0,0.0
MOL_00987,COC(=O)NC(=S)Nc1ccccc1NC(=S)NC(=O)OC,0.0,0.0,,0.0,0.0,0.0,0.0,0.0,0.0,0.0,0.0,0.0
MOL_00988,[Fe+2].c1cc[cH-]c1.c1cc[cH-]c1,0.0,0.0,0.0,0.0,0.0,0.0,0.0,0.0,0.0,0.0,0.0,0.0
MOL_00989,CC(C)(C)c1cc(CCC(=O)NN)cc(C(C)(C)C)c1O,0.0,0.0,,0.0,0.0,0.0,0.0,0.0,0.0,0.0,,0.0
MOL_00990,C=C(C)C(=O)OCCCCCCCCCCCCCCCCCC,0.0,0.0,0.0,0.0,,0.0,0.0,0.0,0.0,0.0,0.0,0.0
MOL_00991,CC(=O)OC1CCC(C(C)(C)C)CC1,0.0,0.0,0.0,0.0,0.0,0.0,0.0,0.0,0.0,0.0,,0.0
MOL_00992,CC(C)(O)CCCC1=CCC(C=O)CC1,0.0,0.0,0.0,0.0,1.0,0.0,0.0,,0.0,0.0,,0.0
MOL_00993,Cc1cc(-c2ccc(N)c(C)c2)ccc1N,0.0,0.0,1.0,0.0,0.0,1.0,0.0,1.0,1.0,0.0,0.0,0.0
MOL_00994,CC(C)OP(C)(=O)OC(C)C,0.0,0.0,0.0,0.0,0.0,0.0,0.0,0.0,0.0,0.0,0.0,0.0
MOL_00995,O=C1OC2(c3ccc([O-])cc3Oc3cc([O-])ccc32)c2ccccc21,0.0,,0.0,0.0,0.0,0.0,,,0.0,,,
MOL_00996,CC1=C(C)S(=O)(=O)CCS1(=O)=O,0.0,0.0,0.0,1.0,0.0,0.0,1.0,1.0,0.0,0.0,0.0,0.0
MOL_00997,COS(=O)(=O)OC,0.0,0.0,0.0,0.0,0.0,0.0,0.0,0.0,0.0,0.0,0.0,0.0
MOL_00998,CNC,0.0,0.0,0.0,0.0,0.0,0.0,0.0,0.0,0.0,0.0,0.0,0.0
MOL_00999,CCCCCCCCCCCCCCCCCC(=O)OCC(CC)CCCC,0.0,0.0,0.0,0.0,0.0,0.0,0.0,0.0,0.0,0.0,0.0,0.0
MOL_01000,CCCCCCCCCCCCCCCCCC(=O)OCCCCCCCCCCCCCC(C)C,0.0,0.0,0.0,0.0,1.0,0.0,0.0,0.0,0.0,0.0,0.0,0.0
MOL_01001,CC(C)(CO)[C@@H](O)C(=O)NCCC(=O)[O-],0.0,0.0,0.0,0.0,0.0,0.0,0.0,0.0,0.0,0.0,0.0,0.0
MOL_01002,CCCCOCCOC(=O)c1ccccc1C(=O)OCCOCCCC,0.0,0.0,1.0,,0.0,0.0,0.0,0.0,0.0,1.0,0.0,0.0
MOL_01003,C1=CCC(c2ccccc2)CC1,0.0,0.0,0.0,0.0,0.0,0.0,0.0,0.0,0.0,0.0,0.0,0.0
MOL_01004,Cc1ccc(-c2ccccc2)cc1,0.0,0.0,0.0,0.0,0.0,0.0,0.0,0.0,0.0,0.0,0.0,0.0
MOL_01005,COc1ccc(OC(=O)N(CC(=O)O)Cc2ccc(OCCc3nc(-c4ccccc4)oc3C)cc2)cc1,,,,,,,,,,0.0,,
MOL_01006,CCC12COCN1COC2,0.0,0.0,0.0,0.0,0.0,0.0,0.0,0.0,0.0,0.0,0.0,0.0
MOL_01007,COC(=O)c1cc(S(N)(=O)=O)ccc1OC,,,,,,,,0.0,,0.0,,
MOL_01008,CC1COC2(c3ccccc3Cl)c3cc(Cl)ccc3NC(=O)CN12,,,,,,,,,,0.0,,
MOL_01009,CCCCC(CC)CNC(=O)CC(C)OC(=O)CCC(=O)O,,,,,,,,0.0,,0.0,,
MOL_01010,COC(=O)Nc1nc2cc(C(=O)C3CC3)ccc2[nH]1,,,,,,,,0.0,,0.0,,
MOL_01011,O=C1Nc2cc(Cl)ccc2Oc2ccccc21,,,,,,,,1.0,,0.0,,
MOL_01012,Nc1c(I)cc(I)c(C(=O)N(CCC(=O)O)c2ccccc2)c1I,,,,,,,,0.0,,0.0,,
MOL_01013,CNC(=O)c1cnn(-c2nc(N)c3ncn([C@@H]4O[C@H](CO)[C@@H](O)[C@H]4O)c3n2)c1,,,,,,,,0.0,,0.0,,
MOL_01014,O=c1c(O)c(-c2ccc(O)cc2O)oc2cc(O)cc(O)c12,0.0,0.0,,0.0,,0.0,0.0,0.0,0.0,0.0,,0.0
MOL_01015,CCC(=C(CC)c1ccc(O)cc1)c1ccc(O)cc1,0.0,0.0,0.0,0.0,1.0,1.0,0.0,,0.0,,1.0,1.0
MOL_01016,CC(C)c1nc(CN(C)C(=O)N[C@H](C(=O)N[C@@H](Cc2ccccc2)C[C@H](O)[C@H](Cc2ccccc2)NC(=O)OCc2cncs2)C(C)C)cs1,0.0,0.0,0.0,0.0,,0.0,,,,0.0,0.0,0.0
MOL_01017,CCCCOC(=O)C(=O)Nc1cccc(-c2nnn[nH]2)c1,0.0,0.0,0.0,0.0,0.0,0.0,0.0,,0.0,,0.0,0.0
MOL_01018,Cc1ccc(-n2nc(C(C)(C)C)cc2NC(=O)Nc2ccc(OCCN3CCOCC3)c3ccccc23)cc1,0.0,0.0,1.0,0.0,,0.0,,0.0,0.0,0.0,1.0,
MOL_01019,O=C([O-])c1ccccc1O.O=C([O-])c1ccccc1O.[Zn+2],0.0,0.0,0.0,0.0,0.0,0.0,0.0,,0.0,,0.0,0.0
MOL_01020,CC(=O)NC(CCC(N)=O)C(=O)O,0.0,0.0,0.0,0.0,0.0,0.0,0.0,0.0,0.0,0.0,0.0,0.0
MOL_01021,CCC(CN)CC(C)CCNCC(O)CNCC(C)CC(CC)CN,0.0,0.0,0.0,0.0,0.0,0.0,0.0,,0.0,,0.0,0.0
MOL_01022,c1ccc(-c2nnn[nH]2)cc1,0.0,0.0,0.0,0.0,0.0,0.0,0.0,0.0,0.0,0.0,0.0,0.0
MOL_01023,O=C(Nc1ccc(Cl)c(Cl)c1)C1CC1,0.0,0.0,1.0,0.0,,0.0,0.0,1.0,0.0,0.0,,
MOL_01024,OC[C@H]1O[C@H](O[C@@H]2[C@@H](CO)O[C@H](O[C@@H]3[C@@H](CO)O[C@H](O)[C@H](O)[C@H]3O)[C@H](O)[C@H]2O)[C@H](O)[C@@H](O)[C@@H]1O,1.0,1.0,0.0,,1.0,0.0,0.0,,0.0,,0.0,0.0
MOL_01025,O=P([O-])([O-])OC(CO)CO,0.0,0.0,0.0,0.0,0.0,0.0,0.0,,0.0,,0.0,0.0
MOL_01026,COc1ccc(CCNCC(O)COc2cccc(C)c2)cc1OC,0.0,0.0,0.0,0.0,0.0,0.0,0.0,,0.0,,0.0,0.0
MOL_01027,CCCCCCCCP(=O)(O)O,0.0,0.0,,0.0,0.0,0.0,0.0,0.0,0.0,0.0,0.0,0.0
MOL_01028,c1cc(CCCc2ccncc2)ccn1,0.0,0.0,,1.0,0.0,0.0,0.0,0.0,0.0,0.0,0.0,0.0
MOL_01029,C=CC(=O)OCC(O)COc1ccccc1,0.0,,0.0,,0.0,0.0,1.0,,0.0,,,
MOL_01030,C[C@]12CC[C@@H]3[C@H]4CCC(=O)C=C4CC[C@H]3[C@@H]1CC[C@@H]2OC(=O)CCC1CCCCC1,,,,,,,,1.0,,0.0,,
MOL_01031,CC(C(O)c1ccccc1)N(C)C/C=C/c1ccccc1,,,,,,,,,,0.0,,
MOL_01032,Clc1ccc2c(c1)Nc1ccccc1S2,,,,,,,,,,0.0,,
MOL_01033,Cc1c(F)cc2c(=O)c(C(=O)O)cn3c2c1CCC3C,,,,,,,,0.0,,0.0,,
MOL_01034,COCCOCC(OC)OC,,,,,,,,0.0,,0.0,,
MOL_01035,c1ccc(N2CCNCC2)cc1,,,,,,,,0.0,,0.0,,
MOL_01036,CC(=O)O[C@H]1CC[C@@]2(C)C(=CC[C@H]3[C@@H]4CC=C(C(C)=O)[C@@]4(C)CC[C@@H]32)C1,,,,,,,,1.0,,0.0,,
MOL_01037,CN(C)C(=O)CNC(=O)Cc1ccccc1,0.0,0.0,0.0,0.0,0.0,0.0,0.0,0.0,0.0,0.0,0.0,0.0
MOL_01038,CCOC(=O)c1ccc(NC(=O)CN2CCCCC2)cc1,0.0,0.0,0.0,,,0.0,0.0,0.0,0.0,0.0,0.0,0.0
MOL_01039,CC(C(O)c1ccccc1)N(C)CCOC(c1ccccc1)c1ccccc1,0.0,0.0,0.0,,,0.0,,0.0,0.0,0.0,,0.0
MOL_01040,CC(=O)O[C@@H]1C(=O)O[C@H]2[C@@H](OC(C)=O)C(=O)O[C@@H]12,0.0,0.0,0.0,0.0,,0.0,0.0,1.0,0.0,0.0,0.0,0.0
MOL_01041,N[C@H]1CN(c2c(F)cc3c(=O)c(C(=O)O)cn(C4C[C@H]4F)c3c2Cl)CC12CC2,0.0,0.0,0.0,,0.0,0.0,0.0,0.0,0.0,0.0,0.0,0.0
MOL_01042,O=C1NC2CCCCN2C12CCN(CCCN1c3ccccc3CCc3ccc(Cl)cc31)CC2,0.0,0.0,1.0,,,0.0,,,0.0,0.0,0.0,0.0
MOL_01043,CO[C@]1(NC(=O)CSC(F)F)C(=O)N2C(C(=O)O)=C(CSc3nnnn3CCO)CO[C@H]21,0.0,0.0,0.0,0.0,0.0,0.0,0.0,,0.0,0.0,0.0,0.0
MOL_01044,CN(CC1(C)CCCO1)S(=O)(=O)c1ccc(Cl)c(S(N)(=O)=O)c1,0.0,0.0,0.0,0.0,0.0,0.0,0.0,0.0,0.0,0.0,0.0,0.0
MOL_01045,C=CCOc1cc(Cl)ccc1C(=O)NCCN(CC)CC,0.0,0.0,0.0,0.0,1.0,0.0,0.0,0.0,0.0,0.0,,0.0
MOL_01046,Cc1ccc2c(n1)Oc1ccc(C(C)C(=O)OCC(=O)N(C)C)cc1C2,1.0,0.0,,,0.0,0.0,0.0,0.0,1.0,0.0,0.0,0.0
MOL_01047,O=[N+]([O-])c1ccc(Cl)c(Cl)c1Cl,0.0,0.0,0.0,,0.0,,0.0,1.0,0.0,0.0,0.0,0.0
MOL_01048,O=[N+]([O-])c1cc(Cl)c(Cl)cc1Cl,0.0,0.0,0.0,0.0,0.0,0.0,0.0,1.0,0.0,0.0,0.0,0.0
MOL_01049,C=CC1CC2C=CC1C2,0.0,0.0,0.0,0.0,0.0,0.0,0.0,0.0,0.0,0.0,,0.0
MOL_01050,Oc1ccc(Cl)c(Cl)c1Cl,0.0,0.0,,0.0,0.0,,0.0,,0.0,0.0,1.0,
MOL_01051,O=[N+]([O-])c1c(Cl)cc(Cl)cc1Cl,0.0,0.0,,,0.0,0.0,0.0,0.0,0.0,0.0,0.0,0.0
MOL_01052,O=[N+]([O-])c1cc(Cl)c(Cl)c(Cl)c1,0.0,0.0,0.0,,0.0,0.0,0.0,,0.0,0.0,0.0,
MOL_01053,Oc1cc(Cl)cc(Cl)c1Cl,0.0,0.0,1.0,0.0,,0.0,,1.0,0.0,0.0,1.0,
MOL_01054,Oc1c(Cl)ccc(Cl)c1Cl,0.0,0.0,0.0,0.0,0.0,0.0,0.0,1.0,0.0,0.0,1.0,0.0
MOL_01055,C=C(Cl)CCl,0.0,0.0,0.0,0.0,0.0,0.0,0.0,0.0,0.0,0.0,0.0,0.0
MOL_01056,Clc1nc2ccccc2nc1Cl,0.0,,0.0,,0.0,0.0,1.0,0.0,0.0,0.0,,0.0
MOL_01057,OC(CCl)CCl,0.0,0.0,0.0,0.0,0.0,0.0,0.0,0.0,0.0,0.0,0.0,0.0
MOL_01058,O=C(O)c1cccc(C(=O)O)n1,0.0,0.0,0.0,0.0,0.0,0.0,0.0,,0.0,0.0,0.0,0.0
MOL_01059,CC(C)(OOC(C)(C)c1ccccc1)c1ccccc1,0.0,0.0,0.0,,1.0,1.0,0.0,0.0,0.0,0.0,1.0,0.0
MOL_01060,ClC(Cl)c1ccccc1,0.0,0.0,0.0,0.0,0.0,0.0,0.0,0.0,0.0,0.0,0.0,0.0
MOL_01061,CC(C)C1=CC2=CC[C@H]3[C@](C)(C(=O)O)CCC[C@]3(C)[C@H]2CC1,0.0,0.0,0.0,0.0,0.0,0.0,0.0,,0.0,,0.0,0.0
MOL_01062,O=c1cc(-c2ccccc2)oc2ccccc12,0.0,0.0,1.0,,1.0,,0.0,1.0,1.0,0.0,,0.0
MOL_01063,Cc1cc(C)c(O)c(C)c1,0.0,0.0,0.0,0.0,0.0,0.0,0.0,0.0,0.0,0.0,0.0,0.0
MOL_01064,C1CCC(NC2CCCCC2)CC1,0.0,0.0,0.0,0.0,0.0,0.0,0.0,0.0,0.0,0.0,0.0,0.0
MOL_01065,Cl[Ba]Cl,0.0,0.0,0.0,0.0,0.0,0.0,0.0,0.0,0.0,0.0,1.0,0.0
MOL_01066,O=C(O)c1nc(Cl)c(Cl)c(Cl)c1Cl,0.0,,0.0,0.0,0.0,0.0,0.0,1.0,0.0,0.0,0.0,0.0
MOL_01067,C[N+]1([O-])[C@H]2C[C@H](OC(=O)[C@H](CO)c3ccccc3)C[C@@H]1[C@H]1O[C@@H]21,0.0,0.0,0.0,0.0,0.0,0.0,0.0,,0.0,,0.0,0.0
MOL_01068,O=C(O)CP(=O)(O)O,0.0,0.0,0.0,0.0,0.0,0.0,0.0,0.0,0.0,0.0,0.0,0.0
MOL_01069,CN(C)CCC=C1c2ccccc2C=Cc2ccccc21,0.0,0.0,0.0,0.0,0.0,0.0,0.0,0.0,0.0,0.0,,
MOL_01070,CNCCC=C1c2ccccc2CCc2ccccc21,0.0,0.0,0.0,,0.0,0.0,,,0.0,,,0.0
MOL_01071,Cc1cc(C(=O)O)c(C)n1-c1cccc(C(=O)O)c1.O=C1C[C@@H]2OCC=C3CN4CC[C@]56c7ccccc7N1[C@H]5[C@H]2[C@H]3C[C@H]46,0.0,0.0,0.0,0.0,,0.0,0.0,,0.0,,0.0,0.0
MOL_01072,O=C([O-])CC(O)(CC(=O)O)C(=O)[O-],0.0,0.0,0.0,0.0,0.0,0.0,0.0,0.0,0.0,0.0,0.0,0.0
MOL_01073,Nc1ccc(-c2ccccc2)cc1,0.0,0.0,1.0,,1.0,0.0,0.0,1.0,0.0,0.0,0.0,0.0
MOL_01074,NCCCCCC(=O)O,,,,,,,,0.0,,0.0,,
MOL_01075,NCC1(CC(=O)O)CCCCC1,0.0,0.0,0.0,0.0,0.0,0.0,0.0,0.0,0.0,0.0,0.0,0.0
MOL_01076,Nc1nc[nH]n1,0.0,0.0,0.0,0.0,1.0,0.0,0.0,0.0,0.0,0.0,0.0,0.0
MOL_01077,CC1CCCCC1NC(=O)Nc1ccccc1,0.0,0.0,,,,0.0,0.0,0.0,0.0,0.0,1.0,0.0
MOL_01078,CCNP(=S)(OC)O/C(C)=C/C(=O)OC(C)C,0.0,0.0,1.0,0.0,0.0,0.0,0.0,0.0,0.0,0.0,,0.0
MOL_01079,O=C(c1ccc(F)cc1)C1CCN(CCn2c(=S)[nH]c3ccccc3c2=O)CC1,0.0,,0.0,0.0,0.0,0.0,0.0,,0.0,1.0,0.0,0.0
MOL_01080,Cc1nc2sccn2c(=O)c1CCN1CCC(=C(c2ccc(F)cc2)c2ccc(F)cc2)CC1,0.0,,0.0,0.0,,0.0,0.0,1.0,0.0,0.0,0.0,0.0
MOL_01081,Cc1cc(O)ccc1O,0.0,0.0,1.0,,0.0,0.0,,1.0,,0.0,0.0,
MOL_01082,Cc1cccc2ccccc12,0.0,0.0,0.0,0.0,0.0,0.0,0.0,0.0,0.0,0.0,0.0,0.0
MOL_01083,Cc1cc(Cc2cc(C)cc(C(C)(C)C)c2O)c(O)c(C(C)(C)C)c1,0.0,,0.0,,,,,,,1.0,1.0,
MOL_01084,O=C1CCCCCO1,0.0,0.0,0.0,0.0,0.0,0.0,0.0,0.0,0.0,0.0,0.0,0.0
MOL_01085,O=C(Cl)OCc1ccccc1,0.0,0.0,0.0,0.0,0.0,0.0,0.0,0.0,0.0,0.0,0.0,0.0
MOL_01086,Cc1ccc2ccccc2c1,0.0,0.0,0.0,0.0,0.0,0.0,0.0,,0.0,0.0,0.0,0.0
MOL_01087,Clc1ccc(COC(Cn2ccnc2)c2ccc(Cl)cc2Cl)c(Cl)c1,0.0,0.0,1.0,1.0,0.0,0.0,0.0,,0.0,,0.0,
MOL_01088,CN1CCN2c3ccccc3Cc3ccccc3C2C1,0.0,,0.0,0.0,,0.0,0.0,0.0,0.0,0.0,,0.0
MOL_01089,CC1(C)S[C@@H]2[C@H](NC(=O)[C@H](NC(=O)N3CCN(S(C)(=O)=O)C3=O)c3ccccc3)C(=O)N2[C@H]1C(=O)O,1.0,0.0,0.0,,1.0,0.0,0.0,,0.0,,0.0,0.0
MOL_01090,C[C@](N)(Cc1ccc(O)cc1)C(=O)O,,,,,,,,0.0,,0.0,,
MOL_01091,CC(C)(C(=O)c1cccnc1)c1cccnc1,0.0,0.0,0.0,0.0,0.0,0.0,0.0,0.0,0.0,0.0,0.0,0.0
MOL_01092,CN1C(CCl)Nc2cc(Cl)c(S(N)(=O)=O)cc2S1(=O)=O,0.0,0.0,0.0,0.0,0.0,0.0,0.0,1.0,0.0,0.0,,0.0
MOL_01093,CC(=O)Nc1c(I)c(C(=O)N[C@H]2C(O)O[C@H](CO)[C@@H](O)[C@@H]2O)c(I)c(N(C)C(C)=O)c1I,0.0,0.0,0.0,0.0,0.0,0.0,0.0,,0.0,,0.0,0.0
MOL_01094,c1ccc2[nH]cnc2c1,0.0,0.0,0.0,0.0,0.0,0.0,0.0,0.0,0.0,0.0,0.0,0.0
MOL_01095,Cc1ccccc1O,0.0,0.0,0.0,0.0,0.0,0.0,0.0,0.0,0.0,0.0,0.0,0.0
MOL_01096,CCN(CCO)c1cccc(C)c1,0.0,0.0,0.0,0.0,0.0,0.0,0.0,0.0,0.0,0.0,0.0,0.0
MOL_01097,CCN(CC)c1ccccc1,0.0,0.0,0.0,0.0,0.0,0.0,0.0,0.0,0.0,0.0,0.0,0.0
MOL_01098,CC(=O)CC(=O)c1ccccc1,0.0,0.0,0.0,0.0,1.0,0.0,,0.0,0.0,0.0,0.0,0.0
MOL_01099,C1CCC(C2CCCCC2)CC1,0.0,0.0,0.0,0.0,0.0,0.0,0.0,0.0,0.0,0.0,,0.0
MOL_01100,O=C(/C=C/C=C/c1ccc2c(c1)OCO2)N1CCCCC1,0.0,0.0,1.0,,1.0,0.0,0.0,1.0,1.0,0.0,,0.0
MOL_01101,CC(C)=CCCC(C)=CC=O,0.0,0.0,0.0,0.0,0.0,0.0,0.0,0.0,0.0,0.0,0.0,0.0
MOL_01102,O=CC=Cc1ccccc1,0.0,0.0,0.0,0.0,0.0,0.0,0.0,0.0,0.0,0.0,0.0,0.0
MOL_01103,O=C/C=C/c1ccccc1,1.0,1.0,0.0,0.0,0.0,0.0,0.0,0.0,0.0,0.0,0.0,0.0
MOL_01104,BrCCc1ccccc1,0.0,0.0,,0.0,0.0,0.0,0.0,,0.0,0.0,,0.0
MOL_01105,CC(C)SCc1ccco1,0.0,0.0,0.0,0.0,0.0,0.0,0.0,0.0,0.0,0.0,0.0,0.0
MOL_01106,ClC(Cl)Cl,0.0,0.0,0.0,0.0,,0.0,0.0,0.0,0.0,0.0,0.0,0.0
MOL_01107,COC(=O)CCSCCC(=O)OC,0.0,0.0,0.0,0.0,1.0,0.0,0.0,0.0,0.0,0.0,0.0,0.0
MOL_01108,CC(=O)O[Si](C)(OC(C)=O)OC(C)=O,,0.0,0.0,0.0,0.0,0.0,0.0,0.0,0.0,0.0,1.0,0.0
MOL_01109,ClC(Br)Br,0.0,0.0,0.0,0.0,0.0,0.0,0.0,0.0,0.0,0.0,0.0,0.0
MOL_01110,CC(C)(CCl)C(=O)Cl,0.0,0.0,,,,0.0,0.0,0.0,0.0,,,0.0
MOL_01111,ClCc1ccccn1,0.0,0.0,0.0,0.0,0.0,0.0,0.0,0.0,0.0,0.0,0.0,0.0
MOL_01112,ClCc1cccnc1,0.0,0.0,0.0,0.0,0.0,0.0,0.0,0.0,0.0,0.0,0.0,0.0
MOL_01113,C[C@]1(Cn2ccnn2)[C@H](C(=O)[O-])N2C(=O)C[C@H]2S1(=O)=O,0.0,0.0,0.0,0.0,0.0,,,,0.0,0.0,,
MOL_01114,CC(C)(C)C(=O)OCC(=O)[C@H]1CC[C@H]2[C@@H]3CCC4=CC(=O)CC[C@]4(C)[C@H]3CC[C@]12C,1.0,1.0,0.0,0.0,,0.0,0.0,,0.0,,0.0,0.0
MOL_01115,C[C@H]1O[C@H](O[C@@H]2[C@@H](CO)O[C@H](O[C@@H]3[C@@H](CO)O[C@@H](O)[C@H](O)[C@H]3O)[C@H](O)[C@H]2O)[C@H](O)[C@@H](O)[C@@H]1N[C@H]1C=C(CO)[C@@H](O)[C@H](O)[C@H]1O,0.0,0.0,0.0,0.0,1.0,1.0,0.0,0.0,0.0,0.0,0.0,0.0
MOL_01116,C/C=C1\[C@H]2C=C(C)C[C@]1(N)c1ccc(=O)[nH]c1C2,0.0,0.0,0.0,0.0,0.0,0.0,0.0,0.0,0.0,0.0,0.0,0.0
MOL_01117,COc1cccc(-c2ccc(/C=C\CN3CCCCCC3)cc2Cl)c1,0.0,0.0,0.0,,,0.0,0.0,,0.0,0.0,,
MOL_01118,COc1cc(C)ccc1C(C)C,0.0,0.0,0.0,0.0,0.0,0.0,0.0,0.0,0.0,0.0,0.0,0.0
MOL_01119,CCCC1CCC(=O)O1,0.0,0.0,0.0,,0.0,0.0,0.0,0.0,0.0,0.0,0.0,0.0
MOL_01120,O=CCCc1ccccc1,0.0,0.0,0.0,0.0,1.0,0.0,0.0,0.0,0.0,0.0,,0.0
MOL_01121,CC(C)c1ccc(C(=O)N=C(N)N)cc1S(C)(=O)=O,0.0,0.0,0.0,0.0,,0.0,0.0,0.0,0.0,0.0,0.0,0.0
MOL_01122,O=C(N[C@@H](c1ccccc1)[C@@H]1CCCCN1)c1cccc(C(F)(F)F)c1Cl,0.0,0.0,0.0,,,0.0,,,0.0,0.0,,0.0
MOL_01123,CC1CCC(=O)O1,0.0,0.0,0.0,0.0,0.0,0.0,0.0,0.0,0.0,0.0,0.0,0.0
MOL_01124,N#C[C@@H]1C[C@@H]2C[C@@H]2N1C(=O)[C@@H](N)C12CC3CC(CC(O)(C3)C1)C2,0.0,0.0,0.0,0.0,0.0,0.0,0.0,0.0,0.0,0.0,0.0,0.0
MOL_01125,CC1CC(O)CC(C)(C)C1,0.0,0.0,0.0,0.0,0.0,0.0,0.0,0.0,0.0,0.0,0.0,0.0
MOL_01126,NC(=O)NC(N)=O,0.0,0.0,0.0,0.0,0.0,0.0,0.0,0.0,0.0,0.0,0.0,0.0
MOL_01127,CC(C)CC(C)O,0.0,0.0,0.0,0.0,0.0,0.0,0.0,0.0,0.0,0.0,0.0,0.0
MOL_01128,CC1COC(=O)O1,0.0,0.0,0.0,0.0,0.0,0.0,0.0,0.0,0.0,0.0,0.0,0.0
MOL_01129,CC1(C)S[C@@H]2[C@H](NC(=O)C3(N)CCCCC3)C(=O)N2[C@H]1C(=O)O,0.0,0.0,0.0,0.0,0.0,0.0,0.0,,0.0,,,0.0
MOL_01130,CC(=O)Oc1ccc(C(=C2CCCCC2)c2ccc(OC(C)=O)cc2)cc1,,,,,,,,1.0,,,,
MOL_01131,NS(=O)(=O)c1cc2c(cc1Cl)NC(CC1CCCC1)NS2(=O)=O,0.0,0.0,0.0,0.0,0.0,0.0,0.0,0.0,0.0,0.0,0.0,0.0
MOL_01132,COc1cc2c(cc1OC)C(=O)C(CC1CCN(Cc3ccccc3)CC1)C2,0.0,0.0,0.0,,1.0,0.0,0.0,,0.0,0.0,0.0,0.0
MOL_01133,CC(C)NCC(O)c1ccccc1Cl,0.0,0.0,0.0,0.0,0.0,0.0,0.0,0.0,0.0,0.0,0.0,0.0
MOL_01134,CCCc1nc(C)c2c(=O)nc(-c3cc(S(=O)(=O)N4CCN(CC)CC4)ccc3OCC)[nH]n12.O=C(O)CC(O)(CC(=O)O)C(=O)O,0.0,0.0,0.0,0.0,0.0,0.0,0.0,1.0,0.0,0.0,0.0,0.0
MOL_01135,C[C@H]1COc2c(C3(N)CC3)c(F)cc3c(=O)c(C(=O)O)cn1c23,0.0,0.0,,0.0,0.0,0.0,0.0,0.0,0.0,0.0,0.0,0.0
MOL_01136,CNC1CCCN(c2c(F)cc3c(=O)c(C(=O)O)cn(C4CC4)c3c2OC)C1,0.0,0.0,,0.0,0.0,0.0,0.0,0.0,0.0,0.0,0.0,0.0
MOL_01137,Cc1c(F)c(N2CCNC(C)C2)cc2c1c(=O)c(C(=O)O)cn2C1CC1,,,,,,,,,,0.0,,
MOL_01138,COc1ccc(C(=O)NCc2ccc(OCCN(C)C)cc2)cc1OC,0.0,0.0,0.0,0.0,0.0,0.0,0.0,0.0,0.0,0.0,0.0,0.0
MOL_01139,CCC(C)(C)c1ccc(CC(C)CN2C[C@H](C)O[C@H](C)C2)cc1,0.0,0.0,0.0,,,0.0,0.0,,0.0,0.0,1.0,
MOL_01140,CCOC(=O)c1ccc(C#Cc2ccc3c(c2)C(C)(C)CCS3)nc1,0.0,0.0,0.0,1.0,0.0,0.0,0.0,,0.0,,,
MOL_01141,C=COCCCCO,0.0,0.0,0.0,0.0,0.0,0.0,0.0,0.0,0.0,0.0,0.0,0.0
MOL_01142,NCC(=O)O,,,,,,,,0.0,,0.0,,
MOL_01143,OCC1CO1,0.0,0.0,0.0,0.0,0.0,0.0,0.0,0.0,0.0,0.0,0.0,0.0
MOL_01144,CCCCOC(=O)c1ccccc1,0.0,0.0,0.0,0.0,1.0,0.0,0.0,0.0,0.0,0.0,0.0,0.0
MOL_01145,Cc1c(Cl)cccc1Cl,0.0,0.0,0.0,0.0,0.0,0.0,0.0,0.0,0.0,0.0,,0.0
MOL_01146,CCC1COC(=O)O1,0.0,0.0,0.0,0.0,0.0,0.0,0.0,0.0,0.0,0.0,0.0,0.0
MOL_01147,Cc1cc(C(C)(C)C)c(O)c(C)c1CC1=NCCN1,0.0,0.0,0.0,0.0,0.0,0.0,0.0,0.0,0.0,0.0,0.0,0.0
MOL_01148,CC(=O)O[C@H](CC(=O)[O-])C[N+](C)(C)C,0.0,0.0,0.0,0.0,0.0,0.0,0.0,0.0,0.0,0.0,0.0,0.0
MOL_01149,CC(C)COP(=O)(OCC(C)C)OCC(C)C,0.0,0.0,0.0,,0.0,0.0,0.0,0.0,0.0,0.0,,0.0
MOL_01150,O=C(O)C(c1ccc(Cl)cc1)c1ccc(Cl)cc1,0.0,0.0,0.0,0.0,,0.0,1.0,0.0,0.0,0.0,0.0,0.0
MOL_01151,N=C(N)NCCN1CCCCCCC1,,,,,,,,0.0,,0.0,,
MOL_01152,CCOc1ccccc1O,0.0,0.0,0.0,0.0,0.0,0.0,0.0,0.0,0.0,0.0,0.0,0.0
MOL_01153,CC(C)c1ccc(O)c(C(C)C)c1,0.0,0.0,0.0,,0.0,0.0,0.0,,0.0,0.0,1.0,
MOL_01154,CC(C)C(=O)OCCOc1ccccc1,0.0,0.0,0.0,0.0,0.0,0.0,0.0,0.0,0.0,0.0,0.0,0.0
MOL_01155,C=C(C)[C@H]1CN[C@H](C(=O)O)[C@H]1CC(=O)O,0.0,0.0,0.0,0.0,0.0,0.0,0.0,0.0,0.0,0.0,0.0,1.0
MOL_01156,O=C1c2ccccc2-c2n[nH]c3cccc1c23,0.0,0.0,,,0.0,,0.0,,0.0,,1.0,1.0
MOL_01157,Cc1ccccc1C,0.0,0.0,0.0,0.0,0.0,0.0,0.0,0.0,0.0,0.0,0.0,0.0
MOL_01158,CN(C)CC[C@@H](c1ccc(Cl)cc1)c1ccccn1,,0.0,0.0,,0.0,0.0,,0.0,0.0,0.0,0.0,0.0
MOL_01159,c1ccc(C(O[C@H]2CCCN(CCc3ccc4c(c3)OCO4)C2)c2ccccc2)cc1,0.0,0.0,,0.0,0.0,0.0,,0.0,0.0,0.0,,0.0
MOL_01160,OC[C@H]1O[C@@H](OCCc2ccc(O)cc2)[C@H](O)[C@@H](O)[C@@H]1O,,,,,,,,0.0,,0.0,,
MOL_01161,Cc1ccc(Nc2c(F)cccc2Cl)c(CC(=O)O)c1,0.0,0.0,,0.0,0.0,0.0,1.0,,0.0,0.0,,0.0
MOL_01162,C[C@@H](C1=C(CCN(C)C)Cc2ccccc21)c1ccccn1,0.0,0.0,0.0,0.0,0.0,0.0,0.0,0.0,0.0,0.0,0.0,0.0
MOL_01163,CC(C)OC(=O)c1cc2c(OCC(O)CNC(C)(C)C)cccc2[nH]1,0.0,0.0,,0.0,0.0,0.0,0.0,0.0,0.0,0.0,0.0,0.0
MOL_01164,CC1=NN(c2ccc(S(=O)(=O)O)cc2)C(=O)C1,0.0,0.0,0.0,0.0,0.0,0.0,0.0,0.0,0.0,0.0,0.0,0.0
MOL_01165,FC(F)(F)C(=NOCC1OCCO1)c1ccc(Cl)cc1,0.0,0.0,0.0,0.0,0.0,0.0,0.0,0.0,0.0,0.0,0.0,0.0
MOL_01166,CN(C)Cc1cc(C(C)(C)C)c(O)c(C(C)(C)C)c1,0.0,0.0,0.0,0.0,,0.0,0.0,1.0,0.0,0.0,,0.0
MOL_01167,CC1CC(=O)CC(C)(C)C1,0.0,0.0,0.0,0.0,0.0,0.0,0.0,0.0,0.0,0.0,,0.0
MOL_01168,CCn1c2ccccc2c2cc([N+](=O)[O-])ccc21,0.0,1.0,,0.0,0.0,0.0,,0.0,0.0,1.0,,1.0
MOL_01169,CCc1ccc2c(c1)C(=O)c1ccccc1C2=O,0.0,0.0,1.0,,1.0,0.0,0.0,1.0,1.0,0.0,1.0,0.0
MOL_01170,CC(C)(C1CCC(O)CC1)C1CCC(O)CC1,0.0,0.0,0.0,0.0,1.0,,0.0,0.0,0.0,0.0,,0.0
MOL_01171,CCC(C)(C)c1cc(O)c(C(C)(C)CC)cc1O,0.0,,0.0,,0.0,0.0,,1.0,0.0,,1.0,
MOL_01172,C=C(C)C(=O)OC1CC(C)CC(C)(C)C1,0.0,0.0,0.0,0.0,0.0,0.0,0.0,0.0,0.0,0.0,,0.0
MOL_01173,CN1[C@H]2C[C@H](OC(=O)[C@H](CO)c3ccccc3)C[C@@H]1[C@H]1O[C@@H]21,0.0,0.0,0.0,0.0,1.0,0.0,0.0,0.0,0.0,0.0,0.0,0.0
MOL_01174,C=CCc1ccc2c(c1)OCO2,0.0,0.0,0.0,0.0,0.0,0.0,0.0,0.0,0.0,0.0,0.0,0.0
MOL_01175,CC(C)(C)NCC(O)c1ccc(O)c(CO)c1,0.0,0.0,0.0,0.0,0.0,0.0,0.0,0.0,0.0,0.0,0.0,0.0
MOL_01176,O=C(O)c1cc(/N=N/c2ccc(S(=O)(=O)Nc3ccccn3)cc2)ccc1O,0.0,0.0,0.0,0.0,0.0,0.0,0.0,0.0,0.0,0.0,0.0,0.0
MOL_01177,O=C1NS(=O)(=O)c2ccccc21,0.0,0.0,0.0,0.0,0.0,0.0,0.0,0.0,0.0,0.0,0.0,0.0
MOL_01178,O=C1[N-]S(=O)(=O)c2ccccc21,0.0,0.0,0.0,0.0,1.0,0.0,0.0,0.0,0.0,0.0,0.0,0.0
MOL_01179,C=CCCCCCCCCCCCC,0.0,0.0,0.0,0.0,0.0,0.0,0.0,0.0,0.0,0.0,0.0,0.0
MOL_01180,CN(C)CCC(O)(c1ccccc1)c1ccccc1Cl,0.0,0.0,,0.0,0.0,0.0,0.0,,0.0,,0.0,0.0
MOL_01181,NC(=O)[O-],0.0,0.0,0.0,0.0,0.0,0.0,0.0,0.0,0.0,0.0,0.0,0.0
MOL_01182,CC(C)(CO)COC(=O)C(C)(C)CO,0.0,0.0,0.0,0.0,0.0,0.0,0.0,0.0,0.0,0.0,0.0,0.0
MOL_01183,CC(=O)OCC1=C(C(=O)O)N2C(=O)[C@@H](NC(=O)Cc3cccs3)[C@H]2SC1,,,,,,,,,,1.0,,
MOL_01184,CC1=C(C(=O)O)N2C(=O)[C@@H](NC(=O)[C@H](N)c3ccccc3)[C@H]2SC1,,,,,,,,,,0.0,,
MOL_01185,O=C(O)C[C@H](NC(=O)OCc1ccccc1)C(=O)O,0.0,0.0,0.0,0.0,0.0,0.0,0.0,1.0,0.0,0.0,0.0,0.0
MOL_01186,CC(=O)C=CC1=C(C)CCCC1(C)C,0.0,0.0,0.0,0.0,0.0,0.0,0.0,0.0,0.0,0.0,0.0,0.0
MOL_01187,Clc1ccc2c(c1)CCc1cccnc1C2=C1CCNCC1,0.0,0.0,0.0,,,0.0,0.0,0.0,0.0,0.0,,0.0
MOL_01188,O=C(Nc1ccccc1)c1ccccc1O,0.0,,1.0,,,,,1.0,0.0,,1.0,
MOL_01189,CCOC(=O)c1ccccc1C(=O)OCC,0.0,0.0,0.0,0.0,0.0,0.0,0.0,0.0,0.0,0.0,0.0,0.0
MOL_01190,CCCCOC(=O)c1ccccc1C(=O)OCCCC,0.0,0.0,0.0,0.0,1.0,0.0,0.0,0.0,0.0,0.0,0.0,0.0
MOL_01191,O=[N+]([O-])c1ccc(O)cc1C(F)(F)F,0.0,,,,,,,,0.0,0.0,,1.0
MOL_01192,NC(=O)c1ccccc1N,0.0,0.0,0.0,0.0,0.0,0.0,0.0,0.0,0.0,0.0,0.0,0.0
MOL_01193,Nc1ccc(/N=N\c2ccccc2)c(N)c1,0.0,,1.0,,1.0,0.0,,1.0,1.0,0.0,1.0,0.0
MOL_01194,CC1CC(OC(=O)C(O)c2ccccc2)CC(C)(C)N1C,0.0,0.0,0.0,0.0,1.0,,0.0,0.0,0.0,0.0,0.0,0.0
MOL_01195,c1ccc2c(c1)[nH]c1cnccc12,0.0,0.0,1.0,0.0,0.0,0.0,0.0,0.0,0.0,,0.0,
MOL_01196,C#C[C@]1(OC(C)=O)CC[C@H]2[C@@H]3CCC4=CC(=O)CC[C@@H]4[C@H]3CC[C@@]21C,1.0,1.0,0.0,,1.0,1.0,,,,,0.0,0.0
MOL_01197,O=C(OOC(=O)c1ccccc1)c1ccccc1,,,,,,,,0.0,,0.0,,
MOL_01198,NC(=O)N=NC(N)=O,0.0,0.0,0.0,0.0,0.0,0.0,0.0,0.0,0.0,0.0,,0.0
MOL_01199,COc1ccc(N=[N+]([O-])c2ccc(OC)cc2)cc1,1.0,0.0,1.0,,1.0,0.0,0.0,1.0,1.0,0.0,,0.0
MOL_01200,[O-][N+](=Nc1ccccc1)c1ccccc1,0.0,0.0,1.0,,1.0,0.0,0.0,1.0,0.0,0.0,1.0,0.0
MOL_01201,CC[C@@H](C)CCCCC(=O)N[C@@H](CCNCS(=O)(=O)[O-])C(=O)N[C@H](C(=O)N[C@@H](CCNCS(=O)(=O)[O-])C(=O)N[C@H]1CCNC(=O)[C@H]([C@@H](C)O)NC(=O)[C@H](CCNCS(=O)(=O)[O-])NC(=O)[C@H](CCNCS(=O)(=O)[O-])NC(=O)[C@H](CC(C)C)NC(=O)[C@@H](CC(C)C)NC(=O)[C@H](CCNCS(=O)(=O)[O-])NC1=O)[C@@H](C)O,0.0,0.0,0.0,0.0,0.0,0.0,,,0.0,,0.0,0.0
MOL_01202,ClC(Cl)=C(Cl)C(Cl)=C(Cl)Cl,0.0,0.0,0.0,0.0,0.0,0.0,0.0,0.0,0.0,0.0,0.0,0.0
MOL_01203,Clc1c(Cl)c(Cl)c(Cl)c(Cl)c1Cl,0.0,0.0,0.0,0.0,0.0,0.0,0.0,0.0,0.0,0.0,,0.0
MOL_01204,CCOC(=O)CC(C)=O,0.0,0.0,0.0,0.0,0.0,0.0,0.0,0.0,0.0,0.0,0.0,0.0
MOL_01205,C1CCCNCCC1,0.0,0.0,0.0,0.0,0.0,0.0,0.0,0.0,0.0,0.0,0.0,0.0
MOL_01206,CCCCC(CC)COC(=O)/C=C\C(=O)OCC(CC)CCCC,0.0,0.0,0.0,0.0,0.0,0.0,0.0,1.0,0.0,0.0,0.0,0.0
MOL_01207,Cl[C@H]1[C@H](Cl)[C@@H](Cl)[C@@H](Cl)[C@H](Cl)[C@H]1Cl,0.0,0.0,0.0,,0.0,0.0,0.0,0.0,0.0,0.0,,0.0
MOL_01208,CC(C)(O)C#CC(C)(C)O,0.0,0.0,0.0,0.0,0.0,0.0,0.0,0.0,0.0,0.0,0.0,0.0
MOL_01209,CC(=O)[O-].CC(=O)[O-].[Mg+2],0.0,0.0,0.0,0.0,1.0,,0.0,0.0,0.0,0.0,0.0,0.0
MOL_01210,O=C(O)CNCC(=O)O,0.0,0.0,0.0,0.0,0.0,0.0,0.0,0.0,0.0,0.0,0.0,0.0
MOL_01211,CCCCCCCC/C=C\CCCCCCCC(=O)OCCCC,0.0,0.0,0.0,0.0,0.0,0.0,0.0,,0.0,0.0,,0.0
MOL_01212,ClC(Cl)(Cl)C(Cl)(Cl)Cl,,,,0.0,0.0,0.0,0.0,0.0,0.0,0.0,0.0,0.0
MOL_01213,ClC1=C(Cl)C(Cl)(Cl)C(Cl)=C1Cl,0.0,0.0,0.0,1.0,0.0,0.0,,,,1.0,,
MOL_01214,CN1CCN(C2=Nc3cc(F)ccc3Cc3ccccc32)CC1,0.0,0.0,0.0,0.0,,0.0,0.0,0.0,0.0,0.0,,0.0
MOL_01215,C=CCCC(=O)O,0.0,0.0,0.0,0.0,,0.0,0.0,0.0,0.0,0.0,0.0,0.0
MOL_01216,CN=C=O,0.0,0.0,0.0,0.0,0.0,0.0,0.0,0.0,0.0,0.0,,0.0
MOL_01217,[Na]I,0.0,0.0,0.0,0.0,0.0,0.0,0.0,0.0,0.0,0.0,0.0,0.0
MOL_01218,C[N+](C)(C)Cc1ccccc1,0.0,0.0,0.0,0.0,0.0,0.0,0.0,0.0,0.0,0.0,0.0,0.0
MOL_01219,COc1cccc(C=O)c1,0.0,0.0,0.0,0.0,0.0,0.0,0.0,0.0,0.0,0.0,0.0,0.0
MOL_01220,C[N+](C)(C)CC(=O)O,0.0,0.0,0.0,0.0,0.0,0.0,0.0,0.0,0.0,0.0,0.0,0.0
MOL_01221,Cc1ccccc1CCl,0.0,0.0,0.0,0.0,0.0,0.0,0.0,0.0,0.0,0.0,0.0,0.0
MOL_01222,CCC(C)c1cccc(C(C)CC)c1O,0.0,0.0,0.0,,0.0,0.0,0.0,0.0,0.0,0.0,1.0,0.0
MOL_01223,CCCC[N+](C)(CCCC)CCCC,0.0,0.0,0.0,0.0,0.0,0.0,0.0,0.0,0.0,0.0,0.0,0.0
MOL_01224,CC(=O)CC(c1ccccc1)c1c(O)c2ccccc2oc1=O,0.0,0.0,0.0,0.0,0.0,0.0,1.0,0.0,0.0,0.0,1.0,0.0
MOL_01225,CN1[C@H]2CC[C@@H]1C[C@H](O)C2,0.0,0.0,0.0,0.0,0.0,0.0,0.0,,0.0,0.0,0.0,0.0
MOL_01226,O=C1c2ccccc2CCc2ccccc21,0.0,0.0,0.0,,1.0,,0.0,0.0,0.0,0.0,,0.0
MOL_01227,N=C(N)Nc1ccc(C(=O)Oc2ccc3cc(C(=N)N)ccc3c2)cc1,0.0,0.0,0.0,0.0,0.0,0.0,0.0,,0.0,0.0,,0.0
MOL_01228,BrCCCCCBr,0.0,0.0,0.0,0.0,0.0,0.0,0.0,0.0,0.0,0.0,0.0,0.0
MOL_01229,NCCc1ccc(O)cc1,0.0,0.0,0.0,0.0,1.0,0.0,0.0,0.0,0.0,0.0,0.0,0.0
MOL_01230,CC(C)C(=O)OCC(=O)[C@@]12O[C@H](C3CCCCC3)O[C@@H]1C[C@H]1[C@@H]3CCC4=CC(=O)C=C[C@]4(C)[C@H]3[C@@H](O)C[C@@]12C,1.0,,0.0,,,0.0,0.0,,0.0,,1.0,0.0
MOL_01231,C[C@@H]1O[C@@H](O[C@@H]2[C@@H](O)[C@H](OCCc3ccc(O)c(O)c3)O[C@H](CO[C@@H]3O[C@H](CO)[C@@H](O)[C@H](O)[C@H]3O)[C@H]2OC(=O)/C=C/c2ccc(O)c(O)c2)[C@H](O)[C@H](O)[C@H]1O,0.0,0.0,0.0,0.0,,0.0,0.0,,0.0,0.0,0.0,0.0
MOL_01232,CCCCCCCCCCCC[N+](C)(C)CCOc1ccccc1,0.0,,0.0,,,0.0,,,,,1.0,
MOL_01233,NCC(O)c1ccc(O)cc1,0.0,0.0,0.0,0.0,0.0,0.0,0.0,0.0,0.0,0.0,0.0,0.0
MOL_01234,O=CNNC=O,0.0,0.0,0.0,0.0,0.0,0.0,0.0,0.0,0.0,0.0,0.0,0.0
MOL_01235,CCNC(=S)NCC,0.0,0.0,0.0,0.0,1.0,0.0,0.0,0.0,0.0,0.0,0.0,0.0
MOL_01236,CC/C(=C(/CC)c1ccc(O)cc1)c1ccc(O)cc1,0.0,0.0,0.0,,1.0,1.0,0.0,1.0,0.0,1.0,1.0,1.0
MOL_01237,CCOC(=O)/C=C\C(=O)OCC,0.0,0.0,0.0,0.0,0.0,0.0,0.0,1.0,0.0,0.0,0.0,0.0
MOL_01238,CCN(C=O)CC,0.0,0.0,0.0,0.0,0.0,0.0,0.0,0.0,0.0,0.0,0.0,0.0
MOL_01239,OCCOCCO,0.0,0.0,0.0,0.0,0.0,0.0,0.0,0.0,0.0,0.0,0.0,0.0
MOL_01240,CC(C)(C)S,0.0,0.0,0.0,0.0,0.0,0.0,0.0,0.0,0.0,0.0,0.0,0.0
MOL_01241,CCCOC(=O)c1ccc(O)cc1,0.0,0.0,,,1.0,1.0,0.0,,0.0,0.0,1.0,0.0
MOL_01242,O=C(OCc1ccccc1)c1ccc(O)cc1,0.0,0.0,0.0,,1.0,1.0,0.0,0.0,1.0,1.0,,0.0
MOL_01243,CCCCC(CC)COC(=O)c1ccc(O)cc1,0.0,0.0,0.0,,1.0,1.0,0.0,0.0,0.0,,1.0,
MOL_01244,CC(=O)c1ccc(Cl)c(Cl)c1Cl,0.0,0.0,,0.0,0.0,0.0,0.0,0.0,0.0,0.0,,
MOL_01245,CCCCCCCOC(=O)c1ccc(O)cc1,0.0,0.0,0.0,,1.0,1.0,0.0,0.0,0.0,0.0,1.0,0.0
MOL_01246,CC(C)COC(=O)c1ccccc1C(=O)OCC(C)C,0.0,0.0,0.0,0.0,1.0,1.0,0.0,0.0,0.0,0.0,0.0,0.0
MOL_01247,CC(C)CCCCCCOC(=O)c1ccccc1C(=O)OCCCCCCC(C)C,0.0,0.0,0.0,0.0,0.0,0.0,0.0,0.0,0.0,0.0,0.0,0.0
MOL_01248,CCOC(=O)C=Cc1ccccc1,0.0,0.0,0.0,0.0,0.0,0.0,0.0,0.0,0.0,0.0,0.0,0.0
MOL_01249,COC(=O)c1ccc(O)cc1,0.0,0.0,0.0,0.0,0.0,0.0,0.0,0.0,0.0,0.0,0.0,0.0
MOL_01250,CCOC(=O)c1ccc(O)cc1,0.0,0.0,0.0,,1.0,0.0,0.0,0.0,0.0,0.0,0.0,0.0
MOL_01251,NCCc1cnc[nH]1,0.0,0.0,0.0,0.0,0.0,0.0,0.0,0.0,0.0,0.0,0.0,0.0
MOL_01252,CCCCCCCC/C=C\CCCCCCCC(=O)O,0.0,0.0,0.0,0.0,0.0,0.0,0.0,0.0,0.0,0.0,0.0,0.0
MOL_01253,CN1C(=O)C(C)(C2=CCCCC2)C(=O)N=C1O,0.0,0.0,0.0,0.0,0.0,0.0,0.0,0.0,0.0,0.0,0.0,0.0
MOL_01254,COS(=O)(=O)[O-].C[N+]1(C)CCN(CC(O)(c2ccccc2)C2CCCCC2)CC1,0.0,0.0,0.0,0.0,0.0,0.0,0.0,,0.0,,0.0,0.0
MOL_01255,CCCCCCCCn1sccc1=O,0.0,0.0,0.0,,,,,,0.0,1.0,1.0,1.0
MOL_01256,C=CCCCCCC,0.0,0.0,0.0,0.0,0.0,0.0,0.0,0.0,0.0,,0.0,0.0
MOL_01257,CCCCCCCCOc1ccc(C(=O)O)cc1,0.0,0.0,,,0.0,0.0,,,0.0,,1.0,
MOL_01258,CCN(CC)CCNc1ccc(CO)c2sc3ccccc3c(=O)c12,0.0,1.0,1.0,,,0.0,,,0.0,0.0,,1.0
MOL_01259,O=c1ccc2cc(O[C@@H]3O[C@H](CO)[C@@H](O)[C@H](O)[C@H]3O)c(O)cc2o1,0.0,,0.0,0.0,0.0,,,,0.0,,0.0,1.0
MOL_01260,c1ccc2c(c1)CCCC2C1=NCCN1,0.0,0.0,,0.0,0.0,0.0,0.0,0.0,0.0,0.0,,0.0
MOL_01261,Cc1cccc(N(C)C(=S)Oc2ccc3ccccc3c2)c1,0.0,0.0,,,,0.0,0.0,,0.0,0.0,0.0,0.0
MOL_01262,CC(CN(C)C)CN1c2ccccc2CCc2ccccc21,0.0,0.0,0.0,0.0,0.0,0.0,,0.0,0.0,0.0,,0.0
MOL_01263,CC1=C2[C@H]3OC(=O)[C@@H](C)[C@@H]3CC[C@@]2(C)C=CC1=O,0.0,0.0,0.0,0.0,0.0,0.0,0.0,0.0,0.0,0.0,0.0,0.0
MOL_01264,C[C@H]1[C@H]2[C@H](C[C@H]3[C@@H]4CC[C@H]5C[C@@H](O)CC[C@]5(C)[C@H]4CC(=O)[C@@]32C)O[C@]12CC[C@@H](C)CO2,0.0,0.0,0.0,0.0,0.0,0.0,0.0,0.0,0.0,0.0,0.0,0.0
MOL_01265,c1ccc2sc(SSN3CCOCC3)nc2c1,0.0,0.0,1.0,,0.0,0.0,1.0,0.0,0.0,1.0,1.0,0.0
MOL_01266,N#Cc1nn(-c2c(Cl)cc(C(F)(F)F)cc2Cl)c(N)c1S(=O)C(F)(F)F,0.0,0.0,0.0,,,0.0,0.0,1.0,0.0,0.0,,
MOL_01267,CC(Cc1ccc(C(C)(C)C)cc1)CN1C[C@H](C)O[C@H](C)C1,0.0,0.0,0.0,0.0,0.0,0.0,0.0,,0.0,0.0,,0.0
MOL_01268,CC(C)C(=O)Nc1ccc([N+](=O)[O-])c(C(F)(F)F)c1,0.0,0.0,0.0,1.0,,0.0,0.0,1.0,0.0,0.0,1.0,0.0
MOL_01269,FC(F)C(F)(F)OCC(Cn1cncn1)c1ccc(Cl)cc1Cl,0.0,,1.0,1.0,,0.0,,,,0.0,,
MOL_01270,CCOP(=O)(OCC)OP(=O)(OCC)OCC,0.0,0.0,0.0,0.0,,0.0,0.0,,0.0,0.0,0.0,0.0
MOL_01271,O=C1N=C2SCCN2C(=O)C1Cc1ccc(Cl)cc1,0.0,0.0,0.0,0.0,0.0,0.0,0.0,,0.0,,0.0,0.0
MOL_01272,O=C1NC2NC(=O)NC2N1,0.0,0.0,,0.0,0.0,0.0,0.0,0.0,0.0,0.0,0.0,0.0
MOL_01273,CN1[C@H]2CC[C@@H]1[C@@H](C(=O)O)[C@@H](OC(=O)c1ccccc1)C2,0.0,0.0,0.0,0.0,0.0,0.0,0.0,,0.0,,0.0,0.0
MOL_01274,C[N@+]12CCCC[C@@H]1CCC(=C(c1cccs1)c1cccs1)C2,0.0,0.0,0.0,0.0,0.0,0.0,0.0,,0.0,,0.0,0.0
MOL_01275,CC1(C)O[C@@H]2C[C@H]3[C@@H]4CCC5=CC(=O)C=C[C@]5(C)[C@H]4[C@@H](O)C[C@]3(C)[C@]2(C(=O)CO)O1,1.0,0.0,0.0,,1.0,0.0,0.0,0.0,,0.0,0.0,0.0
MOL_01276,CCOc1cc(N)c(Cl)cc1C(=O)NCC1CN(Cc2ccc(F)cc2)CCO1.O=C(O)CC(O)(CC(=O)O)C(=O)O,0.0,0.0,1.0,0.0,0.0,0.0,,,0.0,0.0,,0.0
MOL_01277,O=C(c1cc2ccccc2o1)N1CCN(Cc2ccccc2)CC1,0.0,0.0,0.0,,0.0,0.0,0.0,,0.0,,0.0,0.0
MOL_01278,C[C@H]1CN(c2c(F)c(F)c3c(=O)c(C(=O)O)cn(C4CC4)c3c2F)C[C@@H](C)N1,1.0,1.0,0.0,0.0,0.0,0.0,0.0,1.0,0.0,0.0,0.0,0.0
MOL_01279,COc1ccc(Cc2cnc(N)nc2N)cc1OC,0.0,0.0,0.0,0.0,0.0,0.0,0.0,0.0,0.0,0.0,0.0,0.0
MOL_01280,C=C[C@]1(C)C[C@@H](OC(=O)CSC(C)(C)CNC(=O)[C@H](N)C(C)C)[C@]2(C)[C@H](C)CC[C@]3(CCC(=O)[C@H]32)[C@@H](C)[C@@H]1O,0.0,0.0,0.0,,,0.0,,,0.0,,,0.0
MOL_01281,Cc1cnc(C(=O)O)c[n+]1[O-],0.0,0.0,0.0,0.0,0.0,0.0,0.0,,0.0,,0.0,0.0
MOL_01282,O=C1c2ccccc2C(=O)c2cc(O)ccc21,0.0,,1.0,,1.0,1.0,0.0,1.0,1.0,0.0,1.0,0.0
MOL_01283,CCNc1nc(NC(C)(C)C)nc(SC)n1,0.0,0.0,,0.0,0.0,0.0,0.0,1.0,0.0,0.0,1.0,0.0
MOL_01284,CNC(=O)N(C)c1nnc(C(C)(C)C)s1,0.0,0.0,0.0,0.0,0.0,0.0,0.0,0.0,0.0,0.0,0.0,0.0
MOL_01285,Cc1[nH]c(=O)n(C(C)(C)C)c(=O)c1Cl,0.0,0.0,0.0,0.0,0.0,0.0,0.0,0.0,0.0,0.0,0.0,0.0
MOL_01286,CCCCC(C#N)(Cn1cncn1)c1ccc(Cl)cc1,0.0,0.0,0.0,1.0,0.0,0.0,0.0,0.0,0.0,0.0,0.0,0.0
MOL_01287,O=C([O-])CF,0.0,0.0,0.0,0.0,0.0,0.0,0.0,0.0,0.0,0.0,0.0,0.0
MOL_01288,CCCCOCC(C)OCC(C)O,0.0,0.0,0.0,0.0,0.0,0.0,0.0,0.0,0.0,0.0,0.0,0.0
MOL_01289,C=CC(=O)OCCOCC(CC)(COCCOC(=O)C=C)COCCOC(=O)C=C,0.0,1.0,0.0,,,,1.0,1.0,1.0,,0.0,0.0
MOL_01290,C=CC(=O)OCCCCCC(C)C,0.0,0.0,0.0,0.0,1.0,0.0,0.0,0.0,0.0,0.0,0.0,0.0
MOL_01291,Cl/C=C/Cl,0.0,0.0,0.0,0.0,0.0,0.0,0.0,0.0,0.0,0.0,0.0,0.0
MOL_01292,Cl/C=C\Cl,0.0,0.0,0.0,,0.0,0.0,0.0,,0.0,,0.0,0.0
MOL_01293,O=C(O)CCCOc1ccc(Cl)cc1Cl,0.0,,,,0.0,0.0,0.0,0.0,0.0,0.0,,0.0
MOL_01294,C=Cc1ccc(C)cc1,0.0,0.0,0.0,0.0,0.0,0.0,0.0,0.0,0.0,0.0,0.0,0.0
MOL_01295,OCC(Cl)CCl,0.0,0.0,0.0,0.0,0.0,0.0,0.0,0.0,0.0,0.0,0.0,0.0
MOL_01296,OCCN1C[C@H](O)[C@@H](O)[C@H](O)[C@H]1CO,0.0,0.0,0.0,0.0,0.0,0.0,0.0,0.0,0.0,0.0,0.0,0.0
MOL_01297,CCCCOC(=O)CC(CC(=O)OCCCC)(OC(C)=O)C(=O)OCCCC,0.0,0.0,0.0,0.0,0.0,0.0,0.0,0.0,0.0,0.0,0.0,0.0
MOL_01298,NC(=O)Nc1ccc(Cl)c(Cl)c1,0.0,0.0,,0.0,0.0,0.0,0.0,,0.0,0.0,1.0,
MOL_01299,O=C(O)c1cccc(C(F)(F)F)c1,0.0,0.0,0.0,0.0,0.0,0.0,0.0,0.0,0.0,0.0,0.0,0.0
MOL_01300,O=S1(=O)CC(Cl)(Cl)C(Cl)(Cl)C1,0.0,,,,,1.0,1.0,,1.0,1.0,,
MOL_01301,COC(=O)c1ccc(OC)cc1,0.0,0.0,0.0,,0.0,0.0,,0.0,0.0,0.0,0.0,0.0
MOL_01302,COC(OC)OC,0.0,0.0,0.0,0.0,0.0,0.0,0.0,0.0,0.0,0.0,0.0,0.0
MOL_01303,O=C(O)c1snc(Cl)c1Cl,0.0,0.0,1.0,0.0,0.0,0.0,0.0,,0.0,0.0,0.0,0.0
MOL_01304,Nc1ccc(Cl)cc1[N+](=O)[O-],0.0,0.0,,0.0,,0.0,0.0,0.0,0.0,0.0,1.0,0.0
MOL_01305,CN(C)CCN(Cc1cccs1)c1ccccn1.CN(C)CCN(Cc1cccs1)c1ccccn1,0.0,0.0,0.0,0.0,0.0,0.0,0.0,0.0,0.0,0.0,0.0,0.0
MOL_01306,CCCC(=O)OCCC(C)CCC=C(C)C,0.0,0.0,0.0,0.0,0.0,0.0,0.0,0.0,0.0,,0.0,0.0
MOL_01307,C=CCc1ccc(OC(=O)Cc2ccccc2)c(OC)c1,0.0,0.0,,0.0,1.0,0.0,0.0,0.0,0.0,0.0,0.0,0.0
MOL_01308,Cc1ccc(OC(=O)CC(C)C)cc1,0.0,0.0,0.0,,0.0,0.0,0.0,0.0,0.0,0.0,0.0,0.0
MOL_01309,CCC(C)C1N=C(C)C(C)S1,0.0,0.0,0.0,0.0,0.0,0.0,0.0,0.0,0.0,0.0,0.0,0.0
MOL_01310,CCCC(=O)C(CC)Sc1ccoc1C,0.0,0.0,0.0,0.0,0.0,0.0,0.0,,0.0,0.0,0.0,0.0
MOL_01311,Cc1nc2ccc(Cl)cc2[nH]1,0.0,0.0,1.0,0.0,0.0,0.0,0.0,0.0,0.0,0.0,0.0,0.0
MOL_01312,N[C@@H](CCC(=O)O)C(=O)O,0.0,0.0,0.0,0.0,0.0,0.0,0.0,0.0,0.0,0.0,0.0,0.0
MOL_01313,CCCC(=O)OC/C=C(\C)CCC=C(C)C,0.0,0.0,0.0,0.0,0.0,0.0,0.0,0.0,0.0,0.0,0.0,0.0
MOL_01314,CC(C)(C)OC(=O)c1ccccc1C(=O)O,0.0,0.0,0.0,,0.0,0.0,0.0,0.0,0.0,0.0,0.0,0.0
MOL_01315,COc1cc(/C=C/C(N)=O)cc(OC)c1OC,,,,,,,,0.0,,0.0,,
MOL_01316,CCOc1nc(=O)c(F)c[nH]1,,,,,,,,0.0,,0.0,,
MOL_01317,N#CC1(c2ccc(F)cc2)CCC(=O)CC1,,,,,,,,0.0,,0.0,,
MOL_01318,Cc1ccc(C(C)OC(=O)C2(C)CCC(C(=O)O)C2(C)C)cc1.OCCNCCO,,,,,,,,0.0,,0.0,,
MOL_01319,CCOC(=O)C(c1c(O)c2ccccc2oc1=O)c1c(O)c2ccccc2oc1=O,,,,,,,,,,0.0,,
MOL_01320,O=C(O)Cc1ccc2c(c1)C(=O)c1ccccc1CO2,,,,,,,,,,0.0,,
MOL_01321,Nc1ncnc2c1ncn2Cc1c(F)cccc1Cl,,,,,,,,0.0,,0.0,,
MOL_01322,NC(=O)NC1N=C(O[AlH3](O)O)NC1=O,,,,,,,,0.0,,0.0,,
MOL_01323,COCCc1ccc(OCC2CO2)cc1,,,,,,,,0.0,,0.0,,
MOL_01324,C#Cc1ccc(-c2ccccc2F)cc1,,,,,,,,0.0,,0.0,,
MOL_01325,CC1(COc2ccc(CC3SC(=O)NC3=O)cc2)CCCCC1,0.0,0.0,,1.0,,0.0,1.0,,0.0,0.0,1.0,
MOL_01326,CC(C)C[C@H](NC(=O)OCC1c2ccccc2-c2ccccc21)C(=O)O,0.0,0.0,1.0,,1.0,0.0,1.0,,1.0,0.0,0.0,0.0
MOL_01327,C[C@H]1C[C@H]2[C@@H]3CCC4=CC(=O)C=C[C@]4(C)[C@@]3(Cl)[C@@H](O)C[C@]2(C)[C@@]1(O)C(=O)CO,1.0,1.0,0.0,,0.0,0.0,0.0,0.0,0.0,0.0,0.0,0.0
MOL_01328,CC1(C)CCC(C)(C)c2cc(C(=O)Nc3ccc(C(=O)O)cc3)ccc21,0.0,0.0,0.0,0.0,,0.0,,,0.0,,1.0,
MOL_01329,CP(=O)([O-])OCCC[Si](O)(O)O,0.0,0.0,0.0,0.0,0.0,0.0,0.0,0.0,0.0,0.0,,0.0
MOL_01330,N#Cc1ccc(CC(=O)c2cccc(C(F)(F)F)c2)cc1,0.0,0.0,0.0,0.0,0.0,0.0,0.0,0.0,0.0,0.0,,0.0
MOL_01331,O=C(c1ccc(O)cc1)c1ccc(O)cc1O,1.0,0.0,1.0,,1.0,1.0,0.0,0.0,0.0,0.0,1.0,0.0
MOL_01332,OCCC1CCCCN1,0.0,0.0,0.0,0.0,0.0,0.0,0.0,0.0,0.0,0.0,,0.0
MOL_01333,CC(C)(O)C(=O)c1ccccc1,0.0,0.0,0.0,0.0,0.0,0.0,0.0,0.0,0.0,0.0,0.0,0.0
MOL_01334,CCCCOC(=O)C(C)OC(=O)CCC,0.0,0.0,0.0,0.0,0.0,0.0,0.0,0.0,0.0,0.0,0.0,0.0
MOL_01335,COC(C=C(C)CCC=C(C)C)OC,0.0,0.0,0.0,0.0,0.0,0.0,0.0,0.0,0.0,0.0,0.0,0.0
MOL_01336,CCC(=O)OC(C)(C)C1CC=C(C)CC1,0.0,0.0,0.0,0.0,,0.0,0.0,0.0,0.0,0.0,0.0,0.0
MOL_01337,C=C[Si](OC(=C)C)(OC(=C)C)OC(=C)C,0.0,0.0,0.0,,,0.0,0.0,0.0,0.0,0.0,0.0,0.0
MOL_01338,O=S(=O)(O)NC1CCCCC1,0.0,0.0,0.0,0.0,0.0,0.0,0.0,0.0,0.0,0.0,0.0,0.0
MOL_01339,C/C=C(C(=C/C)/c1ccc(OC(C)=O)cc1)\c1ccc(OC(C)=O)cc1,,,,,,,,1.0,,1.0,,
MOL_01340,Nc1ccc(C(=O)N2CC3CC(CN(Cc4ccccc4)C3)C2)cc1,,,,,,,,0.0,,0.0,,
MOL_01341,CC(C)(C)c1ccc(OP(=O)(Oc2ccccc2)Oc2ccccc2)cc1,0.0,0.0,,0.0,,0.0,0.0,1.0,0.0,0.0,,0.0
MOL_01342,CN(C)[C@@H]1C(O)=C(C(N)=O)C(=O)[C@@]2(O)C(O)=C3C(=O)c4c(O)cccc4C[C@H]3C[C@@H]12,,,,,,,,,,0.0,,
MOL_01343,Cc1oc(=O)oc1COC(=O)[C@@H]1N2C(=O)[C@@H](NC(=O)[C@H](N)c3ccccc3)[C@H]2SC1(C)C,,,,,,,,0.0,,0.0,,
MOL_01344,CC#C[C@]1(O)CC[C@H]2[C@@H]3C[C@H](C)C4=CC(=O)CC[C@]4(C)[C@H]3CC[C@@]21C,,,,,,,,1.0,,0.0,,
MOL_01345,CCOC(=O)C(=O)CCCCCCl,,,,,,,,0.0,,0.0,,
MOL_01346,Nc1ccc(Cl)cc1C(=O)c1ccccc1F,,,,,,,,1.0,,0.0,,
MOL_01347,Cc1nc(N)nc(N)c1-c1ccc(Cl)c(Cl)c1,,,,,,,,1.0,,0.0,,
MOL_01348,CC(C)(C)c1ccc(OCC2CO2)cc1,0.0,0.0,0.0,,1.0,0.0,0.0,0.0,0.0,0.0,0.0,0.0
MOL_01349,CC(=O)[C@H]1CC[C@H]2[C@@H]3C=CC4=CC(=O)CC[C@@]4(C)[C@@H]3CC[C@]12C,1.0,1.0,0.0,0.0,0.0,0.0,0.0,1.0,0.0,0.0,0.0,0.0
MOL_01350,Cn1c(=O)c2c(ncn2CC(O)CO)n(C)c1=O,0.0,0.0,0.0,0.0,0.0,0.0,0.0,0.0,0.0,0.0,0.0,0.0
MOL_01351,C=CN1CCCC1=O,0.0,0.0,0.0,0.0,0.0,0.0,0.0,0.0,0.0,0.0,0.0,0.0
MOL_01352,OCC(CO)N[C@H]1C[C@](O)(CO)[C@@H](O)[C@H](O)[C@H]1O,0.0,0.0,0.0,0.0,0.0,0.0,0.0,1.0,0.0,0.0,0.0,0.0
MOL_01353,C1CCCCCCCCCCC1,0.0,,0.0,0.0,0.0,0.0,0.0,0.0,0.0,0.0,0.0,0.0
MOL_01354,Cc1cccc(C)c1,0.0,0.0,0.0,0.0,1.0,1.0,0.0,0.0,0.0,0.0,0.0,0.0
MOL_01355,Cc1ccc(N)c(C)c1,0.0,0.0,1.0,0.0,0.0,0.0,0.0,0.0,0.0,0.0,0.0,0.0
MOL_01356,Oc1cccc(Cl)c1,0.0,0.0,0.0,0.0,0.0,0.0,0.0,0.0,0.0,0.0,,0.0
MOL_01357,O=C(O)c1cc(C(=O)O)cc(S(=O)(=O)[O-])c1,0.0,0.0,0.0,0.0,0.0,0.0,0.0,0.0,0.0,0.0,0.0,0.0
MOL_01358,Nc1c(S(=O)(=O)[O-])cc(Br)c2c1C(=O)c1ccccc1C2=O,0.0,0.0,1.0,0.0,0.0,0.0,0.0,1.0,0.0,0.0,,0.0
MOL_01359,CC(C)CCON=O,0.0,0.0,0.0,0.0,0.0,0.0,0.0,0.0,0.0,0.0,0.0,0.0
MOL_01360,CC(=O)C(C)C,0.0,0.0,0.0,0.0,0.0,0.0,0.0,,0.0,0.0,0.0,0.0
MOL_01361,O=Cc1ccccc1[N+](=O)[O-],0.0,0.0,,0.0,0.0,0.0,0.0,0.0,0.0,0.0,,1.0
MOL_01362,O=Cc1ccc([N+](=O)[O-])cc1,0.0,0.0,,,1.0,0.0,0.0,0.0,0.0,0.0,0.0,0.0
MOL_01363,COc1cc(OC)nc(Oc2cccc(Oc3nc(OC)cc(OC)n3)c2C(=O)[O-])n1,0.0,0.0,0.0,0.0,0.0,0.0,0.0,0.0,0.0,0.0,0.0,0.0
MOL_01364,CC(C)=C[C@@H]1[C@@H](C(=O)OCc2coc(Cc3ccccc3)c2)C1(C)C,0.0,0.0,0.0,0.0,0.0,0.0,0.0,0.0,0.0,0.0,0.0,0.0
MOL_01365,CCCCc1oc2ccc(NS(C)(=O)=O)cc2c1C(=O)c1ccc(OCCCN(CCCC)CCCC)cc1,0.0,0.0,,,0.0,0.0,,0.0,,1.0,,
MOL_01366,CCCCCCCN(CC)CCCC(O)c1ccc(NS(C)(=O)=O)cc1.CCCCCCCN(CC)CCCC(O)c1ccc(NS(C)(=O)=O)cc1,0.0,0.0,0.0,0.0,0.0,0.0,0.0,,0.0,,,
MOL_01367,COc1cc([C@@H]2c3cc4c(cc3C(O[C@@H]3O[C@@H]5CO[C@@H](C)O[C@H]5[C@H](O)[C@H]3O)C3COC(=O)[C@@H]32)OCO4)cc(OC)c1OP(=O)(O)O,0.0,0.0,0.0,0.0,1.0,0.0,0.0,,1.0,,0.0,1.0
MOL_01368,C[C@H]1NCc2cc(-c3ccc4c(=O)c(C(=O)O)cn(C5CC5)c4c3OC(F)F)ccc21,,,,,,,,0.0,,0.0,,
MOL_01369,CNC(=O)CN(CCN(CCN(CC(=O)[O-])CC(=O)NC)CC(=O)[O-])CC(=O)[O-].[Gd+3],,,,,,,,0.0,,0.0,,
MOL_01370,Nc1ccc(S(=O)(=O)[N-]c2ncccn2)cc1.[Ag+],0.0,0.0,0.0,0.0,0.0,0.0,0.0,,0.0,,0.0,0.0
MOL_01371,COC(=O)C1=C(C)NC(C)=C(C(=O)OCC(C)=O)C1c1ccccc1[N+](=O)[O-],0.0,0.0,,,0.0,0.0,,0.0,0.0,0.0,1.0,0.0
MOL_01372,C=C1/C(=C\C=C2/CCC[C@]3(C)[C@@H]([C@H](C)OCCC(C)(C)O)CC[C@@H]23)C[C@@H](O)C[C@@H]1O,0.0,0.0,0.0,0.0,0.0,0.0,,,0.0,,0.0,1.0
MOL_01373,Cc1nc(-c2ccc(OCC(C)C)c(C#N)c2)sc1C(=O)O,1.0,,1.0,,,0.0,0.0,,1.0,0.0,,0.0
MOL_01374,COc1ccc(C(=O)N2CCCC2=O)cc1,0.0,0.0,0.0,0.0,0.0,0.0,0.0,0.0,0.0,0.0,0.0,0.0
MOL_01375,CC(C)(C)NCC(O)c1ccc(O)c(CO)n1,0.0,0.0,0.0,0.0,0.0,0.0,0.0,,0.0,,0.0,0.0
MOL_01376,CC(N)C(=O)OC(C)(C)Cc1ccc(Cl)cc1,0.0,0.0,0.0,0.0,0.0,0.0,0.0,0.0,0.0,0.0,,0.0
MOL_01377,CC1=C(C)C(=O)C(CCCCC#CCCCC#CCO)=C(C)C1=O,0.0,0.0,1.0,,,0.0,,1.0,0.0,0.0,,0.0
MOL_01378,C=CCc1ccccc1OCC(O)CNC(C)C,0.0,0.0,0.0,0.0,0.0,0.0,0.0,0.0,0.0,0.0,,0.0
MOL_01379,CC(C)(C)c1nnc(NS(=O)(=O)c2ccccc2)s1,0.0,0.0,0.0,0.0,0.0,0.0,0.0,1.0,0.0,0.0,1.0,0.0
MOL_01380,Cc1ccc2c(c1N)C(=O)c1ccccc1C2=O,1.0,0.0,1.0,,1.0,1.0,0.0,1.0,1.0,0.0,1.0,0.0
MOL_01381,CCn1c2ccccc2c2cc(N)ccc21,0.0,0.0,1.0,1.0,0.0,1.0,0.0,1.0,0.0,1.0,1.0,1.0
MOL_01382,CCOc1ccc(NC(C)=O)cc1N,0.0,0.0,1.0,,,0.0,0.0,0.0,0.0,,,0.0
MOL_01383,Nc1c(Br)cc(Br)c2c1C(=O)c1ccccc1C2=O,0.0,0.0,1.0,0.0,0.0,0.0,0.0,,0.0,0.0,1.0,0.0
MOL_01384,Nc1nnc(-c2ccc([N+](=O)[O-])o2)o1,0.0,0.0,0.0,,,0.0,0.0,1.0,0.0,0.0,,0.0
MOL_01385,CCCCCCCCCCCCCCBr,0.0,0.0,0.0,0.0,0.0,0.0,0.0,,0.0,0.0,0.0,0.0
MOL_01386,CCOCn1c(-c2ccc(Cl)cc2)c(C#N)c(Br)c1C(F)(F)F,0.0,,0.0,,,,,,0.0,1.0,1.0,1.0
MOL_01387,Cn1cc(S(C)=O)c(=O)c2ccc(F)cc21,0.0,0.0,0.0,0.0,0.0,0.0,0.0,,0.0,0.0,0.0,0.0
MOL_01388,c1ccc2c(CCC3CCNCC3)c[nH]c2c1,0.0,0.0,1.0,0.0,0.0,0.0,0.0,,0.0,,,0.0
MOL_01389,CC(=O)c1ccc(OCC(=O)N2CCCCC2)cc1,0.0,0.0,,,1.0,0.0,0.0,0.0,0.0,0.0,0.0,
MOL_01390,C/C(=N\O)c1ccc(OCC(=O)N2CCCCC2)cc1,0.0,0.0,1.0,,1.0,0.0,0.0,0.0,1.0,0.0,0.0,0.0
MOL_01391,O=C(O)CCCCCCNC1c2ccccc2CCc2ccccc21,0.0,0.0,1.0,1.0,0.0,0.0,0.0,0.0,0.0,0.0,0.0,0.0
MOL_01392,O=C(O)Cc1ccccc1Oc1ccc(Cl)cc1Cl,0.0,0.0,0.0,0.0,0.0,0.0,0.0,,0.0,0.0,0.0,0.0
MOL_01393,CCCOC(=O)Cc1ccc(OCC(=O)N(CC)CC)c(OC)c1,0.0,0.0,0.0,0.0,0.0,0.0,0.0,0.0,0.0,0.0,0.0,0.0
MOL_01394,CCC(=O)O[C@H]1[C@@H](N2CCCCC2)C[C@H]2[C@@H]3CC[C@H]4C[C@H](OC(C)=O)[C@@H](N5CCCCC5)C[C@]4(C)[C@H]3CC[C@@]21C,0.0,0.0,0.0,0.0,0.0,0.0,0.0,,0.0,,0.0,0.0
MOL_01395,COc1ccc2c(C(=O)c3ccc(Cl)cc3)c(C)n(CC(=O)O)c2c1,0.0,0.0,1.0,0.0,0.0,0.0,0.0,0.0,0.0,0.0,0.0,0.0
MOL_01396,Cc1nc([N+](=O)[O-])cn1-c1ccc([N+](=O)[O-])cc1,0.0,0.0,0.0,0.0,0.0,0.0,0.0,0.0,0.0,0.0,0.0,0.0
MOL_01397,CO[C@@]12[C@H](COC(N)=O)C3=C(C(=O)C(C)=C(N)C3=O)N1C[C@@H]1N[C@@H]12,0.0,0.0,0.0,,,0.0,,,0.0,0.0,0.0,1.0
MOL_01398,O=[Mo](=O)=O,0.0,0.0,0.0,0.0,0.0,0.0,0.0,0.0,0.0,0.0,0.0,0.0
MOL_01399,CCOP(=S)(S)OCC,0.0,0.0,0.0,0.0,0.0,0.0,0.0,0.0,0.0,0.0,0.0,0.0
MOL_01400,c1nc[nH]n1,0.0,0.0,0.0,0.0,0.0,0.0,0.0,,0.0,0.0,0.0,0.0
MOL_01401,ClC1(Cl)C2(Cl)C3(Cl)C4(Cl)C(Cl)(Cl)C5(Cl)C3(Cl)C1(Cl)C5(Cl)C24Cl,0.0,,0.0,0.0,0.0,0.0,0.0,,0.0,0.0,0.0,0.0
MOL_01402,CCCCCCCC/C=C\CCCCCCCC(N)=O,0.0,0.0,0.0,0.0,0.0,0.0,0.0,0.0,0.0,0.0,1.0,0.0
MOL_01403,CNC(=O)Oc1cc(C)c(N(C)C)c(C)c1,0.0,0.0,,0.0,,0.0,0.0,,0.0,0.0,0.0,0.0
MOL_01404,Cc1cc(=O)[nH]c(=S)[nH]1,1.0,1.0,0.0,0.0,0.0,0.0,0.0,0.0,0.0,0.0,0.0,0.0
MOL_01405,CCCCC(CC)COP(=O)(O)OCC(CC)CCCC,0.0,0.0,0.0,0.0,,0.0,,,0.0,,1.0,
MOL_01406,C[C@@H]1C[C@H]2[C@@H]3CCC4=CC(=O)C=C[C@]4(C)[C@@]3(Cl)[C@@H](O)C[C@]2(C)[C@@]1(OC(=O)c1ccco1)C(=O)CCl,1.0,,0.0,,0.0,0.0,0.0,1.0,0.0,,1.0,0.0
MOL_01407,CCC(C)(C)c1ccc(O)cc1,0.0,0.0,0.0,0.0,1.0,1.0,0.0,0.0,0.0,0.0,1.0,0.0
MOL_01408,Cc1c(N)cccc1Cl,0.0,0.0,,0.0,,0.0,0.0,0.0,0.0,0.0,0.0,0.0
MOL_01409,Cc1ccc(Cl)cc1,0.0,0.0,0.0,0.0,0.0,0.0,0.0,0.0,0.0,0.0,0.0,0.0
MOL_01410,CC(C)(c1cc(Cl)c(O)c(Cl)c1)c1cc(Cl)c(O)c(Cl)c1,0.0,0.0,0.0,0.0,1.0,1.0,,1.0,0.0,1.0,1.0,
MOL_01411,Nc1ccc(Br)cc1,0.0,0.0,1.0,0.0,0.0,0.0,0.0,0.0,0.0,0.0,0.0,0.0
MOL_01412,CCCCOC(=O)CCCCC(=O)OCCCC,0.0,0.0,0.0,0.0,0.0,0.0,0.0,0.0,0.0,0.0,0.0,0.0
MOL_01413,Cc1ccc(O)c(C)c1,0.0,0.0,0.0,0.0,0.0,0.0,0.0,0.0,0.0,0.0,0.0,0.0
MOL_01414,COc1ccc(CCN(C)CCCN2CCc3cc(OC)c(OC)cc3CC2=O)cc1OC,0.0,0.0,,0.0,0.0,0.0,0.0,0.0,0.0,0.0,0.0,0.0
MOL_01415,Cc1ccc(O)cc1,0.0,0.0,0.0,0.0,1.0,0.0,0.0,0.0,0.0,0.0,0.0,0.0
MOL_01416,Cc1ccc(C)cc1,0.0,0.0,0.0,0.0,0.0,0.0,0.0,0.0,0.0,0.0,0.0,0.0
MOL_01417,COc1ccc(S(=O)(=O)N2c3ccc(Cl)cc3[C@@](O)(c3ccccc3Cl)[C@H]2C(=O)N2CCC[C@@H]2C(N)=O)cc1OC,0.0,0.0,0.0,0.0,0.0,0.0,0.0,0.0,0.0,0.0,0.0,0.0
MOL_01418,O=[PH](Oc1ccccc1)Oc1ccccc1,0.0,0.0,0.0,0.0,1.0,0.0,0.0,0.0,0.0,0.0,0.0,0.0
MOL_01419,C[NH+](C)CCC(c1ccc(Cl)cc1)c1ccccn1,0.0,0.0,0.0,0.0,0.0,0.0,0.0,0.0,0.0,0.0,0.0,0.0
MOL_01420,CCCNC(=O)NS(=O)(=O)c1ccc(Cl)cc1,0.0,0.0,0.0,0.0,0.0,0.0,0.0,0.0,0.0,0.0,0.0,0.0
MOL_01421,C[N+](C)(C)CCO,0.0,0.0,0.0,0.0,0.0,0.0,0.0,0.0,0.0,0.0,0.0,0.0
MOL_01422,O=[Cr]O[Cr]=O,0.0,0.0,0.0,0.0,0.0,0.0,0.0,0.0,0.0,0.0,0.0,0.0
MOL_01423,[Cr+3],0.0,0.0,0.0,,0.0,0.0,0.0,0.0,0.0,0.0,0.0,0.0
MOL_01424,O=C1c2cccc(O)c2C(=O)c2c(O)cccc21,0.0,0.0,0.0,0.0,1.0,0.0,0.0,1.0,0.0,0.0,1.0,0.0
MOL_01425,CN/C(=N\C#N)NCCSCc1nc[nH]c1C,0.0,0.0,0.0,0.0,0.0,0.0,0.0,0.0,0.0,0.0,0.0,0.0
MOL_01426,CCCCNS(=O)(=O)c1ccccc1,0.0,0.0,,,0.0,0.0,0.0,0.0,0.0,0.0,0.0,0.0
MOL_01427,C=C(C)c1cccc(C(=C)C)c1,0.0,0.0,0.0,0.0,,0.0,0.0,0.0,0.0,0.0,0.0,0.0
MOL_01428,CC=CC(=O)O,0.0,0.0,0.0,0.0,0.0,0.0,0.0,0.0,0.0,0.0,0.0,0.0
MOL_01429,CC1OC(=O)C(C)OC1=O,0.0,0.0,0.0,0.0,,0.0,0.0,0.0,0.0,0.0,0.0,0.0
MOL_01430,Nc1ccc(N)c2c1C(=O)c1ccccc1C2=O,0.0,0.0,1.0,,0.0,0.0,0.0,1.0,0.0,0.0,1.0,
MOL_01431,CC(C)Nc1ccc(NC(C)C)c2c1C(=O)c1ccccc1C2=O,0.0,0.0,1.0,,0.0,0.0,0.0,,0.0,0.0,,0.0
MOL_01432,OCCCCCO,0.0,0.0,0.0,0.0,1.0,0.0,0.0,0.0,0.0,0.0,0.0,0.0
MOL_01433,CC(C)(C)c1cc([N+](=O)[O-])cc([N+](=O)[O-])c1O,0.0,,0.0,,,0.0,,1.0,0.0,0.0,1.0,1.0
MOL_01434,CNC(=N)NC(=O)Nc1c(C)cccc1C,0.0,0.0,0.0,0.0,0.0,0.0,0.0,0.0,0.0,0.0,0.0,0.0
MOL_01435,CSc1ccc(/C=C2/C(C)=C(CC(=O)O)c3cc(F)ccc32)cc1,0.0,,1.0,0.0,0.0,0.0,1.0,,0.0,0.0,,
MOL_01436,CC(C(=O)O)c1ccc2c(c1)CC(=O)c1ccccc1S2,0.0,0.0,0.0,0.0,0.0,0.0,1.0,0.0,0.0,0.0,0.0,0.0
MOL_01437,CC(C(=O)O)c1ccc(C2CCCCC2)c2ccccc12,0.0,0.0,0.0,,0.0,0.0,,,0.0,,0.0,0.0
MOL_01438,CC[C@]1(O)C[C@H]2CN(CCc3c([nH]c4ccccc34)[C@@](C(=O)OC)(c3cc4c(cc3OC)N(C)[C@H]3[C@@](O)(C(N)=O)[C@H](O)[C@]5(CC)C=CCN6CC[C@]43[C@@H]65)C2)C1,0.0,,,0.0,0.0,,,,1.0,,,1.0
MOL_01439,CCOC(=O)CN[C@@H](C(=O)N1CC[C@H]1C(=O)NCc1ccc(/C(N)=N/O)cc1)C1CCCCC1,0.0,0.0,0.0,0.0,0.0,0.0,0.0,,0.0,,0.0,0.0
MOL_01440,COc1cc2nc(N3CCN(C(=O)c4ccco4)CC3)nc(N)c2cc1OC,0.0,,,,0.0,0.0,0.0,0.0,,0.0,0.0,
MOL_01441,[NH3+]c1ccccc1,0.0,0.0,0.0,0.0,0.0,0.0,0.0,0.0,0.0,0.0,0.0,0.0
MOL_01442,NC(=S)c1c(Cl)cccc1Cl,0.0,0.0,0.0,0.0,0.0,0.0,0.0,0.0,0.0,0.0,0.0,0.0
MOL_01443,CC(C)c1ccc(S(=O)(=O)[O-])cc1,0.0,0.0,0.0,0.0,0.0,0.0,0.0,0.0,0.0,0.0,0.0,0.0
MOL_01444,CCCCCCCCCCCC(=O)OCC(C)OC(=O)CCCCC(=O)O,0.0,0.0,0.0,0.0,0.0,,,0.0,0.0,,0.0,
MOL_01445,CCCCCCCCCCCCCCCS(=O)(=O)Oc1ccccc1,0.0,0.0,0.0,0.0,0.0,0.0,0.0,0.0,0.0,0.0,0.0,0.0
MOL_01446,CC[C@H](C)C(=O)O[C@H]1C[C@H](O)C=C2C=C[C@H](C)[C@H](CC[C@@H](O)C[C@@H](O)CC(=O)[O-])[C@H]21,0.0,0.0,0.0,0.0,0.0,0.0,0.0,0.0,0.0,0.0,0.0,0.0
MOL_01447,NC[C@H]1O[C@H](O[C@@H]2[C@@H](N)C[C@@H](N)[C@H](O[C@H]3O[C@H](CO)[C@@H](O)[C@H](N)[C@H]3O)[C@H]2O)[C@H](O)[C@@H](O)[C@@H]1O,0.0,0.0,0.0,0.0,0.0,0.0,0.0,0.0,0.0,0.0,0.0,0.0
MOL_01448,COc1cc2c(cc1OC)[C@@]13CCN4CC5=CCO[C@H]6CC(=O)N2[C@H]1[C@H]6[C@H]5C[C@H]43,1.0,0.0,0.0,0.0,0.0,0.0,0.0,0.0,0.0,0.0,0.0,0.0
MOL_01449,c1cc[n+]2c(c1)-c1cccc[n+]1CC2,0.0,0.0,0.0,0.0,,0.0,0.0,1.0,0.0,0.0,0.0,
MOL_01450,C[C@H](CCC(=O)O)[C@H]1CC[C@H]2[C@@H]3C(=O)C[C@@H]4CC(=O)CC[C@]4(C)[C@H]3CC(=O)[C@@]21C,0.0,0.0,0.0,,0.0,0.0,0.0,0.0,0.0,0.0,,0.0
MOL_01451,COCCOCCOCCOC,0.0,0.0,0.0,0.0,0.0,0.0,0.0,0.0,0.0,0.0,0.0,0.0
MOL_01452,C[N+](C)(C)CCCCCCCCCC[N+](C)(C)C,0.0,0.0,0.0,0.0,0.0,0.0,0.0,0.0,0.0,0.0,0.0,0.0
MOL_01453,C#C[C@]1(O)CC[C@H]2[C@@H]3CCC4=Cc5oncc5C[C@]4(C)[C@H]3CC[C@@]21C,1.0,1.0,0.0,1.0,1.0,1.0,0.0,,0.0,1.0,0.0,0.0
MOL_01454,Cc1ccccc1Br,0.0,0.0,0.0,0.0,0.0,0.0,0.0,0.0,0.0,0.0,0.0,0.0
MOL_01455,COc1cccc2c1C(=O)c1c(O)c3c(c(O)c1C2=O)C[C@@](O)(C(C)=O)C[C@@H]3O[C@H]1C[C@H](N)[C@H](O)[C@H](C)O1,0.0,1.0,,1.0,1.0,1.0,,,1.0,0.0,1.0,1.0
MOL_01456,CC(O)CCCCn1c(=O)c2c(ncn2C)n(C)c1=O,0.0,0.0,0.0,0.0,0.0,0.0,0.0,0.0,0.0,0.0,0.0,0.0
MOL_01457,Cc1ccc(C(=O)Nc2ccc(S(=O)(=O)O)c3cc(S(=O)(=O)O)cc(S(=O)(=O)O)c23)cc1NC(=O)c1cccc(NC(=O)Nc2cccc(C(=O)Nc3cc(C(=O)Nc4ccc(S(=O)(=O)O)c5cc(S(=O)(=O)O)cc(S(=O)(=O)O)c45)ccc3C)c2)c1,0.0,0.0,0.0,0.0,0.0,0.0,0.0,0.0,0.0,0.0,,0.0
MOL_01458,CCCCCCOc1ccc(C(=N)N(CCCC)CCCC)c2ccccc12,0.0,,,,,,,,,,,
MOL_01459,COc1cc(-c2nc(NC(=O)c3cc4cc(C)cc(C)c4n3CC(=O)O)sc2CCC2CCCCC2)c(OC)cc1Cl,0.0,,0.0,,,,,,,1.0,,
MOL_01460,COc1cc(C(C)C)c2c(c1)S(=O)(=O)N(COc1cc(=O)n3cccc(OCCN4CCCCC4)c3n1)C2=O,0.0,1.0,0.0,,0.0,0.0,0.0,1.0,0.0,0.0,0.0,0.0
MOL_01461,CCOC(=O)COc1ccc2c(c1)CC(NCC(O)c1cccc(Cl)c1)CC2,0.0,0.0,0.0,,0.0,0.0,0.0,0.0,0.0,0.0,,
MOL_01462,COc1cccc([C@H](O)C2CCN(CCc3ccc(F)cc3)CC2)c1OC,0.0,0.0,0.0,0.0,0.0,0.0,0.0,,0.0,0.0,0.0,0.0
MOL_01463,CN(C)CCC=C1c2ccccc2C(C)(C)c2ccccc21,0.0,0.0,0.0,1.0,0.0,,,,0.0,,,0.0
MOL_01464,O=C(N[C@H](c1ccccc1)[C@@H]1CN2CCC1CC2)c1c(Cl)ccc(C(F)(F)F)c1Cl,0.0,0.0,0.0,,,0.0,,,0.0,0.0,,0.0
MOL_01465,O=C(Nc1ccc2[nH]ccc2c1)c1cc2cc(F)ccc2n1Cc1cccc(F)c1,0.0,,,,,,,,0.0,,1.0,
MOL_01466,CNC(=O)Oc1cccc(C(C)C)c1,0.0,0.0,0.0,0.0,0.0,0.0,0.0,0.0,0.0,0.0,,0.0
MOL_01467,O=C(O)CC(O)(CC(=O)O)C(=O)O.Oc1cccc2cccnc12,0.0,0.0,0.0,,0.0,0.0,,,0.0,1.0,,
MOL_01468,COC(=O)c1cc(Oc2ccc(Cl)cc2Cl)ccc1[N+](=O)[O-],0.0,0.0,,1.0,,,0.0,0.0,0.0,,,0.0
MOL_01469,N[C@@H](CSSC[C@H](N)C(=O)O)C(=O)O,,,,,,,,0.0,,,,
MOL_01470,CCC(=O)Nc1ccc(O)cc1,0.0,0.0,0.0,0.0,0.0,0.0,0.0,0.0,0.0,0.0,0.0,0.0
MOL_01471,CN(C)CCCN1c2ccccc2Sc2ccccc21,1.0,0.0,0.0,,0.0,0.0,0.0,0.0,0.0,0.0,,0.0
MOL_01472,CC(=O)N1C[C@H](O)C[C@H]1C(=O)O,1.0,1.0,,0.0,1.0,,0.0,0.0,0.0,0.0,0.0,0.0
MOL_01473,CCC(C)(S(=O)(=O)CC)S(=O)(=O)CC,0.0,0.0,0.0,0.0,0.0,0.0,0.0,,0.0,,,0.0
MOL_01474,C[C@@H](O)[C@H](N)C(=O)O,,,,,,,,0.0,,0.0,,
MOL_01475,CN1C(=O)/C(=N/NC(N)=S)c2ccccc21,0.0,0.0,1.0,,0.0,0.0,1.0,,0.0,,1.0,0.0
MOL_01476,CC(=O)Oc1cc(C(C)C)c(OCCN(C)C)cc1C,0.0,0.0,0.0,0.0,0.0,0.0,0.0,0.0,0.0,0.0,0.0,0.0
MOL_01477,CCN(CC)CCNC(C(=O)OCCC(C)C)c1ccccc1,0.0,0.0,0.0,0.0,0.0,0.0,0.0,0.0,0.0,0.0,,0.0
MOL_01478,CCNC(=O)/C=C/c1cccc(Br)c1,0.0,,,,,0.0,0.0,0.0,0.0,0.0,0.0,0.0
MOL_01479,O=S(=O)(c1ccccc1)c1ccc(Cl)cc1,0.0,0.0,0.0,0.0,,0.0,0.0,,0.0,0.0,,0.0
MOL_01480,CN(C)c1ccc(SC#N)cc1,0.0,0.0,,,1.0,0.0,,0.0,0.0,1.0,,
MOL_01481,Cc1cccc(OCC(O)CNC(C)(C)C)c1C,,,,,,,,0.0,,0.0,,
MOL_01482,OC(c1ccc(Cl)cc1)(c1ccc(Cl)cc1)c1cccnc1,0.0,0.0,0.0,1.0,,0.0,,,0.0,0.0,1.0,1.0
MOL_01483,CCCCCCCCCCCCCCCC(=O)NCCO,0.0,0.0,0.0,0.0,0.0,0.0,0.0,0.0,0.0,0.0,0.0,0.0
MOL_01484,CCCCCCC1CCCC(=O)O1,0.0,,0.0,0.0,0.0,0.0,,0.0,0.0,0.0,,0.0
MOL_01485,CC(CC=O)c1ccccc1,0.0,0.0,0.0,0.0,0.0,0.0,0.0,0.0,0.0,,,0.0
MOL_01486,C1CNCCN1,0.0,0.0,0.0,1.0,1.0,0.0,0.0,0.0,0.0,0.0,0.0,0.0
MOL_01487,CCOC(=O)CCc1ccccc1,0.0,0.0,0.0,0.0,0.0,0.0,0.0,0.0,0.0,0.0,0.0,0.0
MOL_01488,CCOC(=O)CC(=O)c1ccccc1,0.0,0.0,,0.0,,0.0,0.0,0.0,0.0,0.0,0.0,0.0
MOL_01489,CCCCCC#CC(=O)OC,0.0,0.0,0.0,0.0,0.0,0.0,0.0,0.0,0.0,0.0,0.0,0.0
MOL_01490,CC/C=C\CC1=C(C)CCC1=O,0.0,0.0,0.0,0.0,0.0,0.0,0.0,,0.0,0.0,,0.0
MOL_01491,CCC(=O)OC(C)c1ccccc1,0.0,0.0,0.0,0.0,0.0,0.0,0.0,0.0,0.0,0.0,0.0,0.0
MOL_01492,Cc1cccc2nccnc12,0.0,0.0,0.0,,,0.0,0.0,0.0,0.0,0.0,0.0,0.0
MOL_01493,COc1cccc2c1C(=O)c1c(O)c3c(c(O)c1C2=O)C[C@@](O)(C(=O)CO)CC3OC1CC(N2CCOC(OC)C2)C(O)C(C)O1,,,,,,,,,,0.0,,
MOL_01494,C/C=C/C=C/C(=O)O,1.0,0.0,0.0,0.0,0.0,0.0,0.0,0.0,0.0,0.0,0.0,0.0
MOL_01495,CCN(CC)C(=S)[S-],0.0,0.0,0.0,,0.0,0.0,0.0,1.0,0.0,1.0,0.0,0.0
MOL_01496,[O-]c1c(Cl)cc(Cl)cc1Sc1cc(Cl)cc(Cl)c1[O-],0.0,0.0,0.0,,,,,0.0,0.0,,1.0,1.0
MOL_01497,Brc1cc(Br)c(Oc2cc(Br)c(Br)cc2Br)cc1Br,0.0,0.0,0.0,0.0,0.0,0.0,0.0,0.0,0.0,0.0,,0.0
MOL_01498,CC(C)NCC(O)c1ccc(NS(C)(=O)=O)cc1,1.0,0.0,0.0,0.0,0.0,0.0,0.0,0.0,0.0,0.0,0.0,0.0
MOL_01499,CCC(OCCCOC)OC(C)=O,0.0,0.0,0.0,0.0,0.0,0.0,0.0,0.0,0.0,0.0,0.0,0.0
MOL_01500,Cc1cscn1,0.0,0.0,0.0,0.0,0.0,0.0,0.0,0.0,0.0,0.0,,0.0
MOL_01501,NC1CCCCC1N,0.0,0.0,0.0,0.0,0.0,0.0,0.0,0.0,0.0,0.0,0.0,0.0
MOL_01502,O=C(Cl)c1c(Cl)c(Cl)c(C(=O)Cl)c(Cl)c1Cl,0.0,0.0,0.0,0.0,0.0,0.0,0.0,0.0,0.0,0.0,0.0,0.0
MOL_01503,C[Sn](C)(Cl)Cl,0.0,0.0,0.0,,0.0,0.0,0.0,1.0,0.0,1.0,0.0,0.0
MOL_01504,CCCCC(CC)C(=O)Cl,0.0,0.0,0.0,0.0,0.0,0.0,0.0,0.0,0.0,0.0,0.0,0.0
MOL_01505,CCOCCC(=O)OCC,0.0,0.0,0.0,0.0,0.0,0.0,0.0,0.0,0.0,0.0,0.0,0.0
MOL_01506,N#Cc1ccc2c(c1)N(CCCN1CCC(O)CC1)c1ccccc1S2,0.0,0.0,0.0,0.0,0.0,0.0,0.0,,0.0,,,1.0
MOL_01507,CN(N=O)c1ccccc1,0.0,0.0,0.0,0.0,0.0,0.0,0.0,0.0,0.0,0.0,0.0,0.0
MOL_01508,O=NN1CCOCC1,0.0,0.0,0.0,0.0,0.0,0.0,0.0,0.0,0.0,0.0,0.0,0.0
MOL_01509,NC(=O)Nc1nc2ccccc2[nH]1,0.0,0.0,,,0.0,0.0,0.0,,0.0,0.0,,0.0
MOL_01510,O=NN1CCNCC1,0.0,0.0,0.0,0.0,0.0,0.0,0.0,0.0,0.0,,0.0,0.0
MOL_01511,OC(CCN1CCCCC1)(c1ccccc1)C1CCCCC1,0.0,0.0,0.0,0.0,0.0,0.0,0.0,0.0,0.0,0.0,,0.0
MOL_01512,COc1cc2c(cc1OC)[C@@H](c1ccccc1)CN(C)CC2,0.0,0.0,,0.0,0.0,0.0,0.0,,0.0,,,0.0
MOL_01513,COc1ccc(CCNC[C@H](O)c2ccc(O)cc2)cc1OC,0.0,0.0,,0.0,0.0,0.0,0.0,,0.0,,0.0,0.0
MOL_01514,COc1cc2c(cc1OC)-c1c/c(=N\c3c(C)cc(C)cc3C)n(C)c(=O)n1CC2,0.0,,,,,0.0,,,,,,
MOL_01515,Cc1ccc(S(=O)(=O)N[C@@H](CCCCN)C(=O)CCl)cc1,0.0,1.0,0.0,0.0,,,,0.0,1.0,0.0,,
MOL_01516,CN(C)CCCN1c2ccccc2Sc2ccc(C(F)(F)F)cc21,0.0,0.0,0.0,,,0.0,,0.0,0.0,0.0,,1.0
MOL_01517,CC(C)(C)NCC(O)c1ccccc1Cl,0.0,0.0,,0.0,0.0,0.0,0.0,0.0,0.0,0.0,0.0,0.0
MOL_01518,CCN(CC)C(=O)N[C@H]1C[C@@H]2c3cccc4[nH]cc(c34)C[C@H]2N(C)C1,0.0,,1.0,0.0,1.0,0.0,0.0,,0.0,,0.0,0.0
MOL_01519,COC(=O)CC(C)CCC=C(C)C,0.0,0.0,0.0,0.0,0.0,0.0,0.0,,0.0,,0.0,0.0
MOL_01520,CC1(C)[C@@H](O)CC[C@@]2(C)[C@H]1CC[C@]1(C)[C@@H]2C(=O)C=C2[C@@H]3C[C@@](C)(C(=O)O)CC[C@]3(C)CC[C@]21C,0.0,0.0,0.0,0.0,0.0,0.0,0.0,,0.0,1.0,,0.0
MOL_01521,O=S1OCCO1,0.0,0.0,0.0,0.0,0.0,0.0,0.0,0.0,0.0,0.0,0.0,0.0
MOL_01522,OCC(O)CCl,0.0,0.0,0.0,0.0,0.0,0.0,0.0,0.0,0.0,0.0,0.0,0.0
MOL_01523,COC(C)(C)CCO,0.0,0.0,0.0,0.0,0.0,0.0,0.0,0.0,0.0,0.0,0.0,0.0
MOL_01524,C[C@]1(O)CC[C@H]2[C@@H]3CCC4=CC(=O)CC[C@]4(C)[C@H]3CC[C@@]21C,1.0,1.0,0.0,0.0,1.0,1.0,0.0,,0.0,0.0,0.0,1.0
MOL_01525,OCC(O)CO,0.0,0.0,0.0,0.0,0.0,0.0,0.0,0.0,0.0,0.0,0.0,0.0
MOL_01526,O=S(=O)(O)c1ccc(O)c2ncccc12,0.0,0.0,0.0,0.0,0.0,0.0,0.0,1.0,0.0,0.0,0.0,0.0
MOL_01527,Cc1ccc(S(=O)(=O)O)cc1.O,0.0,0.0,,0.0,0.0,0.0,0.0,0.0,0.0,0.0,0.0,0.0
MOL_01528,Oc1ccc(C(c2ccc(O)cc2)(C(F)(F)F)C(F)(F)F)cc1,0.0,0.0,1.0,,1.0,1.0,0.0,,0.0,0.0,1.0,1.0
MOL_01529,COC(OC)(C(=O)c1ccccc1)c1ccccc1,0.0,0.0,0.0,,1.0,1.0,0.0,0.0,0.0,0.0,0.0,0.0
MOL_01530,C[C@@H]1CC[C@H]2C(C)(C)[C@H]3C[C@]21CC[C@@]3(C)O,0.0,0.0,0.0,0.0,0.0,0.0,0.0,,0.0,,1.0,0.0
MOL_01531,CC(c1ccc(O)cc1)(c1ccc(O)cc1)c1ccc(O)cc1,0.0,0.0,0.0,,1.0,,0.0,1.0,0.0,,1.0,1.0
MOL_01532,O=S(=O)(O)O,0.0,0.0,0.0,0.0,0.0,0.0,0.0,,0.0,0.0,,0.0
MOL_01533,O=C(c1ccc(O)c(O)c1)c1ccc(O)cc1O,0.0,0.0,1.0,1.0,1.0,1.0,0.0,,0.0,1.0,1.0,
MOL_01534,[Fe+2],0.0,0.0,0.0,0.0,0.0,0.0,0.0,,0.0,0.0,0.0,0.0
MOL_01535,c1ccc2c(c1)ccc1cc3c(ccc4ccccc43)cc12,0.0,0.0,1.0,0.0,0.0,1.0,0.0,1.0,1.0,,0.0,1.0
MOL_01536,Nc1ccc(O)c(N)c1,0.0,0.0,0.0,0.0,,0.0,0.0,0.0,0.0,0.0,1.0,0.0
MOL_01537,Nc1ccc(NC(=O)c2ccc(N)cc2)cc1,0.0,0.0,0.0,0.0,0.0,0.0,0.0,0.0,0.0,0.0,1.0,0.0
MOL_01538,Cc1ccc(N)cc1N,0.0,0.0,1.0,0.0,0.0,0.0,0.0,,0.0,0.0,1.0,0.0
MOL_01539,CCOP(=S)(OCC)Oc1cc(C)nc(C(C)C)n1,0.0,0.0,1.0,0.0,0.0,0.0,0.0,0.0,0.0,0.0,0.0,0.0
MOL_01540,CN1C(=O)CN=C(c2ccccc2)c2cc(Cl)ccc21,0.0,0.0,0.0,,,0.0,0.0,0.0,1.0,0.0,0.0,0.0
MOL_01541,CC(C)(C)C(=O)O,0.0,0.0,0.0,0.0,0.0,0.0,0.0,0.0,0.0,0.0,,0.0
MOL_01542,CC(C)(CO)[N+](=O)[O-],0.0,0.0,0.0,0.0,1.0,0.0,0.0,0.0,0.0,0.0,0.0,0.0
MOL_01543,CCOC(=O)[C@@H](C)Oc1ccc(Oc2nc3ccc(Cl)cc3o2)cc1,0.0,,0.0,,0.0,0.0,0.0,,0.0,0.0,0.0,0.0
MOL_01544,CCCCCCCCCCCCS,0.0,0.0,0.0,0.0,0.0,0.0,0.0,0.0,0.0,0.0,0.0,0.0
MOL_01545,Clc1ccc(COC(Cn2ccnc2)c2ccc(Cl)cc2Cl)cc1,0.0,,1.0,1.0,0.0,,0.0,0.0,0.0,1.0,,
MOL_01546,CSC1=N[C@@](C)(c2ccccc2)C(=O)N1Nc1ccccc1,0.0,,0.0,1.0,,,,1.0,0.0,0.0,1.0,0.0
MOL_01547,CCCCCCCCCCCCc1ccc(O)cc1,0.0,,0.0,,1.0,1.0,,,0.0,,1.0,
MOL_01548,C[N+]1(C)CCC(OC(=O)C(O)(c2ccccc2)C2CCCC2)C1,0.0,,0.0,0.0,0.0,0.0,0.0,0.0,0.0,0.0,0.0,0.0
MOL_01549,CCC1(c2ccccc2)CCC(=O)NC1=O,,,,,,,,0.0,,0.0,,
MOL_01550,CC(C)CN(C[C@@H](OP(=O)([O-])[O-])[C@H](Cc1ccccc1)NC(=O)O[C@H]1CCOC1)S(=O)(=O)c1ccc(N)cc1,0.0,0.0,0.0,0.0,0.0,0.0,0.0,,0.0,,0.0,0.0
MOL_01551,N[C@@H](CCC(=O)N[C@@H](CS)C(=O)NCC(=O)O)C(=O)O,0.0,0.0,0.0,0.0,0.0,0.0,0.0,0.0,0.0,0.0,0.0,0.0
MOL_01552,OCCN(CCO)c1cccc(Cl)c1,0.0,0.0,0.0,0.0,0.0,0.0,0.0,0.0,0.0,0.0,0.0,0.0
MOL_01553,CCOC(=O)C(Cl)Cc1cc(-n2nc(C)n(C(F)F)c2=O)c(F)cc1Cl,0.0,0.0,0.0,1.0,,0.0,0.0,,0.0,0.0,0.0,0.0
MOL_01554,O=C(O)c1cccc(-c2noc(-c3ccccc3F)n2)c1,1.0,,1.0,,1.0,0.0,0.0,,1.0,0.0,0.0,0.0
MOL_01555,CCOC(=O)C1CC(=O)C(=C(O)C2CC2)C(=O)C1,0.0,0.0,0.0,0.0,0.0,0.0,0.0,0.0,0.0,0.0,,0.0
MOL_01556,CC(C)=CC1C(C(=O)OC(C#N)c2cccc(Oc3ccccc3)c2)C1(C)C,0.0,0.0,,0.0,0.0,0.0,0.0,0.0,0.0,0.0,,0.0
MOL_01557,CCCCCCCCCC[N+](C)(C)CCCCCCCCCC,0.0,,0.0,,,0.0,,,0.0,,,
MOL_01558,COc1ccccc1NC(=O)CC(C)=O,0.0,0.0,1.0,0.0,0.0,0.0,0.0,1.0,0.0,0.0,0.0,0.0
MOL_01559,Cn1cnc2c(=O)nc(N)[nH]c21,0.0,0.0,0.0,0.0,0.0,0.0,0.0,0.0,0.0,0.0,,0.0
MOL_01560,CC1(C)O[C@@H]2C[C@H]3[C@@H]4CCC5=CC(=O)CC[C@]5(C)[C@@]4(F)[C@@H](O)C[C@]3(C)[C@]2(C(=O)CCl)O1,1.0,0.0,,,0.0,,0.0,,0.0,0.0,,0.0
MOL_01561,N=C(N)NC(=N)N1CCOCC1,0.0,0.0,0.0,0.0,0.0,0.0,0.0,0.0,0.0,0.0,0.0,0.0
MOL_01562,Cc1cccc(C)c1NC(=O)CN1CCN(CCCC(c2ccc(F)cc2)c2ccc(F)cc2)CC1,0.0,0.0,0.0,0.0,0.0,0.0,,,0.0,,,0.0
MOL_01563,CCOC(=O)[C@@](C)(N)Cc1ccc(O)c(O)c1,0.0,0.0,0.0,,0.0,0.0,0.0,,0.0,0.0,0.0,0.0
MOL_01564,CC(=O)[C@H]1CC[C@H]2[C@@H]3C[C@H](C)C4=CC(=O)CC[C@]4(C)[C@H]3[C@@H](O)C[C@]12C,1.0,1.0,,,0.0,,0.0,0.0,0.0,0.0,0.0,0.0
MOL_01565,CCN(CCCCOC(=O)c1ccc(OC)c(OC)c1)C(C)Cc1ccc(OC)cc1,0.0,0.0,0.0,0.0,0.0,0.0,0.0,0.0,0.0,0.0,0.0,0.0
MOL_01566,CCCCc1cc2ccccc2c(OCCN(C)C)n1,0.0,,0.0,0.0,0.0,0.0,0.0,0.0,0.0,0.0,,0.0
MOL_01567,CCCN(CCc1cccs1)[C@H]1CCc2c(O)cccc2C1,0.0,,0.0,,0.0,0.0,0.0,0.0,0.0,0.0,,0.0
MOL_01568,CC1=CC(=O)[C@H]2C[C@@H]1C2(C)C,0.0,0.0,0.0,0.0,0.0,0.0,0.0,0.0,0.0,0.0,,0.0
MOL_01569,Nc1c(Cl)c(F)nc(OCC(=O)O)c1Cl,0.0,0.0,0.0,0.0,0.0,0.0,0.0,0.0,0.0,0.0,0.0,0.0
MOL_01570,CO/N=C(/C1=NOCCO1)c1ccccc1Oc1ncnc(Oc2ccccc2Cl)c1F,0.0,,0.0,,,,,1.0,0.0,0.0,1.0,
MOL_01571,O=C(NN=Cc1ccc([N+](=O)[O-])o1)c1ccc(O)cc1,,,,,,,,1.0,,0.0,,
MOL_01572,Cc1ccc(C(C)C)c(O)c1,0.0,0.0,0.0,0.0,0.0,0.0,0.0,0.0,0.0,0.0,1.0,0.0
MOL_01573,O=c1cc[nH]c(=S)[nH]1,0.0,0.0,0.0,0.0,0.0,0.0,0.0,0.0,0.0,0.0,0.0,0.0
MOL_01574,Nc1ccc(Sc2ccc(N)cc2)cc1,0.0,0.0,1.0,,,1.0,0.0,,0.0,0.0,0.0,0.0
MOL_01575,CC(=O)OCCOC(C)=O,0.0,0.0,0.0,0.0,0.0,0.0,0.0,0.0,0.0,0.0,0.0,0.0
MOL_01576,CCCCCCCCCCCCCCCCCC(=O)OCCO,0.0,0.0,0.0,0.0,1.0,0.0,0.0,,0.0,,0.0,0.0
MOL_01577,CCCCCCCC,0.0,0.0,0.0,,,,0.0,0.0,0.0,0.0,0.0,0.0
MOL_01578,N=C1NC(=N)c2cc3ccccc3cc21,0.0,1.0,1.0,,,,,1.0,1.0,1.0,1.0,1.0
MOL_01579,C1=CCCC=CCC1,0.0,0.0,0.0,0.0,0.0,0.0,0.0,0.0,0.0,0.0,0.0,0.0
MOL_01580,CCCCCCCCCCCC(=O)OC,0.0,0.0,0.0,0.0,0.0,0.0,0.0,0.0,0.0,0.0,0.0,0.0
MOL_01581,Oc1ccc(O)c2c(O)cccc12,0.0,0.0,1.0,0.0,0.0,0.0,0.0,,0.0,0.0,0.0,0.0
MOL_01582,N#C[S-],0.0,0.0,0.0,0.0,0.0,0.0,0.0,0.0,0.0,0.0,0.0,0.0
MOL_01583,CC(N)=S,0.0,0.0,,0.0,0.0,0.0,0.0,0.0,0.0,0.0,0.0,0.0
MOL_01584,Cc1cc(O)c(C(C)(C)C)cc1Sc1cc(C(C)(C)C)c(O)cc1C,0.0,,,,,,,,,1.0,1.0,
MOL_01585,COc1ccccc1N1CCNCC1,0.0,0.0,0.0,0.0,0.0,0.0,0.0,0.0,0.0,0.0,0.0,0.0
MOL_01586,Nc1ccccc1Nc1ccccc1,0.0,,1.0,,0.0,,,1.0,0.0,1.0,,0.0
MOL_01587,CCC[N+]1(C)CCCC1,0.0,0.0,0.0,0.0,0.0,0.0,0.0,0.0,0.0,0.0,0.0,0.0
MOL_01588,CCCCCCCCCCCCCCCCI,0.0,0.0,0.0,0.0,0.0,0.0,0.0,0.0,0.0,0.0,0.0,0.0
MOL_01589,O=[N+]([O-])c1ccc2[nH]ncc2c1,0.0,0.0,0.0,0.0,0.0,0.0,0.0,0.0,0.0,0.0,,0.0
MOL_01590,CCC(C)(C)CC,0.0,0.0,0.0,0.0,0.0,0.0,0.0,0.0,0.0,,0.0,0.0
MOL_01591,CN1CC(=O)N=C1NC(=O)Nc1cccc(Cl)c1,0.0,0.0,1.0,,1.0,0.0,0.0,0.0,0.0,0.0,1.0,0.0
MOL_01592,CCCC(=O)O[C@]1(C(=O)COC(C)=O)CC[C@H]2[C@@H]3C[C@H](F)C4=CC(=O)C=C[C@]4(C)[C@@]3(F)[C@@H](O)C[C@@]21C,1.0,1.0,0.0,,0.0,0.0,0.0,,0.0,,,0.0
MOL_01593,C=CCCC=C,0.0,0.0,0.0,0.0,0.0,0.0,0.0,0.0,0.0,0.0,,0.0
MOL_01594,BrCCOc1ccccc1,0.0,0.0,0.0,0.0,0.0,0.0,0.0,0.0,0.0,0.0,0.0,0.0
MOL_01595,CC(C)CN(C[C@@H](O)[C@H](Cc1ccccc1)NC(=O)O[C@H]1CO[C@H]2OCC[C@@H]12)S(=O)(=O)c1ccc(N)cc1,0.0,0.0,0.0,0.0,0.0,0.0,0.0,,0.0,,0.0,0.0
MOL_01596,C[C@]12O[C@H](C[C@]1(O)CO)n1c3ccccc3c3c4c(c5c6ccccc6n2c5c31)CNC4=O,0.0,,,1.0,,,,,,,1.0,1.0
MOL_01597,ClC1=C(Cl)[C@]2(Cl)[C@H]3[C@H]([C@H]4C=C[C@H]3C4)[C@@]1(Cl)C2(Cl)Cl,0.0,0.0,0.0,,1.0,0.0,0.0,,0.0,0.0,1.0,0.0
MOL_01598,CC(=O)O[C@@H]1C[C@H]2CC[C@]1(C)C2(C)C,0.0,0.0,0.0,0.0,0.0,0.0,0.0,0.0,0.0,0.0,0.0,0.0
MOL_01599,CC1(C)[C@@H]2CC[C@@]1(C)[C@H](O)C2,0.0,0.0,0.0,0.0,0.0,0.0,0.0,0.0,0.0,0.0,0.0,0.0
MOL_01600,COP(N)(=S)Oc1ccccc1C(=O)OC(C)C,0.0,0.0,1.0,0.0,,0.0,0.0,0.0,0.0,0.0,0.0,0.0
MOL_01601,CCC(=O)O[C@@H]1C[C@H]2CC[C@]1(C)C2(C)C,0.0,0.0,0.0,0.0,0.0,0.0,0.0,0.0,0.0,0.0,0.0,0.0
MOL_01602,CC(C)CCCCCOC(=O)c1ccccc1C(=O)OCCCCCC(C)C,0.0,0.0,0.0,0.0,0.0,0.0,0.0,0.0,0.0,0.0,0.0,0.0
MOL_01603,CCCCCCCCCC(CC)c1ccc(S(=O)(=O)O)cc1.OCCN(CCO)CCO,0.0,0.0,0.0,0.0,,0.0,0.0,0.0,0.0,0.0,0.0,0.0
MOL_01604,CC(C)CC(C)(C)C,0.0,0.0,0.0,0.0,0.0,0.0,0.0,0.0,0.0,0.0,0.0,0.0
MOL_01605,CCCSC(=O)N(CCC)CCC,0.0,0.0,0.0,0.0,0.0,0.0,0.0,0.0,0.0,0.0,0.0,0.0
MOL_01606,O=P(OCC(Br)CBr)(OCC(Br)CBr)OCC(Br)CBr,0.0,0.0,0.0,,0.0,0.0,,,0.0,0.0,1.0,
MOL_01607,COc1c(Cl)ccc(Cl)c1C(=O)O,0.0,0.0,0.0,0.0,0.0,0.0,0.0,0.0,0.0,0.0,0.0,0.0
MOL_01608,Brc1ccc(Oc2ccc(Br)cc2)cc1,0.0,0.0,0.0,0.0,0.0,0.0,0.0,0.0,0.0,0.0,1.0,0.0
MOL_01609,ClC(Cl)(Br)Br,0.0,0.0,0.0,0.0,0.0,0.0,0.0,0.0,0.0,0.0,0.0,0.0
MOL_01610,Brc1ccc(Br)cc1,0.0,0.0,0.0,0.0,0.0,0.0,0.0,0.0,0.0,0.0,0.0,0.0
MOL_01611,OC1CCCCC1c1ccccc1,0.0,0.0,0.0,0.0,0.0,0.0,0.0,0.0,0.0,0.0,0.0,0.0
MOL_01612,O=S(=O)([O-])c1ccc2ccccc2c1,0.0,0.0,1.0,0.0,0.0,0.0,0.0,0.0,0.0,0.0,0.0,0.0
MOL_01613,CCC(C)COC(=O)CC(C)C,0.0,0.0,0.0,0.0,0.0,0.0,0.0,0.0,0.0,0.0,0.0,0.0
MOL_01614,Cc1ccccc1OCC(=O)O,0.0,0.0,0.0,0.0,0.0,0.0,0.0,0.0,0.0,0.0,0.0,0.0
MOL_01615,CC=CC(=O)CCCC,0.0,0.0,0.0,0.0,0.0,0.0,0.0,0.0,0.0,0.0,0.0,0.0
MOL_01616,CCCCCC(CC)OC(=O)CCCOc1ccc(Cl)cc1Cl,0.0,0.0,0.0,0.0,0.0,0.0,0.0,0.0,0.0,0.0,0.0,0.0
MOL_01617,Fc1c(F)c(F)c(Br)c(F)c1F,0.0,0.0,0.0,0.0,0.0,0.0,0.0,,0.0,0.0,0.0,0.0
MOL_01618,CCCCc1ccc(O)cc1,0.0,0.0,0.0,,0.0,0.0,0.0,,0.0,,1.0,0.0
MOL_01619,C/C=C(\C)C(=O)OCc1ccccc1,0.0,0.0,0.0,0.0,0.0,0.0,0.0,0.0,0.0,,0.0,0.0
MOL_01620,CC(=O)Oc1ccc([N+](=O)[O-])cc1CCl,0.0,0.0,,0.0,0.0,0.0,0.0,0.0,0.0,0.0,1.0,
MOL_01621,CSCCCN=C=S,0.0,0.0,0.0,0.0,0.0,,,1.0,,,1.0,1.0
MOL_01622,CC1=NC(C)OC1C,0.0,0.0,0.0,,,0.0,,1.0,0.0,0.0,0.0,0.0
MOL_01623,CC1=NN(c2ccc(C)c(C)c2)C(=O)/C1=N/Nc1cccc(-c2cccc(C(=O)O)c2)c1O,,,,,,,,,,1.0,,
MOL_01624,O=C(O)c1ccc(O)nc1,,,,,,,,0.0,,0.0,,
MOL_01625,CN1CCC(N(Cc2ccccc2)c2ccccc2)CC1,,,,,,,,0.0,,0.0,,
MOL_01626,Cc1ccc2ccc(Cl)cc2n1,,,,,,,,0.0,,0.0,,
MOL_01627,CC(C)(C)c1ccccc1,0.0,0.0,0.0,0.0,0.0,0.0,0.0,0.0,0.0,0.0,0.0,0.0
MOL_01628,O=C1CCCC=CCCCCCCCCCC1,0.0,0.0,0.0,,0.0,0.0,1.0,0.0,0.0,,1.0,0.0
MOL_01629,CCOC(=O)COc1ccc(C)cc1,0.0,0.0,0.0,0.0,0.0,0.0,0.0,0.0,0.0,1.0,0.0,0.0
MOL_01630,C[C@@H]1C[C@H]2[C@@H]3CCC4=CC(=O)C=C[C@]4(C)[C@@]3(F)[C@@H](O)C[C@]2(C)[C@@]1(O)C(=O)COP(=O)([O-])[O-],1.0,1.0,0.0,,1.0,0.0,0.0,0.0,0.0,0.0,0.0,0.0
MOL_01631,CC(C)(O)C#N,0.0,0.0,0.0,0.0,0.0,0.0,0.0,0.0,0.0,0.0,0.0,0.0
MOL_01632,NO,0.0,0.0,0.0,0.0,0.0,0.0,0.0,0.0,0.0,0.0,,0.0
MOL_01633,[NH3+]O.[NH3+]O,0.0,0.0,0.0,0.0,0.0,0.0,0.0,0.0,0.0,0.0,0.0,
MOL_01634,NCCNCCO,0.0,0.0,0.0,0.0,0.0,0.0,0.0,0.0,0.0,0.0,0.0,0.0
MOL_01635,N#CC(O)c1ccccc1,0.0,0.0,0.0,0.0,0.0,0.0,0.0,,0.0,0.0,0.0,0.0
MOL_01636,O=C(NO)c1ccccc1,0.0,0.0,0.0,,0.0,0.0,0.0,,0.0,0.0,0.0,
MOL_01637,Oc1ccc2cc(SSc3ccc4cc(O)ccc4c3)ccc2c1,0.0,0.0,,,1.0,1.0,0.0,1.0,0.0,1.0,1.0,0.0
MOL_01638,CCCCC(=O)N(Cc1ccc(-c2ccccc2-c2nnn[nH]2)cc1)[C@@H](C(=O)O)C(C)C,0.0,0.0,0.0,0.0,0.0,0.0,0.0,,0.0,,0.0,0.0
MOL_01639,CCCC(CCC)C(N)=O,0.0,0.0,0.0,0.0,0.0,0.0,0.0,,0.0,,0.0,0.0
MOL_01640,Cl[V](Cl)(C1C=CC=C1)C1C=CC=C1,0.0,,0.0,,0.0,,,1.0,0.0,,0.0,
MOL_01641,COc1ccc2[nH]c(SCc3ncc(C)c(OC)c3C)nc2c1,,,,,,,,0.0,,0.0,,
MOL_01642,COC(=O)[C@H]1[C@H]2C[C@@H]3c4[nH]c5cc(OC)ccc5c4CCN3C[C@H]2C[C@@H](OC(=O)/C=C/c2ccc(O)c(OC)c2)[C@@H]1OC,,,,,,,,,,0.0,,
MOL_01643,C/C(=C(/OCCOc1ccc(Cl)cc1)c1ccc(Cl)cc1Cl)n1ccnc1,,,,,,,,,,1.0,,
MOL_01644,NS(=O)(=O)c1cc(C(=O)NN2C[C@H]3[C@H]4CCC(C4)[C@H]3C2)ccc1Cl,,,,,,,,0.0,,0.0,,
MOL_01645,Clc1ccc(C(Cn2ccnc2)OCc2ccc(Sc3ccccc3)cc2)c(Cl)c1,,,,,,,,,,1.0,,
MOL_01646,Nc1ccccc1C(=O)OCC(O)CO,,,,,,,,,,0.0,,
MOL_01647,CCCCCCCCC/C=C\C=C/C=C\C=C/C=C\C(=O)OCC,,,,,,,,,,0.0,,
MOL_01648,CN(C)CCN1CCN(c2cccc(Cl)c2)C1=O,,,,,,,,0.0,,0.0,,
MOL_01649,CCCCCCCCCOCC1CO1,,0.0,0.0,1.0,,0.0,0.0,0.0,0.0,0.0,0.0,0.0
MOL_01650,CCOC(=O)Oc1ccc(CCNC(=O)[C@H](CCSC)NC(C)=O)cc1OC(=O)OCC,,,,,,,,,,0.0,,
MOL_01651,CC(C)NCCCC1(C(N)=O)c2ccccc2-c2ccccc21,,,,,,,,0.0,,0.0,,
MOL_01652,N#CCc1ccccc1[N+](=O)[O-],0.0,0.0,1.0,0.0,0.0,0.0,0.0,0.0,0.0,0.0,0.0,0.0
MOL_01653,O=[N+]([O-])c1ccc(CCO)cc1,0.0,0.0,0.0,,0.0,0.0,0.0,0.0,0.0,0.0,,0.0
MOL_01654,O=[N+]([O-])c1cccc(O)c1,0.0,0.0,0.0,0.0,1.0,0.0,0.0,1.0,0.0,0.0,1.0,0.0
MOL_01655,Cc1ccc2ccccc2c1[N+](=O)[O-],0.0,0.0,0.0,,0.0,0.0,0.0,0.0,0.0,0.0,0.0,0.0
MOL_01656,O=[N+]([O-])c1ccccc1CCO,0.0,0.0,,0.0,0.0,0.0,0.0,0.0,0.0,0.0,0.0,0.0
MOL_01657,O=C1CCCC(=O)C1,0.0,0.0,0.0,0.0,,0.0,0.0,0.0,0.0,0.0,0.0,0.0
MOL_01658,COc1cc(/C=C/C(=O)CC(=O)/C=C/c2ccc(O)c(OC)c2)ccc1O,0.0,0.0,,,1.0,0.0,1.0,1.0,0.0,1.0,1.0,1.0
MOL_01659,CCOC(N)=O,0.0,0.0,0.0,0.0,0.0,0.0,0.0,0.0,0.0,0.0,0.0,0.0
MOL_01660,NC(N)=O,0.0,0.0,0.0,0.0,0.0,0.0,0.0,0.0,0.0,0.0,0.0,0.0
MOL_01661,COc1ccccc1N1CCN(CCCNc2cc(=O)n(C)c(=O)n2C)CC1,0.0,0.0,0.0,0.0,0.0,0.0,0.0,0.0,0.0,0.0,0.0,0.0
MOL_01662,O=c1cc[nH]c(=O)[nH]1,0.0,0.0,0.0,0.0,0.0,0.0,0.0,0.0,0.0,0.0,0.0,0.0
MOL_01663,CCc1ccc(Br)cc1,0.0,0.0,,0.0,,0.0,0.0,0.0,0.0,0.0,0.0,0.0
MOL_01664,CCCC[Sn](Cl)(Cl)Cl,0.0,0.0,0.0,,0.0,0.0,0.0,1.0,0.0,0.0,0.0,0.0
MOL_01665,O=C(O)c1ccc2cc(C(=O)O)ccc2c1,0.0,0.0,0.0,0.0,0.0,0.0,0.0,0.0,0.0,0.0,0.0,0.0
MOL_01666,CO/C=C(/C(=O)OC)c1ccccc1Oc1cc(Oc2ccccc2C#N)ncn1,0.0,0.0,0.0,,,0.0,,1.0,0.0,0.0,,
MOL_01667,CCCOCC(C)O,1.0,0.0,0.0,0.0,0.0,0.0,0.0,0.0,0.0,0.0,0.0,0.0
MOL_01668,C=CCOC(=O)C(C)(C)OC(=O)c1cc(-n2c(=O)cc(C(F)(F)F)n(C)c2=O)ccc1Cl,0.0,0.0,,0.0,0.0,0.0,0.0,,0.0,0.0,0.0,0.0
MOL_01669,CCCCCCC(CO)CCCC,0.0,0.0,0.0,0.0,0.0,0.0,0.0,0.0,0.0,0.0,0.0,0.0
MOL_01670,O=C([O-])c1cc(C(=O)O)cc(S(=O)(=O)O)c1,0.0,0.0,0.0,0.0,0.0,0.0,0.0,0.0,0.0,0.0,,0.0
MOL_01671,CO/N=C(/C(=O)N[C@@H]1C(=O)N2C(C(=O)[O-])=C(C[n+]3ccn4ncccc43)CS[C@H]12)c1nsc(N)n1,0.0,0.0,0.0,0.0,0.0,0.0,0.0,0.0,0.0,0.0,0.0,0.0
MOL_01672,COC(C)CCO,0.0,0.0,0.0,0.0,0.0,0.0,0.0,0.0,0.0,0.0,,0.0
MOL_01673,CO/N=C(/C(=O)N[C@@H]1C(=O)N2C(C(=O)OCOC(=O)C(C)(C)C)=C(C)CS[C@H]12)c1csc(N)n1,0.0,0.0,0.0,0.0,0.0,0.0,0.0,0.0,0.0,0.0,0.0,0.0
MOL_01674,CN(Cc1ccc(C(C)(C)C)cc1)Cc1cccc2ccccc12,0.0,0.0,0.0,0.0,0.0,0.0,0.0,0.0,0.0,0.0,0.0,0.0
MOL_01675,CCCC(=O)N1CCCN(c2nc(N)c3cc(OC)c(OC)cc3n2)CC1,0.0,0.0,,0.0,,0.0,0.0,,0.0,,,0.0
MOL_01676,CC(C)(S)C(=O)N[C@@H](CS)C(=O)O,0.0,0.0,0.0,0.0,0.0,0.0,0.0,,0.0,,0.0,0.0
MOL_01677,C/C(=C(\CCOC(=O)c1ccccc1)SS/C(CCOC(=O)c1ccccc1)=C(/C)N(C=O)Cc1cnc(C)nc1N)N(C=O)Cc1cnc(C)nc1N,0.0,0.0,0.0,0.0,,0.0,0.0,,0.0,,0.0,0.0
MOL_01678,CC#CCC(C)[C@H](O)/C=C/[C@@H]1[C@H]2c3cccc(CCCC(=O)[O-])c3O[C@H]2C[C@H]1O,0.0,0.0,0.0,0.0,1.0,,0.0,,0.0,,,0.0
MOL_01679,CCCCOC(=O)CCCCCCCC(=O)OCCCC,0.0,0.0,0.0,0.0,0.0,0.0,0.0,0.0,0.0,0.0,0.0,0.0
MOL_01680,C=CCBr,0.0,0.0,0.0,,0.0,0.0,0.0,0.0,0.0,0.0,0.0,0.0
MOL_01681,CCC1(C2=NCCN2)Cc2ccccc2O1,0.0,,0.0,0.0,0.0,0.0,0.0,0.0,0.0,0.0,0.0,1.0
MOL_01682,Cc1ccccc1C(=O)Nc1cccc(OC(C)C)c1,0.0,0.0,1.0,0.0,0.0,0.0,0.0,,0.0,0.0,1.0,0.0
MOL_01683,CSc1ccc(C(=O)c2[nH]c(=O)[nH]c2C)cc1,0.0,0.0,0.0,0.0,,0.0,0.0,0.0,0.0,0.0,0.0,0.0
MOL_01684,CN(C)CC/C=C1\c2ccccc2COc2ccccc21,0.0,0.0,0.0,0.0,0.0,0.0,0.0,0.0,0.0,0.0,,0.0
MOL_01685,Cc1cc(N)c2ccccc2[n+]1CCCCCCCCCC[n+]1c(C)cc(N)c2ccccc21,0.0,0.0,0.0,1.0,,0.0,0.0,,0.0,,0.0,
MOL_01686,CN(C)CCOC(=O)COc1ccc(Cl)cc1,0.0,0.0,0.0,0.0,0.0,0.0,0.0,0.0,0.0,0.0,0.0,0.0
MOL_01687,CN(C(=O)CCCOc1ccc2[nH]c(=O)ccc2c1)C1CCCCC1,0.0,0.0,0.0,0.0,,0.0,0.0,0.0,1.0,0.0,0.0,0.0
MOL_01688,N=C(N)NC(=N)NCCc1ccccc1,0.0,0.0,0.0,0.0,,0.0,0.0,1.0,0.0,0.0,0.0,0.0
MOL_01689,C=CCOC(=O)CCCCCCCC,0.0,0.0,0.0,0.0,0.0,0.0,0.0,0.0,0.0,0.0,0.0,0.0
MOL_01690,COc1cc([N+](=O)[O-])ccc1N,0.0,0.0,0.0,,0.0,0.0,0.0,0.0,0.0,0.0,0.0,0.0
MOL_01691,C=CCSSCCC,0.0,0.0,0.0,0.0,0.0,0.0,0.0,,0.0,0.0,0.0,0.0
MOL_01692,C=CCNC(N)=S,0.0,0.0,0.0,0.0,0.0,0.0,0.0,0.0,0.0,0.0,0.0,0.0
MOL_01693,C[Si](Cl)(c1ccccc1)c1ccccc1,0.0,0.0,0.0,,0.0,0.0,0.0,,0.0,0.0,1.0,0.0
MOL_01694,CC(C)C(O)C(C)(C)CO,0.0,0.0,0.0,0.0,0.0,0.0,0.0,0.0,0.0,0.0,0.0,0.0
MOL_01695,C[C@]12CC[C@@H]3[C@H]4CCC(=O)C=C4CC[C@H]3[C@@H]1CC[C@@H]2OC(=O)CCc1ccccc1,1.0,1.0,0.0,,1.0,1.0,0.0,,0.0,0.0,0.0,0.0
MOL_01696,CCCCCCCCCC(=O)O[C@H]1CC[C@H]2[C@@H]3CCC4=CC(=O)CC[C@@H]4[C@H]3CC[C@]12C,1.0,1.0,0.0,,1.0,1.0,0.0,0.0,0.0,0.0,0.0,0.0
MOL_01697,C[C@]12CC[C@@H]3[C@H]4CCC(=O)C=C4CC[C@H]3[C@@H]1CC[C@@H]2O,1.0,1.0,0.0,0.0,1.0,1.0,0.0,1.0,0.0,0.0,0.0,0.0
MOL_01698,CCCc1c2oc(C(=O)O)cc(=O)c2cc2c(=O)cc(C(=O)O)n(CC)c12,0.0,0.0,0.0,0.0,0.0,0.0,0.0,0.0,0.0,0.0,0.0,0.0
MOL_01699,Cl[Nd](Cl)Cl,0.0,0.0,0.0,,0.0,0.0,0.0,,0.0,0.0,0.0,0.0
MOL_01700,CCO[Si](CCC1CCC2OC2C1)(OCC)OCC,0.0,0.0,0.0,0.0,0.0,0.0,0.0,0.0,0.0,0.0,0.0,0.0
MOL_01701,CCOC(=O)c1ccc(N(C)C)cc1,0.0,0.0,1.0,,1.0,0.0,0.0,0.0,0.0,0.0,0.0,0.0
MOL_01702,CC(C)C(=O)OCCc1ccccc1,0.0,0.0,0.0,0.0,0.0,0.0,0.0,0.0,0.0,0.0,0.0,0.0
MOL_01703,CC(=O)OCC=Cc1ccccc1,0.0,0.0,0.0,0.0,0.0,0.0,0.0,0.0,0.0,0.0,0.0,0.0
MOL_01704,OCCc1ccccn1,0.0,0.0,0.0,0.0,0.0,0.0,0.0,0.0,0.0,0.0,,0.0
MOL_01705,CCNc1cccc(C)c1,0.0,0.0,0.0,0.0,0.0,0.0,0.0,0.0,0.0,0.0,0.0,0.0
MOL_01706,c1ccc(Oc2ccccc2)cc1,0.0,0.0,0.0,0.0,0.0,0.0,0.0,0.0,0.0,0.0,0.0,0.0
MOL_01707,CNc1ccccc1,0.0,0.0,0.0,0.0,0.0,0.0,0.0,0.0,0.0,0.0,0.0,0.0
MOL_01708,N#Cc1ccccn1,0.0,0.0,0.0,0.0,0.0,0.0,0.0,0.0,0.0,0.0,0.0,0.0
MOL_01709,ON=C1CCCCC1,0.0,0.0,0.0,0.0,0.0,0.0,0.0,0.0,0.0,0.0,0.0,0.0
MOL_01710,O=C(O)c1ccccc1C(=O)OCc1ccccc1,0.0,0.0,,,0.0,0.0,,0.0,0.0,0.0,0.0,0.0
MOL_01711,COc1ccccc1NC(=O)c1cc2ccccc2cc1O,0.0,0.0,1.0,1.0,,0.0,,,0.0,,,
MOL_01712,O=C(Oc1ccccc1)c1ccc2ccccc2c1O,0.0,0.0,,,,0.0,0.0,0.0,1.0,0.0,,0.0
MOL_01713,COc1ccc(C(=O)c2ccc(OC)cc2O)c(O)c1,,0.0,1.0,,1.0,1.0,0.0,0.0,0.0,0.0,1.0,
MOL_01714,CC(C)CCCCCOC(=O)CCCCC(=O)OCCCCCC(C)C,0.0,0.0,0.0,0.0,0.0,0.0,0.0,,0.0,0.0,0.0,0.0
MOL_01715,O=[N+]([O-])c1ccc(Oc2ccc([N+](=O)[O-])cc2)cc1,0.0,0.0,0.0,0.0,0.0,0.0,0.0,0.0,0.0,0.0,,0.0
MOL_01716,COc1ccc(OC)c(OC)c1,0.0,0.0,0.0,0.0,,0.0,0.0,,0.0,0.0,0.0,0.0
MOL_01717,CC(=O)/C=C/C1C(C)=CCCC1(C)C,0.0,0.0,0.0,0.0,,0.0,0.0,0.0,0.0,0.0,0.0,0.0
MOL_01718,O=c1ccc2ccccc2o1,0.0,0.0,0.0,0.0,1.0,0.0,0.0,0.0,0.0,0.0,0.0,0.0
MOL_01719,COc1ccc(N)c(C)c1,0.0,0.0,0.0,0.0,,0.0,0.0,0.0,0.0,0.0,0.0,0.0
MOL_01720,CN[C@H]1CCc2cc(OC)c(OC)c(OC)c2-c2ccc(OC)c(=O)cc21,0.0,,,0.0,0.0,,,,1.0,,1.0,1.0
MOL_01721,CC(=O)OCCC(C)CC(C)(C)C,0.0,0.0,0.0,0.0,0.0,0.0,0.0,0.0,0.0,0.0,0.0,0.0
MOL_01722,[Co+2],0.0,0.0,0.0,0.0,0.0,0.0,0.0,1.0,0.0,0.0,0.0,0.0
MOL_01723,COc1ccc2c3c1O[C@H]1[C@@H](O)C=C[C@H]4[C@@H](C2)N(C)CC[C@]314,1.0,0.0,0.0,0.0,0.0,0.0,0.0,1.0,0.0,1.0,0.0,0.0
MOL_01724,CCCCCCCCCCCC(=O)OCC(O)CO,0.0,0.0,0.0,0.0,0.0,0.0,0.0,0.0,0.0,0.0,0.0,0.0
MOL_01725,CCOP(=S)(OCC)Oc1ccc2c(C)c(Cl)c(=O)oc2c1,0.0,0.0,1.0,0.0,0.0,0.0,0.0,0.0,0.0,0.0,0.0,0.0
MOL_01726,CCCc1c(OCCCCc2nnn[nH]2)ccc(C(C)=O)c1O,0.0,,0.0,,0.0,0.0,1.0,0.0,0.0,0.0,1.0,1.0
MOL_01727,CN(C)C(=S)[S-].CN(C)C(=S)[S-].[Cu+2],0.0,,,,,1.0,,,1.0,1.0,,0.0
MOL_01728,CCCC[n+]1cccc(C)c1,0.0,0.0,0.0,0.0,0.0,0.0,0.0,1.0,0.0,0.0,0.0,0.0
MOL_01729,O=C1c2ccccc2C(=O)c2cc(Cl)ccc21,0.0,0.0,1.0,0.0,,0.0,0.0,0.0,0.0,0.0,0.0,0.0
MOL_01730,Cc1nc2ccccc2s1,0.0,0.0,0.0,0.0,0.0,0.0,0.0,0.0,0.0,0.0,0.0,0.0
MOL_01731,N#Cc1c2ccccc2cc2ccccc12,0.0,,,,,,,,0.0,,1.0,1.0
MOL_01732,O=CC=C(c1ccccc1)c1ccccc1,0.0,0.0,,,0.0,0.0,,1.0,0.0,,1.0,
MOL_01733,O=C(/C=C/c1ccc([N+](=O)[O-])cc1)c1ccccc1,0.0,,0.0,,0.0,,0.0,0.0,1.0,,,
MOL_01734,CCC1(c2cnc[nH]2)Cc2ccccc2C1,0.0,,1.0,0.0,0.0,0.0,0.0,0.0,0.0,,,0.0
MOL_01735,CCCn1cc[n+](C)c1,0.0,0.0,0.0,0.0,0.0,0.0,0.0,0.0,0.0,0.0,0.0,0.0
MOL_01736,COc1ccc2c3c1O[C@H]1C[C@@H](O)C=C[C@@]31CCN(C)C2,0.0,0.0,1.0,0.0,0.0,0.0,0.0,,0.0,,0.0,0.0
MOL_01737,CCCCC=O,0.0,0.0,0.0,0.0,0.0,0.0,0.0,0.0,0.0,0.0,0.0,0.0
MOL_01738,O=C(O)CCCC(=O)O,0.0,0.0,0.0,0.0,0.0,0.0,0.0,0.0,0.0,0.0,0.0,0.0
MOL_01739,CCCCCCC[N+](CC)(CC)CCCCc1ccc(Cl)cc1,0.0,0.0,0.0,1.0,,0.0,0.0,,,0.0,0.0,0.0
MOL_01740,CCN1CCCC1CNC(=O)c1cc(S(N)(=O)=O)ccc1OC,0.0,0.0,,0.0,0.0,0.0,0.0,0.0,0.0,0.0,,0.0
MOL_01741,O=C1OC2(c3cc(Br)c(O)c(Br)c3Oc3c2cc(Br)c(O)c3Br)c2c(Cl)c(Cl)c(Cl)c(Cl)c21,0.0,0.0,,,0.0,0.0,,0.0,0.0,1.0,,
MOL_01742,C[C@]12CC[C@H]3[C@@H](C=CC4=CC(=O)CC[C@@]43C)[C@@H]1CC[C@@]2(O)CCC(=O)[O-],1.0,1.0,0.0,0.0,0.0,0.0,0.0,,0.0,,0.0,0.0
MOL_01743,CC(C)CCCCCCCOC(=O)c1ccccc1C(=O)OCCCCCCCC(C)C,0.0,0.0,0.0,0.0,0.0,0.0,0.0,0.0,0.0,0.0,0.0,0.0
MOL_01744,CC(=O)c1ccc(C(C)=O)cc1,0.0,0.0,0.0,0.0,,0.0,0.0,0.0,0.0,0.0,0.0,0.0
MOL_01745,CCCCCCCCCOC(=O)c1ccccc1C(=O)OCCCCCCCCC,0.0,0.0,0.0,0.0,0.0,0.0,0.0,0.0,0.0,0.0,0.0,0.0
MOL_01746,CN(C)c1ccncc1,0.0,0.0,0.0,0.0,0.0,0.0,0.0,0.0,0.0,0.0,0.0,0.0
MOL_01747,Fc1ccc(C(OCCN2CCN(CCCc3ccccc3)CC2)c2ccc(F)cc2)cc1,0.0,,0.0,,,0.0,,,,,,
MOL_01748,CCc1nn(C)c(C(=O)NCc2ccc(C(C)(C)C)cc2)c1Cl,0.0,,0.0,,,,,1.0,0.0,1.0,,
MOL_01749,O=C(c1ccc(Cl)cc1)c1ccc(Cl)cc1,0.0,0.0,0.0,0.0,0.0,0.0,0.0,0.0,0.0,0.0,0.0,0.0
MOL_01750,C#C[C@]1(O)CC[C@H]2[C@@H]3CCc4cc(OC)ccc4[C@H]3CC[C@@]21C,0.0,0.0,0.0,0.0,1.0,1.0,0.0,1.0,0.0,0.0,0.0,0.0
MOL_01751,C=C(C#N)C(=O)OCC,0.0,0.0,0.0,,0.0,0.0,0.0,0.0,1.0,0.0,0.0,0.0
MOL_01752,Cc1c(-c2cccnc2)c2ccccc2n1CCCCC(=O)O,0.0,0.0,1.0,,0.0,0.0,0.0,0.0,0.0,0.0,,0.0
MOL_01753,O=C(O)C1(c2ccc3c(c2)OC[C@H](Cc2ccc(-c4ccccc4)cc2)[C@H]3O)CCCC1,0.0,0.0,0.0,0.0,,,,1.0,0.0,,0.0,
MOL_01754,Cc1oc(-c2ccccc2)nc1CCOc1cccc2c1ccn2CCC(=O)O,0.0,0.0,0.0,,0.0,0.0,1.0,1.0,0.0,0.0,,
MOL_01755,Cc1cc(NC(=O)C(=O)O)cc(C)c1Oc1ccc(O)c2c1CCC2,0.0,0.0,,,1.0,0.0,0.0,0.0,0.0,0.0,0.0,0.0
MOL_01756,CNC(=O)[C@H]1O[C@@H](n2cnc3c(NCc4cc(Cl)ccc4OCc4cc(C)no4)ncnc32)[C@H](O)[C@@H]1N,0.0,0.0,0.0,0.0,0.0,0.0,0.0,0.0,0.0,0.0,0.0,0.0
MOL_01757,NC(=O)N1C(=O)C(C(=O)c2cc(Cl)cs2)c2cc(F)c(Cl)cc21,0.0,,1.0,,,0.0,,,0.0,,,1.0
MOL_01758,NC(=O)N(O)[C@@H]1C=C[C@H](Oc2cccc(Oc3ccc(F)cc3)c2)C1,0.0,0.0,,,1.0,0.0,,1.0,0.0,0.0,0.0,0.0
MOL_01759,O=C1NC(=O)C(c2ccccc2)(c2ccccc2)N1,0.0,0.0,0.0,0.0,0.0,0.0,0.0,0.0,0.0,0.0,0.0,0.0
MOL_01760,CO[C@H]1O[C@@H]2O[C@]3(C)CC[C@H]4[C@H](C)CC[C@@H]([C@H]1C)C42OO3,0.0,0.0,0.0,0.0,0.0,0.0,0.0,,0.0,,0.0,0.0
MOL_01761,C[C@@H]1CC[C@H]2[C@@H](C)C(=O)O[C@@H]3O[C@]4(C)CC[C@@H]1C32OO4,,,,,,,,,,0.0,,
MOL_01762,O=C(O)CCNC(=O)c1ccc(/N=N/c2ccc(O)c(C(=O)O)c2)cc1,0.0,0.0,0.0,0.0,0.0,0.0,0.0,0.0,0.0,0.0,,0.0
MOL_01763,CC(C)C(Br)C(=O)NC(N)=O,0.0,0.0,0.0,0.0,0.0,0.0,0.0,1.0,0.0,0.0,0.0,0.0
MOL_01764,CN1CCC[C@H]1c1cccnc1,0.0,0.0,0.0,0.0,0.0,0.0,0.0,0.0,0.0,0.0,0.0,0.0
MOL_01765,Cc1c(N(C)CS(=O)(=O)[O-])c(=O)n(-c2ccccc2)n1C,0.0,0.0,0.0,0.0,1.0,0.0,0.0,0.0,0.0,0.0,0.0,0.0
MOL_01766,O=CCc1ccccc1,0.0,0.0,0.0,0.0,0.0,0.0,0.0,,0.0,0.0,1.0,0.0
MOL_01767,C/C(=C\C(=O)OCCCCCCCCC(=O)O)C[C@@H]1OC[C@H](C[C@@H]2O[C@H]2[C@@H](C)[C@H](C)O)[C@@H](O)[C@H]1O,0.0,0.0,0.0,0.0,0.0,0.0,0.0,,0.0,,0.0,0.0
MOL_01768,CCN(CC)C(=O)/C(C#N)=C/c1cc(O)c(O)c([N+](=O)[O-])c1,0.0,,0.0,0.0,0.0,0.0,0.0,1.0,0.0,1.0,,
MOL_01769,Nc1nc(Cl)nc2c1ncn2[C@@H]1O[C@H](CO)[C@@H](O)[C@@H]1F,0.0,0.0,0.0,1.0,0.0,0.0,,1.0,,0.0,0.0,1.0
MOL_01770,O=C(CS(=O)Cc1ccco1)NC/C=C\COc1cc(CN2CCCCC2)ccn1,0.0,0.0,0.0,0.0,0.0,0.0,0.0,0.0,0.0,0.0,0.0,0.0
MOL_01771,C[C@@H](O)[C@H]1C(=O)N2C(C(=O)[O-])=C(SC3Cn4cnc[n+]4C3)[C@H](C)[C@H]12,0.0,1.0,0.0,0.0,0.0,0.0,0.0,,0.0,,0.0,0.0
MOL_01772,CN1C[C@@H]2C[C@H]1CN2c1cc2c(cc1F)c(=O)c(C(=O)O)cn2C1CC1,0.0,0.0,0.0,,0.0,0.0,0.0,0.0,0.0,0.0,,0.0
MOL_01773,CN(CCOc1ccc(NS(C)(=O)=O)cc1)CCc1ccc(NS(C)(=O)=O)cc1,1.0,0.0,0.0,,0.0,0.0,0.0,0.0,0.0,0.0,,0.0
MOL_01774,C[C@@H](O)[C@H]1C(=O)N2C(C(=O)O)=C([C@H]3CCCO3)S[C@H]12,0.0,0.0,0.0,0.0,0.0,0.0,0.0,,0.0,0.0,0.0,0.0
MOL_01775,C=C(C)C1CC=C(C)C(=O)C1,0.0,0.0,0.0,0.0,0.0,0.0,0.0,0.0,0.0,0.0,0.0,0.0
MOL_01776,Cc1ccccc1S,0.0,0.0,0.0,0.0,0.0,0.0,0.0,0.0,0.0,,0.0,0.0
MOL_01777,O=C1CCCCC1C1CCCCC1,0.0,0.0,0.0,0.0,0.0,0.0,0.0,0.0,0.0,0.0,0.0,0.0
MOL_01778,C[C@H]1C[C@H]2[C@@H]3CCC4=CC(=O)C=C[C@]4(C)[C@@]3(F)[C@@H](O)C[C@]2(C)[C@@]1(O)C(=O)COP(=O)([O-])[O-],1.0,1.0,,,0.0,0.0,0.0,0.0,0.0,0.0,0.0,0.0
MOL_01779,CCC(=O)C1CC(C(C)C)CC=C1C,0.0,0.0,0.0,0.0,0.0,0.0,0.0,0.0,0.0,0.0,0.0,0.0
MOL_01780,CC(C)=CCOC(=O)c1ccccc1,0.0,0.0,0.0,0.0,0.0,0.0,0.0,0.0,0.0,0.0,,0.0
MOL_01781,COc1cc(CCC(C)=O)ccc1O,0.0,0.0,0.0,0.0,0.0,0.0,0.0,0.0,0.0,0.0,0.0,0.0
MOL_01782,OC[C@H](O)[C@@H](O)[C@@H](O)[C@H](O)CO,0.0,0.0,0.0,0.0,0.0,0.0,0.0,0.0,0.0,0.0,0.0,0.0
MOL_01783,N[C@H](C(=O)O)c1ccc(O)cc1,,,,,,,,0.0,,0.0,,
MOL_01784,COC1=C(OC)C(=O)C(C/C=C(\C)CC/C=C(\C)CC/C=C(\C)CC/C=C(\C)CC/C=C(\C)CC/C=C(\C)CC/C=C(\C)CC/C=C(\C)CC/C=C(\C)CCC=C(C)C)=C(C)C1=O,0.0,0.0,0.0,0.0,0.0,0.0,0.0,,0.0,,0.0,0.0
MOL_01785,CCN(CC)CCOc1ccc(C(O)(Cc2ccc(Cl)cc2)c2ccc(C)cc2)cc1,0.0,0.0,,,,0.0,,,,,,
MOL_01786,O=C(O)c1ccc(O)c(O)c1,0.0,0.0,0.0,0.0,0.0,0.0,0.0,0.0,0.0,0.0,0.0,0.0
MOL_01787,O=C1c2ccccc2C(=O)c2c(O)c(O)cc(O)c21,0.0,,1.0,,,0.0,0.0,1.0,0.0,0.0,1.0,0.0
MOL_01788,CCCCn1cc[n+](C)c1.O=S(=O)([O-])C(F)(F)F,0.0,0.0,0.0,0.0,0.0,0.0,0.0,,0.0,0.0,0.0,0.0
MOL_01789,CCc1nc(N)nc(N)c1-c1ccc(Cl)cc1,1.0,1.0,0.0,0.0,,0.0,,1.0,0.0,0.0,0.0,
MOL_01790,O=c1c(O)c(-c2ccc(O)c(O)c2)oc2cc(O)cc(O)c12,0.0,0.0,1.0,0.0,1.0,1.0,0.0,1.0,0.0,0.0,1.0,1.0
MOL_01791,NC(=O)C1(N2CCCCC2)CCN(CCCC(=O)c2ccc(F)cc2)CC1,,,,,,,,0.0,,0.0,,
MOL_01792,Cc1cccc(N(C)C(=S)Oc2ccc3c(c2)C2CCC3C2)c1,,,,,,,,,,0.0,,
MOL_01793,O=C(CCCl)NCc1ccccc1,,,,,,,,0.0,,0.0,,
MOL_01794,COc1ccc(/C=C/C(=O)O)cc1,0.0,0.0,0.0,0.0,0.0,0.0,0.0,,0.0,,0.0,0.0
MOL_01795,CC(C)CCCC(C)NCCC(C)C,,,,,,,,0.0,,0.0,,
MOL_01796,CCCCCCCCCCn1cc[n+](C)c1,0.0,,0.0,1.0,,,,1.0,0.0,0.0,1.0,
MOL_01797,O=S(=O)([O-])CO,0.0,0.0,0.0,0.0,0.0,0.0,0.0,0.0,0.0,0.0,0.0,0.0
MOL_01798,C=CCCCCCCCC,0.0,0.0,0.0,0.0,0.0,0.0,0.0,0.0,0.0,0.0,,0.0
MOL_01799,O=C1CCCCCCCCCCC1,0.0,0.0,0.0,0.0,0.0,0.0,0.0,1.0,0.0,0.0,0.0,0.0
MOL_01800,O=[N+]([O-])c1ccc(Nc2ccccc2)cc1,0.0,0.0,0.0,,,0.0,0.0,0.0,0.0,0.0,1.0,
MOL_01801,O=[N+]([O-])c1ccc([O-])cc1,0.0,0.0,0.0,,0.0,0.0,0.0,0.0,0.0,0.0,1.0,0.0
MOL_01802,O=S(=O)([O-])c1ccc(O)cc1,0.0,0.0,0.0,0.0,0.0,0.0,0.0,,0.0,0.0,0.0,0.0
MOL_01803,c1cc(N(CC2CO2)CC2CO2)ccc1Cc1ccc(N(CC2CO2)CC2CO2)cc1,0.0,,0.0,,,,,1.0,1.0,1.0,,1.0
MOL_01804,CC(=O)Nc1ccc(S(N)(=O)=O)cc1,0.0,0.0,0.0,0.0,0.0,0.0,0.0,0.0,0.0,0.0,0.0,0.0
MOL_01805,O=C(OCc1ccccc1)c1ccccc1O,0.0,0.0,0.0,0.0,1.0,0.0,0.0,0.0,0.0,0.0,,0.0
MOL_01806,c1ccc(CSCc2ccccc2)cc1,0.0,0.0,0.0,0.0,1.0,0.0,0.0,,0.0,0.0,,0.0
MOL_01807,O=C(Cc1ccccc1)OCc1ccccc1,0.0,0.0,0.0,0.0,0.0,0.0,0.0,0.0,0.0,0.0,,0.0
MOL_01808,CC(=O)C(Cl)C(=O)N(C)C,0.0,0.0,0.0,0.0,0.0,0.0,0.0,,0.0,0.0,0.0,0.0
MOL_01809,N#CC1(N)CCCCC1,0.0,0.0,0.0,0.0,0.0,0.0,0.0,0.0,0.0,0.0,0.0,0.0
MOL_01810,O=C1CCCCCN1SSN1CCCCCC1=O,0.0,0.0,0.0,,0.0,0.0,0.0,0.0,0.0,1.0,,0.0
MOL_01811,CCOC(=O)NNc1ccc(N(CC)CC(C)O)nn1,0.0,0.0,0.0,0.0,0.0,0.0,0.0,0.0,0.0,0.0,0.0,0.0
MOL_01812,COCCc1ccc(OCC(O)CNC(C)C)cc1.COCCc1ccc(OCC(O)CNC(C)C)cc1.O=C(O)CCC(=O)O,1.0,0.0,0.0,,0.0,0.0,0.0,,0.0,,0.0,0.0
MOL_01813,S=C(SSC(=S)N1CCCCC1)N1CCCCC1,0.0,,,,,1.0,0.0,,1.0,,0.0,0.0
MOL_01814,COC(=O)CC#N,0.0,0.0,0.0,0.0,0.0,0.0,0.0,0.0,0.0,0.0,0.0,0.0
MOL_01815,CC(C)CCCCCCN,0.0,0.0,0.0,0.0,0.0,0.0,0.0,0.0,0.0,0.0,0.0,0.0
MOL_01816,CCC(=O)OCC(=O)[C@@]1(OC(=O)CC)[C@@H](C)C[C@H]2[C@@H]3CCC4=CC(=O)C=C[C@]4(C)[C@@]3(Cl)[C@@H](O)C[C@@]21C,1.0,1.0,,,0.0,,,,0.0,,1.0,0.0
MOL_01817,CC(C)NC(=O)NC(C)C,0.0,0.0,0.0,0.0,0.0,0.0,0.0,0.0,0.0,0.0,0.0,0.0
MOL_01818,CCCCCCCCCCCCCCC(Br)C(=O)O,0.0,0.0,0.0,0.0,0.0,,1.0,,0.0,,1.0,
MOL_01819,C=CCOCC(O)CO,0.0,0.0,0.0,0.0,0.0,0.0,0.0,0.0,0.0,0.0,0.0,0.0
MOL_01820,CC(=O)c1ccc(C)cc1,0.0,0.0,0.0,0.0,0.0,0.0,0.0,0.0,0.0,0.0,0.0,0.0
MOL_01821,O=C(O)c1cc(O)c2ccccc2c1O,0.0,0.0,1.0,,,0.0,,1.0,0.0,,,
MOL_01822,O=S(=O)(O)CCCN1CCOCC1,0.0,0.0,0.0,0.0,0.0,0.0,0.0,0.0,0.0,0.0,0.0,0.0
MOL_01823,CCCCNc1ccccc1,0.0,0.0,0.0,0.0,0.0,0.0,0.0,0.0,0.0,0.0,0.0,0.0
MOL_01824,FC(F)(F)c1ccc(Cl)cc1Cl,0.0,0.0,0.0,,0.0,0.0,0.0,0.0,0.0,0.0,0.0,0.0
MOL_01825,Oc1ccc(Sc2ccc(O)cc2)cc1,0.0,0.0,0.0,0.0,1.0,1.0,,1.0,0.0,0.0,1.0,
MOL_01826,O=C(c1ccc(O)cc1)c1ccc(Cl)cc1,0.0,,,,1.0,1.0,0.0,1.0,0.0,0.0,,0.0
MOL_01827,Oc1ccc(Nc2ccccc2)cc1,0.0,0.0,,0.0,1.0,1.0,,,0.0,0.0,1.0,
MOL_01828,C=CC(=O)OCCCCCCCC(C)C,0.0,0.0,0.0,0.0,0.0,0.0,0.0,0.0,0.0,0.0,0.0,0.0
MOL_01829,O=C(c1ccc(O)cc1)c1ccc(O)c(O)c1O,0.0,0.0,1.0,0.0,1.0,1.0,0.0,,,0.0,1.0,0.0
MOL_01830,CCCCC(CC)COC(=O)CC#N,0.0,0.0,0.0,0.0,0.0,0.0,0.0,0.0,0.0,0.0,0.0,0.0
MOL_01831,O=C(Nc1ccc(Br)cc1)c1cc(Br)cc(Br)c1O,0.0,0.0,1.0,0.0,,0.0,,,0.0,1.0,1.0,1.0
MOL_01832,CCCCN(CCCC)CCCC,0.0,0.0,0.0,0.0,0.0,0.0,0.0,0.0,0.0,0.0,0.0,0.0
MOL_01833,Cc1cc(O)c(C)c(C)c1O,,,,,,,,,,0.0,,
MOL_01834,CC1=C(C(=O)O)N2C(=O)[C@@H](NC(=O)[C@H](N)c3ccc(O)cc3)[C@H]2SC1,,,,,,,,1.0,,0.0,,
MOL_01835,N[C@@H](C(=O)N[C@@H]1C(=O)N2C(C(=O)O)=C(Cl)CS[C@H]12)c1ccccc1,0.0,0.0,,0.0,0.0,0.0,0.0,0.0,0.0,0.0,0.0,0.0
MOL_01836,O=NN(CCCl)C(=O)NCCCl,0.0,0.0,0.0,0.0,0.0,0.0,0.0,1.0,0.0,0.0,0.0,
MOL_01837,CC(=O)[C@]1(O)Cc2c(O)c3c(c(O)c2[C@@H](O[C@H]2C[C@H](N)[C@H](O)[C@H](C)O2)C1)C(=O)c1c(O)cccc1C3=O,0.0,1.0,,1.0,,1.0,,,1.0,,1.0,1.0
MOL_01838,CCCCNC(=O)NS(=O)(=O)c1ccc(N)cc1,0.0,0.0,0.0,0.0,0.0,0.0,0.0,0.0,0.0,0.0,0.0,0.0
MOL_01839,CC1(c2ccccc2)OC(C(=O)O)=CC1=O,0.0,0.0,0.0,0.0,0.0,0.0,0.0,0.0,0.0,0.0,0.0,0.0
MOL_01840,COc1cc(N)c(Cl)cc1C(=O)NC1CN2CCC1CC2,0.0,0.0,0.0,0.0,0.0,0.0,,0.0,0.0,0.0,0.0,0.0
MOL_01841,CCN1CCC[C@H]1CNC(=O)c1c(O)c(Cl)cc(Cl)c1OC,0.0,0.0,0.0,0.0,0.0,0.0,0.0,0.0,0.0,0.0,0.0,0.0
MOL_01842,CN(C(=O)c1c(O)c2ccccc2n(C)c1=O)c1ccccc1,0.0,0.0,0.0,0.0,0.0,0.0,0.0,0.0,0.0,0.0,0.0,0.0
MOL_01843,C[C@H]1CN(CCCn2c3ccccc3c3ccccc32)C[C@@H](C)N1,,,,,,,,,,0.0,,
MOL_01844,CC(N/C(=N\C#N)Nc1ccncc1)C(C)(C)C,0.0,0.0,0.0,,0.0,0.0,0.0,0.0,0.0,0.0,0.0,0.0
MOL_01845,CC(Cc1ccccc1)(NC(=O)CN)c1ccccc1,0.0,0.0,0.0,0.0,0.0,0.0,0.0,0.0,0.0,0.0,,0.0
MOL_01846,CCO[Si](OCC)(OCC)OCC,0.0,0.0,0.0,0.0,0.0,0.0,0.0,0.0,0.0,0.0,,0.0
MOL_01847,O=C1c2ccccc2S(=O)(=O)N1CCCCN1CCN(c2ncccn2)CC1,0.0,0.0,0.0,0.0,0.0,0.0,0.0,0.0,0.0,0.0,0.0,0.0
MOL_01848,O=C(O)CC/C=C\CC[C@H]1[C@@H](OCc2ccc(-c3ccccc3)cc2)C[C@H](O)[C@@H]1N1CCCCC1,0.0,0.0,0.0,0.0,0.0,0.0,0.0,,0.0,,,0.0
MOL_01849,O=Cc1ccco1,1.0,0.0,0.0,0.0,0.0,0.0,0.0,0.0,0.0,0.0,0.0,0.0
MOL_01850,c1ccoc1,0.0,0.0,0.0,0.0,,0.0,0.0,0.0,0.0,0.0,0.0,0.0
MOL_01851,CCCCCCCCCCCCC1CO1,0.0,0.0,0.0,0.0,0.0,0.0,0.0,0.0,0.0,0.0,0.0,0.0
MOL_01852,COc1ccccc1O,0.0,0.0,0.0,0.0,0.0,0.0,0.0,0.0,0.0,0.0,0.0,0.0
MOL_01853,Cc1ccccc1-n1c(CF)nc2ccc(N)cc2c1=O,1.0,0.0,1.0,0.0,1.0,1.0,0.0,,0.0,,0.0,0.0
MOL_01854,C=CC1CO1,0.0,0.0,0.0,0.0,0.0,0.0,0.0,0.0,0.0,0.0,0.0,0.0
MOL_01855,C=CCN1C(=O)C(CC(C)C)NC1=S,0.0,0.0,0.0,0.0,0.0,0.0,0.0,,0.0,,0.0,0.0
MOL_01856,NS(=O)(=O)c1cc(C(=O)O)c(NCc2ccco2)cc1Cl,0.0,0.0,0.0,0.0,1.0,0.0,0.0,0.0,0.0,0.0,0.0,0.0
MOL_01857,CCCCC1=NC2(CCCC2)C(=O)N1Cc1ccc(-c2ccccc2-c2nnn[nH]2)cc1,0.0,0.0,0.0,0.0,0.0,0.0,1.0,0.0,0.0,0.0,,0.0
MOL_01858,CC(C)CC(C)N,0.0,0.0,0.0,0.0,0.0,0.0,0.0,0.0,0.0,0.0,0.0,0.0
MOL_01859,COCC(=O)Nc1c(I)c(C(=O)NCC(O)CO)c(I)c(C(=O)N(C)CC(O)CO)c1I,,,,,,,,0.0,,0.0,,
MOL_01860,CNC(=O)c1c(I)c(C(=O)NCC(=O)Nc2c(I)c(C(=O)O)c(I)c(C(=O)NCCO)c2I)c(I)c(N(C)C(C)=O)c1I,0.0,0.0,0.0,0.0,0.0,0.0,0.0,,0.0,,0.0,0.0
MOL_01861,CCCCCCCCSCCO,0.0,0.0,0.0,0.0,0.0,0.0,0.0,0.0,0.0,0.0,,0.0
MOL_01862,CN[C@H]1[C@@H](O)[C@@H](NC)[C@H](O)[C@H]2O[C@@H]3O[C@H](C)CC(=O)[C@]3(O)O[C@H]12,0.0,0.0,0.0,0.0,0.0,0.0,0.0,0.0,0.0,0.0,0.0,0.0
MOL_01863,O=Cc1ccccc1C=O,0.0,1.0,0.0,,1.0,0.0,,0.0,1.0,0.0,1.0,1.0
MOL_01864,CN1CCCC(CC2c3ccccc3Sc3ccccc32)C1,0.0,0.0,0.0,0.0,0.0,0.0,,,0.0,0.0,,0.0
MOL_01865,Cc1cc(C)n(CO)n1,0.0,0.0,0.0,0.0,0.0,0.0,0.0,0.0,0.0,0.0,0.0,0.0
MOL_01866,O=c1oc(=O)c2cc3c(=O)oc(=O)c3cc12,0.0,0.0,0.0,0.0,0.0,0.0,0.0,1.0,0.0,0.0,0.0,0.0
MOL_01867,CCN1CN(CC)CN(CC)C1,0.0,0.0,0.0,0.0,0.0,0.0,0.0,0.0,0.0,0.0,0.0,0.0
MOL_01868,Cc1ncc([N+](=O)[O-])n1CC(O)CCl,0.0,0.0,0.0,0.0,0.0,0.0,0.0,0.0,0.0,0.0,0.0,
MOL_01869,NCC1CCC(C(=O)O)CC1,0.0,0.0,0.0,0.0,0.0,0.0,0.0,,0.0,,0.0,0.0
MOL_01870,COc1cc(NS(=O)(=O)c2ccc(N)cc2)ncn1,0.0,0.0,0.0,0.0,0.0,0.0,0.0,0.0,0.0,0.0,0.0,0.0
MOL_01871,COc1cc(O)c(C(=O)c2ccccc2)cc1S(=O)(=O)O,1.0,0.0,0.0,0.0,0.0,0.0,0.0,0.0,0.0,0.0,0.0,0.0
MOL_01872,COC(=O)Nc1ccc(Cl)c(Cl)c1,0.0,0.0,1.0,0.0,0.0,0.0,0.0,0.0,0.0,0.0,,0.0
MOL_01873,CN[C@H](CC(C)C)C(=O)N[C@H]1C(=O)N[C@@H](CC(N)=O)C(=O)N[C@H]2C(=O)N[C@H]3C(=O)N[C@H](C(=O)N[C@@H](C(=O)O)c4cc(O)cc(O)c4-c4cc3ccc4O)[C@H](O)c3ccc(c(Cl)c3)Oc3cc2cc(c3O[C@@H]2O[C@H](CO)[C@@H](O)[C@H](O)[C@H]2O[C@H]2C[C@](C)(N)C(O)[C@H](C)O2)Oc2ccc(cc2Cl)[C@H]1O,1.0,0.0,0.0,0.0,0.0,0.0,0.0,,0.0,,0.0,0.0
MOL_01874,CC[C@H](C)[C@@H](NC(=O)[C@H](CCC(=O)O)NC(=O)[C@H](CC(C)C)NC(=O)[C@@H]1CSC([C@H](N)[C@H](C)CC)=N1)C(=O)N[C@@H]1CCCCNC(=O)[C@@H](CC(N)=O)NC(=O)[C@@H](CC(=O)O)NC(=O)[C@@H](Cc2cnc[nH]2)NC(=O)[C@@H](Cc2ccccc2)NC(=O)[C@@H]([C@H](C)CC)NC(=O)[C@@H](CCCN)NC1=O,0.0,0.0,0.0,0.0,1.0,0.0,0.0,,0.0,,0.0,0.0
MOL_01875,O=S(=O)([O-])c1ccccc1C=Cc1ccc(-c2ccc(C=Cc3ccccc3S(=O)(=O)[O-])cc2)cc1,0.0,,0.0,0.0,0.0,,,,0.0,,0.0,1.0
MOL_01876,O=C/C(Cl)=C(/Cl)C(=O)O,0.0,0.0,0.0,,0.0,0.0,,1.0,1.0,,,1.0
MOL_01877,Cl[C@H]1OCCO[C@@H]1Cl,0.0,0.0,0.0,0.0,0.0,0.0,0.0,0.0,0.0,0.0,0.0,0.0
MOL_01878,C#CC(C)(C)NC(=O)c1cc(Cl)cc(Cl)c1,0.0,0.0,0.0,0.0,0.0,0.0,0.0,0.0,0.0,0.0,0.0,0.0
MOL_01879,Nc1cc(Cl)c(N)c(Cl)c1,0.0,0.0,1.0,1.0,0.0,0.0,0.0,1.0,0.0,0.0,0.0,0.0
MOL_01880,Nc1c(Cl)cc([N+](=O)[O-])cc1Cl,0.0,0.0,0.0,0.0,0.0,0.0,0.0,0.0,0.0,0.0,1.0,0.0
MOL_01881,O=C1C(Cl)=C(Cl)C(=O)c2ccccc21,0.0,0.0,1.0,1.0,,,0.0,,0.0,1.0,1.0,
MOL_01882,C=C(C)C(=O)Nc1ccc(Cl)c(Cl)c1,0.0,0.0,1.0,,0.0,0.0,,1.0,0.0,0.0,1.0,1.0
MOL_01883,O=C(O)C(Cl)Cl,0.0,0.0,0.0,0.0,0.0,0.0,0.0,0.0,0.0,0.0,0.0,0.0
MOL_01884,CCCCCC(=O)OCC,0.0,0.0,0.0,0.0,0.0,0.0,0.0,0.0,0.0,0.0,0.0,0.0
MOL_01885,CCCCOC(C)=O,0.0,0.0,0.0,0.0,0.0,0.0,0.0,0.0,0.0,0.0,0.0,0.0
MOL_01886,CCCCCCCCCCCCN,0.0,0.0,0.0,,0.0,0.0,0.0,0.0,0.0,0.0,,0.0
MOL_01887,CCCCOP(=O)(OCCCC)OCCCC,0.0,0.0,0.0,0.0,1.0,0.0,0.0,0.0,0.0,0.0,0.0,0.0
MOL_01888,Cc1cc2nc3ccc(N(C)C)cc3[s+]c2cc1N,0.0,,1.0,,,0.0,0.0,1.0,0.0,0.0,1.0,1.0
MOL_01889,Oc1cc(Cl)c(Cl)cc1Cl,0.0,0.0,0.0,0.0,0.0,0.0,0.0,,0.0,0.0,1.0,0.0
MOL_01890,CCC(C)(CCC(C)C)C(=O)O,0.0,0.0,0.0,0.0,0.0,0.0,0.0,0.0,0.0,0.0,0.0,0.0
MOL_01891,COC(=O)C1=C(C)NC(C)=C(C(=O)OCCc2ccc(N3CCN(C(c4ccccc4)c4ccccc4)CC3)cc2)C1c1cccc([N+](=O)[O-])c1,,,,,,,,0.0,,0.0,,
MOL_01892,CCCCc1ccccc1,0.0,0.0,0.0,0.0,0.0,0.0,0.0,0.0,0.0,0.0,0.0,0.0
MOL_01893,O=c1[nH]c(=O)c2c[nH]nc2[nH]1,0.0,0.0,0.0,0.0,0.0,0.0,0.0,0.0,0.0,0.0,,0.0
MOL_01894,C=CCSSCC=C,0.0,0.0,0.0,,0.0,0.0,0.0,0.0,0.0,0.0,0.0,1.0
MOL_01895,C=C(C)C(=O)O[Sn](CCCC)(CCCC)CCCC,0.0,,,,,,1.0,1.0,,1.0,1.0,
MOL_01896,CC(C)CCCC(C)(C)O,0.0,0.0,0.0,0.0,0.0,0.0,0.0,0.0,0.0,0.0,0.0,0.0
MOL_01897,CCC/C=C/C=O,0.0,0.0,0.0,0.0,0.0,0.0,0.0,0.0,0.0,0.0,0.0,0.0
MOL_01898,C1=COCCC1,0.0,0.0,0.0,0.0,0.0,0.0,0.0,0.0,0.0,0.0,,0.0
MOL_01899,O=C(O)c1ccco1,0.0,0.0,0.0,0.0,0.0,0.0,0.0,0.0,0.0,0.0,0.0,0.0
MOL_01900,COc1cc(OC)c2ccc(=O)oc2c1,0.0,0.0,0.0,,0.0,0.0,0.0,,0.0,0.0,,0.0
MOL_01901,Cc1cc(=O)oc2cc(N(C)C)ccc12,0.0,,,,0.0,,,,1.0,,,1.0
MOL_01902,C=CN1CCCCCC1=O,0.0,0.0,0.0,0.0,0.0,0.0,0.0,0.0,0.0,0.0,0.0,0.0
MOL_01903,Cc1occc1S,0.0,0.0,0.0,0.0,0.0,0.0,0.0,1.0,0.0,1.0,0.0,0.0
MOL_01904,CCCOC(C)=O,0.0,0.0,0.0,0.0,0.0,0.0,0.0,0.0,0.0,0.0,0.0,0.0
MOL_01905,Cc1ccc2c(c1)CCCN2,0.0,0.0,1.0,0.0,0.0,0.0,0.0,0.0,0.0,0.0,0.0,0.0
MOL_01906,CC1(C)CCC[C@@]2(C)[C@H]1CC[C@@]1(C)OCC[C@H]21,0.0,0.0,0.0,0.0,0.0,0.0,0.0,0.0,0.0,0.0,1.0,0.0
MOL_01907,O=C(COc1ccc(Cl)cc1)N1CCN(Cc2ccc3c(c2)OCO3)CC1,0.0,0.0,0.0,1.0,,0.0,0.0,1.0,0.0,0.0,0.0,0.0
MOL_01908,NNC(=O)OCc1ccccc1,0.0,0.0,1.0,,0.0,0.0,0.0,0.0,0.0,0.0,0.0,0.0
MOL_01909,CC(C)c1ccc(C#N)cc1,0.0,0.0,0.0,0.0,0.0,0.0,0.0,0.0,0.0,0.0,0.0,0.0
MOL_01910,Cl[Yb](Cl)Cl,0.0,0.0,0.0,0.0,0.0,0.0,0.0,0.0,0.0,0.0,0.0,0.0
MOL_01911,COc1cc(C)cc(O)c1,0.0,0.0,,0.0,0.0,0.0,0.0,0.0,0.0,0.0,0.0,0.0
MOL_01912,C=CC(=O)OCCCCCCOC(=O)C=C,0.0,1.0,0.0,,0.0,,1.0,1.0,1.0,1.0,0.0,1.0
MOL_01913,C=CC(C)(C)CC(=O)OC,0.0,0.0,0.0,0.0,0.0,0.0,0.0,0.0,0.0,0.0,0.0,0.0
MOL_01914,CCCCCCOC(=O)c1ccccc1,0.0,0.0,0.0,0.0,0.0,0.0,0.0,0.0,0.0,0.0,0.0,0.0
MOL_01915,C=CCCCC,,,,0.0,,0.0,0.0,0.0,0.0,0.0,0.0,0.0
MOL_01916,CCCCCCc1ccc(-c2ccc(C#N)cc2)cc1,0.0,0.0,0.0,0.0,0.0,0.0,0.0,0.0,0.0,0.0,1.0,0.0
MOL_01917,C=C(C)C(=O)OCCCCCC,0.0,0.0,0.0,0.0,0.0,0.0,0.0,0.0,0.0,0.0,0.0,0.0
MOL_01918,COc1ccc2c(c1OC)C(=O)O[C@@H]2[C@H]1c2cc3c(cc2CCN1C)OCO3,0.0,0.0,,0.0,0.0,0.0,0.0,0.0,0.0,0.0,,0.0
MOL_01919,O=[N+]([O-])c1ccccc1-c1ccccc1,0.0,0.0,0.0,0.0,,0.0,0.0,0.0,0.0,0.0,0.0,0.0
MOL_01920,N=C(N)N.N=C(N)N.O=C(O)O,0.0,0.0,0.0,0.0,0.0,0.0,0.0,0.0,0.0,0.0,0.0,0.0
MOL_01921,O=[N+]([O-])c1ccccc1CCl,0.0,0.0,0.0,0.0,0.0,0.0,1.0,1.0,0.0,0.0,0.0,0.0
MOL_01922,O=[N+]([O-])c1ccc(CCl)cc1,0.0,0.0,0.0,0.0,0.0,0.0,0.0,,0.0,0.0,0.0,0.0
MOL_01923,O=C(Cl)c1ccc([N+](=O)[O-])cc1,,0.0,0.0,0.0,0.0,0.0,0.0,0.0,0.0,0.0,0.0,0.0
MOL_01924,O=[N+]([O-])c1cccc(CCl)c1,0.0,0.0,0.0,0.0,0.0,0.0,0.0,1.0,0.0,0.0,0.0,0.0
MOL_01925,O=C(Cl)c1cccc([N+](=O)[O-])c1,0.0,0.0,0.0,0.0,0.0,0.0,0.0,0.0,0.0,0.0,0.0,0.0
MOL_01926,O=C(Cl)c1ccccc1[N+](=O)[O-],0.0,0.0,,0.0,0.0,0.0,0.0,0.0,0.0,0.0,0.0,0.0
MOL_01927,CC(C)CC(=O)O,0.0,0.0,0.0,0.0,0.0,0.0,0.0,,0.0,0.0,0.0,0.0
MOL_01928,Nc1ccc(S(=O)(=O)[O-])cc1,0.0,0.0,0.0,0.0,1.0,0.0,0.0,0.0,0.0,0.0,0.0,0.0
MOL_01929,Cc1nc(N)nc(N)n1,,,0.0,0.0,0.0,0.0,0.0,0.0,0.0,0.0,0.0,0.0
MOL_01930,O=[N+]([O-])c1ccccc1Nc1ccccc1,0.0,0.0,,,0.0,0.0,0.0,0.0,0.0,0.0,0.0,0.0
MOL_01931,CCCCCCCCCCCCCCCCC(=O)O,0.0,0.0,0.0,0.0,0.0,0.0,0.0,0.0,0.0,0.0,0.0,0.0
MOL_01932,NS(=O)(=O)O,0.0,0.0,0.0,0.0,0.0,0.0,0.0,0.0,0.0,0.0,0.0,0.0
MOL_01933,[PbH2+2],0.0,0.0,0.0,0.0,0.0,0.0,0.0,1.0,0.0,0.0,0.0,0.0
MOL_01934,CCOC(C(=O)OCCN(C)C)(c1ccccc1)c1ccccc1,,,,,,,,0.0,,0.0,,
MOL_01935,CC(=O)Nc1ccc2c(c1)Cc1ccccc1-2,0.0,0.0,1.0,,1.0,0.0,0.0,1.0,1.0,0.0,1.0,0.0
MOL_01936,O=C(c1ccc2c(c1)C(=O)OC2=O)c1ccc2c(c1)C(=O)OC2=O,0.0,0.0,0.0,0.0,0.0,0.0,0.0,0.0,0.0,0.0,0.0,0.0
MOL_01937,CC(C)(C)N(CCO)CCO,0.0,0.0,0.0,,0.0,0.0,0.0,0.0,0.0,0.0,0.0,0.0
MOL_01938,CC(CO)CO,0.0,0.0,0.0,0.0,0.0,0.0,0.0,0.0,0.0,0.0,0.0,0.0
MOL_01939,C=C(C)C(=O)OCCCCCCCCCCCCC,1.0,,0.0,0.0,0.0,0.0,0.0,0.0,0.0,0.0,0.0,0.0
MOL_01940,C=C(C)C(=O)OCCC[Si](OC)(OC)OC,0.0,0.0,0.0,0.0,0.0,0.0,0.0,0.0,0.0,0.0,0.0,0.0
MOL_01941,C=CC(C)CCC=C(C)C,0.0,0.0,0.0,0.0,0.0,0.0,0.0,0.0,0.0,0.0,0.0,0.0
MOL_01942,C=CCCCCCCCCCCC,0.0,0.0,0.0,0.0,0.0,0.0,0.0,0.0,0.0,0.0,0.0,0.0
MOL_01943,CCCCN(CCCC)C(C(N)=O)c1ccc(OC)cc1,,,,,,,,0.0,,0.0,,
MOL_01944,OCC(S)CS,0.0,,0.0,0.0,0.0,0.0,,,0.0,,0.0,
MOL_01945,CC(=O)O[C@@]12CO[C@@H]1C[C@H](O)[C@@]1(C)C(=O)[C@H](O)C3=C(C)[C@@H](OC(=O)[C@H](O)[C@@H](NC(=O)OC(C)(C)C)c4ccccc4)C[C@@](O)([C@@H](OC(=O)c4ccccc4)[C@@H]12)C3(C)C,0.0,,0.0,0.0,0.0,0.0,,0.0,0.0,0.0,1.0,1.0
MOL_01946,CCCN(CCC)CCc1c[nH]c2ccccc12,0.0,0.0,0.0,0.0,0.0,0.0,0.0,0.0,0.0,0.0,,0.0
MOL_01947,CN(C)CCc1c[nH]c2ccccc12,0.0,0.0,0.0,0.0,0.0,0.0,0.0,0.0,0.0,,0.0,0.0
MOL_01948,CCN(CC)CCc1c[nH]c2ccccc12.CCN(CC)CCc1c[nH]c2ccccc12,0.0,0.0,0.0,0.0,0.0,0.0,0.0,0.0,0.0,1.0,0.0,0.0
MOL_01949,CCCCc1cc2c(=O)c(C(=O)OC)c[nH]c2cc1OCc1ccccc1,0.0,0.0,0.0,0.0,0.0,0.0,0.0,,0.0,,0.0,0.0
MOL_01950,NC1(c2ccccc2)CCCCC1,0.0,0.0,0.0,,0.0,0.0,,0.0,0.0,0.0,,0.0
MOL_01951,COc1ccc2[nH]cc(CCN(C(C)C)C(C)C)c2c1,0.0,0.0,,0.0,0.0,0.0,0.0,0.0,0.0,,0.0,0.0
MOL_01952,O=C1O[C@@H]2[C@@H](O)[C@H](O)O[C@@H]2[C@H]1O,0.0,0.0,0.0,0.0,0.0,0.0,0.0,0.0,0.0,0.0,,0.0
MOL_01953,CN(C)CCc1c[nH]c2cccc(OP(=O)(O)O)c12,0.0,0.0,0.0,0.0,0.0,0.0,0.0,0.0,0.0,0.0,0.0,0.0
MOL_01954,COC(=O)[C@H]1[C@@H](OC(=O)c2ccccc2)C[C@@H]2CC[C@H]1N2C,0.0,0.0,0.0,0.0,0.0,0.0,0.0,,0.0,,0.0,0.0
MOL_01955,c1ccc(CN2CCNCC2)cc1,0.0,0.0,0.0,0.0,0.0,0.0,0.0,0.0,0.0,,0.0,0.0
MOL_01956,Cc1c(N)nc(C(CC(N)=O)NCC(N)C(N)=O)nc1C(=O)NC(C(=O)NC(C)C(O)C(C)C(=O)NC(C(=O)NCCc1nc(-c2nc(C(=O)NCCCN[C@@H](C)c3ccccc3)cs2)cs1)C(C)O)C(O[C@@H]1O[C@@H](CO)[C@@H](O)[C@H](O)[C@@H]1O[C@H]1O[C@H](CO)[C@@H](O)[C@H](OC(N)=O)[C@@H]1O)c1c[nH]cn1,0.0,0.0,0.0,0.0,0.0,0.0,,,0.0,,0.0,1.0
MOL_01957,CC(CN(C)C)CN1c2ccccc2S(=O)(=O)c2ccccc21,0.0,0.0,0.0,0.0,0.0,0.0,0.0,,0.0,,0.0,0.0
MOL_01958,CN(C)C(=O)C(CCN1CCC(O)(c2ccc(Cl)cc2)CC1)(c1ccccc1)c1ccccc1,0.0,0.0,0.0,,,0.0,,0.0,0.0,0.0,0.0,0.0
MOL_01959,CC(C(=O)O)c1ccc(CC2CCCC2=O)cc1,0.0,0.0,0.0,0.0,0.0,0.0,0.0,0.0,0.0,0.0,0.0,0.0
MOL_01960,Cc1ccccc1N1C(=O)c2cc(S(N)(=O)=O)c(Cl)cc2NC1C,0.0,0.0,0.0,0.0,0.0,0.0,0.0,0.0,0.0,0.0,0.0,0.0
MOL_01961,CCN(CC)CC(=O)Nc1c(C)cccc1C,0.0,0.0,0.0,0.0,0.0,0.0,0.0,0.0,0.0,0.0,0.0,0.0
MOL_01962,c1ccc2c(c1)OCC(C1=NCCN1)O2,0.0,0.0,0.0,,,0.0,,1.0,0.0,1.0,1.0,0.0
MOL_01963,O=C1CCC(c2ccc(-n3ccnc3)cc2)=NN1,0.0,0.0,1.0,1.0,0.0,0.0,0.0,,0.0,,0.0,0.0
MOL_01964,O=C1N(c2ccccc2)c2ccccc2C1(Cc1ccncc1)Cc1ccncc1,0.0,0.0,0.0,0.0,0.0,0.0,0.0,0.0,0.0,0.0,0.0,0.0
MOL_01965,CCn1ccnc1CC1COc2ccccc2O1,0.0,0.0,0.0,0.0,0.0,0.0,0.0,0.0,0.0,0.0,0.0,0.0
MOL_01966,CCN(CC)CCNC(=O)c1cc(Cl)c(N)cc1OC,0.0,0.0,0.0,0.0,0.0,0.0,0.0,0.0,0.0,0.0,0.0,0.0
MOL_01967,Cc1ccccc1CNc1ncnc2c1ncn2[C@@H]1O[C@H](CO)[C@@H](O)[C@H]1O,0.0,0.0,0.0,1.0,0.0,,,,,,0.0,0.0
MOL_01968,COc1cccc2c1cc([N+](=O)[O-])c1c(C(=O)[O-])cc3c(c12)OCO3,0.0,,,,,0.0,,1.0,0.0,0.0,1.0,1.0
MOL_01969,COc1ccccc1N,0.0,0.0,1.0,0.0,0.0,0.0,0.0,0.0,0.0,0.0,0.0,0.0
MOL_01970,Nc1ccccc1,0.0,0.0,1.0,0.0,0.0,0.0,0.0,0.0,0.0,0.0,0.0,0.0
MOL_01971,CC(COc1ccc(C(C)(C)C)cc1)OS(=O)OCCCl,0.0,0.0,0.0,0.0,0.0,0.0,0.0,0.0,0.0,0.0,0.0,0.0
MOL_01972,O=C([O-])C1O[Sb]2OC(=O)C(O2)C(C(=O)[O-])O[Sb]2OC(=O)C1O2,0.0,,,,,0.0,,1.0,0.0,1.0,0.0,1.0
MOL_01973,O=C1c2ccccc2C(=O)c2ccccc21,0.0,0.0,0.0,0.0,,0.0,0.0,0.0,0.0,0.0,1.0,0.0
MOL_01974,Nc1ccccc1C(=O)O,0.0,0.0,0.0,0.0,0.0,0.0,0.0,0.0,0.0,0.0,0.0,0.0
MOL_01975,C=CCC1([C@H](C)CCC)C(=O)NC(=O)NC1=O,0.0,0.0,0.0,0.0,0.0,0.0,0.0,0.0,0.0,0.0,0.0,0.0
MOL_01976,CCN[C@H](C)Cc1cccc(C(F)(F)F)c1,0.0,0.0,0.0,0.0,0.0,0.0,0.0,0.0,0.0,0.0,0.0,0.0
MOL_01977,CN[C@H](C)Cc1ccccc1,0.0,0.0,,0.0,0.0,0.0,0.0,,0.0,,0.0,0.0
MOL_01978,CN[C@@H](C)Cc1ccccc1,0.0,0.0,0.0,0.0,0.0,0.0,0.0,,0.0,,0.0,0.0
MOL_01979,C[C@@H](N)C(=O)c1ccccc1,0.0,0.0,0.0,0.0,0.0,0.0,0.0,,0.0,,0.0,0.0
MOL_01980,C[C@H](N)C(=O)c1ccccc1,0.0,0.0,0.0,0.0,0.0,0.0,0.0,0.0,0.0,0.0,0.0,0.0
MOL_01981,CC(Cc1ccccc1)NCCn1cnc2c1c(=O)n(C)c(=O)n2C,0.0,0.0,0.0,0.0,0.0,0.0,0.0,0.0,0.0,0.0,0.0,0.0
MOL_01982,CCN[C@@H](C)Cc1ccccc1,0.0,0.0,0.0,0.0,0.0,0.0,0.0,0.0,0.0,0.0,0.0,0.0
MOL_01983,CCN[C@@H](C)Cc1cccc(C(F)(F)F)c1,0.0,0.0,0.0,0.0,0.0,0.0,0.0,0.0,0.0,0.0,0.0,0.0
MOL_01984,C[C@H]1N=C(N)O[C@H]1c1ccccc1,0.0,0.0,0.0,,0.0,0.0,0.0,0.0,0.0,0.0,0.0,0.0
MOL_01985,C=CCOC(C)=O,0.0,0.0,0.0,0.0,0.0,0.0,0.0,0.0,0.0,0.0,,0.0
MOL_01986,CCN(CC)C(=O)C(Cl)=C(C)OP(=O)(OC)OC,0.0,0.0,0.0,0.0,0.0,0.0,0.0,0.0,0.0,0.0,0.0,0.0
MOL_01987,Oc1ccc(-c2ccccc2)cc1,0.0,0.0,0.0,,1.0,1.0,0.0,1.0,1.0,0.0,,0.0
MOL_01988,Oc1ccccc1-c1ccccc1,0.0,0.0,0.0,0.0,0.0,0.0,0.0,0.0,0.0,0.0,1.0,0.0
MOL_01989,CC(=O)O[Hg]c1ccccc1,0.0,1.0,,,,1.0,1.0,1.0,,1.0,,1.0
MOL_01990,O[Sn](c1ccccc1)(c1ccccc1)c1ccccc1,0.0,1.0,,,,1.0,,,1.0,1.0,1.0,
MOL_01991,CCCOC(=O)CCCCC(=O)OCCC,0.0,0.0,0.0,0.0,0.0,0.0,0.0,0.0,0.0,0.0,0.0,0.0
MOL_01992,O=C1OC(=O)c2ccccc21,,0.0,0.0,,0.0,0.0,0.0,0.0,0.0,0.0,0.0,0.0
MOL_01993,NC(=O)c1ccccc1C(N)=O,0.0,0.0,,0.0,0.0,0.0,0.0,,0.0,0.0,,0.0
MOL_01994,CCOP(=S)(Oc1ccc([N+](=O)[O-])cc1)c1ccccc1,0.0,0.0,1.0,0.0,1.0,0.0,0.0,0.0,0.0,0.0,,0.0
MOL_01995,NC(=O)c1c(Cl)cccc1Cl,0.0,0.0,,0.0,0.0,0.0,0.0,0.0,0.0,0.0,,0.0
MOL_01996,CCCCCCCCCCN,0.0,0.0,0.0,0.0,0.0,0.0,0.0,0.0,0.0,0.0,0.0,0.0
MOL_01997,CNC(=O)Oc1ccc(N(C)C)c(C)c1,0.0,0.0,0.0,0.0,,0.0,0.0,1.0,0.0,0.0,0.0,0.0
MOL_01998,Clc1nc(Cl)c(Cl)c(Cl)c1Cl,0.0,0.0,0.0,0.0,0.0,0.0,0.0,1.0,1.0,0.0,0.0,0.0
MOL_01999,CCCCCCOC(=O)c1ccc(O)cc1,0.0,0.0,0.0,,1.0,1.0,0.0,,1.0,0.0,1.0,0.0
MOL_02000,NC[C@H](O)c1ccc(O)c(O)c1,0.0,0.0,,0.0,0.0,0.0,0.0,0.0,0.0,0.0,0.0,0.0
MOL_02001,O=C(c1ccccc1)C1(O)CCCCC1,0.0,0.0,0.0,0.0,0.0,0.0,0.0,0.0,0.0,0.0,0.0,0.0
MOL_02002,CC(C)OC(=O)c1ccccc1,0.0,0.0,0.0,0.0,0.0,0.0,0.0,0.0,0.0,0.0,0.0,0.0
MOL_02003,CCCCNP(N)(N)=S,0.0,0.0,0.0,0.0,,0.0,0.0,0.0,0.0,0.0,0.0,0.0
MOL_02004,CN1Cc2c(N)cccc2C(c2ccccc2)C1,0.0,0.0,0.0,0.0,0.0,0.0,0.0,0.0,0.0,0.0,0.0,0.0
MOL_02005,CNC(=C[N+](=O)[O-])NCCSCc1csc(CN(C)C)n1,0.0,0.0,0.0,0.0,0.0,0.0,0.0,0.0,0.0,0.0,0.0,0.0
MOL_02006,CN/C=N/c1ccc(C)cc1C,0.0,0.0,0.0,0.0,0.0,0.0,0.0,0.0,0.0,0.0,0.0,0.0
MOL_02007,COCCOC(=O)C1=C(C)NC(C)=C(C(=O)OC(C)C)C1c1cccc([N+](=O)[O-])c1,0.0,0.0,1.0,0.0,0.0,0.0,0.0,,0.0,0.0,,0.0
MOL_02008,CC(C)OC(=O)CCC(=O)OC(C)C,0.0,0.0,0.0,0.0,0.0,0.0,0.0,0.0,0.0,0.0,0.0,0.0
MOL_02009,O=C1CN=C(c2ccccc2)c2cc([N+](=O)[O-])ccc2N1,0.0,0.0,0.0,0.0,0.0,0.0,0.0,0.0,0.0,0.0,0.0,0.0
MOL_02010,CCCCCC(=O)O[C@]1(C(C)=O)CC[C@H]2[C@@H]3CCC4=CC(=O)CC[C@]4(C)[C@H]3CC[C@@]21C,,0.0,0.0,,,0.0,0.0,1.0,0.0,1.0,1.0,0.0
MOL_02011,Fc1cccc(Cl)c1CCl,0.0,0.0,0.0,0.0,0.0,0.0,0.0,1.0,0.0,0.0,,0.0
MOL_02012,COC(=O)N/N=C/c1c[n+]([O-])c2ccccc2[n+]1[O-],,,,,,,,0.0,,0.0,,
MOL_02013,CSc1ccc(C(=O)C(C)(C)N2CCOCC2)cc1,0.0,0.0,0.0,0.0,1.0,1.0,0.0,0.0,0.0,0.0,0.0,0.0
MOL_02014,OC[C@H](O)[C@H](O)CO,0.0,0.0,0.0,0.0,0.0,0.0,0.0,0.0,0.0,0.0,0.0,0.0
MOL_02015,Clc1cc(Cl)c(-c2cc(Cl)c(Cl)cc2Cl)cc1Cl,0.0,0.0,0.0,0.0,0.0,0.0,0.0,0.0,0.0,0.0,,0.0
MOL_02016,C/C=C/C[C@@H](C)[C@@H](O)[C@H]1C(=O)N[C@@H](CC)C(=O)N(C)CC(=O)N(C)[C@@H](CC(C)C)C(=O)N[C@@H](C(C)C)C(=O)N(C)[C@@H](CC(C)C)C(=O)N[C@@H](C)C(=O)N[C@H](C)C(=O)N(C)[C@@H](CC(C)C)C(=O)N(C)[C@@H](CC(C)C)C(=O)N(C)[C@@H](C(C)C)C(=O)N1C,0.0,,0.0,0.0,0.0,0.0,,1.0,0.0,0.0,,0.0
MOL_02017,CC(=O)O[C@]1(C(C)=O)CC[C@H]2[C@@H]3C=C(Cl)C4=CC(=O)[C@@H]5C[C@@H]5[C@]4(C)[C@H]3CC[C@@]21C,1.0,1.0,0.0,0.0,0.0,0.0,0.0,1.0,0.0,0.0,,0.0
MOL_02018,N[C@@H](CS)C(=O)O,0.0,0.0,,0.0,0.0,0.0,0.0,0.0,0.0,0.0,,0.0
MOL_02019,c1ccc2sc(SNC3CCCCC3)nc2c1,0.0,0.0,1.0,,,0.0,0.0,1.0,0.0,1.0,1.0,0.0
MOL_02020,NC1CCCCC1,0.0,0.0,0.0,0.0,0.0,0.0,0.0,0.0,0.0,0.0,0.0,0.0
MOL_02021,ON=C1CCCC1,0.0,0.0,0.0,0.0,0.0,0.0,0.0,0.0,0.0,0.0,0.0,0.0
MOL_02022,COc1ccc(C(=O)/C(Br)=C\C(=O)[O-])cc1,0.0,1.0,0.0,,0.0,0.0,1.0,1.0,1.0,,0.0,1.0
MOL_02023,CN(C)N=Nc1nc[nH]c1C(N)=O,0.0,0.0,0.0,0.0,0.0,0.0,0.0,0.0,0.0,0.0,0.0,0.0
MOL_02024,CC(C)(O)C(Cl)(Cl)Cl,,,,,,,,0.0,,0.0,,
MOL_02025,O=c1[nH]c2ccccc2c(=O)n1CCCl,,,,,,,,0.0,,0.0,,
MOL_02026,CC1=CCC(C(C)C)=CC1,0.0,0.0,0.0,0.0,0.0,0.0,0.0,0.0,0.0,0.0,0.0,0.0
MOL_02027,CCC(C)CCCC(C)(C)O,0.0,0.0,0.0,0.0,1.0,0.0,0.0,0.0,0.0,0.0,,0.0
MOL_02028,Cc1cc(Cl)ccc1/N=C/N(C)C,0.0,0.0,0.0,0.0,0.0,0.0,0.0,0.0,0.0,0.0,0.0,0.0
MOL_02029,CC(C)n1c(/C=C/[C@@H](O)C[C@@H](O)CC(=O)[O-])c(-c2ccc(F)cc2)c2ccccc21,0.0,,1.0,1.0,0.0,0.0,,0.0,0.0,0.0,1.0,0.0
MOL_02030,CC1C2CC(CC2C2CCCC(O)C2)C1(C)C,0.0,0.0,0.0,,1.0,1.0,0.0,,0.0,,1.0,
MOL_02031,Cc1cc(O)c(C(=O)N[C@@H](C(=O)N[C@@H]2C(=O)N3C(C(=O)O)=C(CSc4nnnn4C)CS[C@H]23)c2ccc(O)cc2)cn1,0.0,0.0,0.0,0.0,1.0,0.0,0.0,,0.0,,0.0,0.0
MOL_02032,CCOC(CN1CCN(CC(C)C(=O)c2ccccc2)CC1)c1ccccc1,0.0,0.0,0.0,,0.0,0.0,0.0,1.0,0.0,0.0,0.0,0.0
MOL_02033,Cc1onc(-c2ccccc2)c1-c1ccc(S(N)(=O)=O)cc1,0.0,,0.0,0.0,0.0,0.0,0.0,0.0,0.0,0.0,,0.0
MOL_02034,CCCSSC(CCO)=C(C)N(C=O)Cc1cnc(C)nc1N,0.0,0.0,0.0,,0.0,0.0,,0.0,0.0,0.0,0.0,0.0
MOL_02035,CCOc1cc(OCC)c(C(=O)CCC(=O)O)cc1OCC,0.0,,0.0,0.0,0.0,0.0,,1.0,0.0,0.0,,0.0
MOL_02036,NNC(=O)CP(=O)(c1ccccc1)c1ccccc1,0.0,0.0,0.0,0.0,0.0,0.0,0.0,0.0,0.0,0.0,,0.0
MOL_02037,CC(CNC(=O)c1cccnc1)NC(=O)c1cccnc1,0.0,0.0,0.0,0.0,0.0,0.0,0.0,,0.0,,0.0,0.0
MOL_02038,O=C(CCCN1CCN2CCCC2C1)c1ccc(F)cc1,0.0,0.0,,0.0,0.0,0.0,0.0,,0.0,,0.0,0.0
MOL_02039,OC(c1ccccc1)(c1ccccc1)C1CN2CCC1CC2,1.0,0.0,0.0,0.0,0.0,0.0,0.0,,0.0,,0.0,0.0
MOL_02040,COc1ccc(/C=N\NC(=O)c2ccncc2)c(C(=O)O)c1OC,0.0,0.0,1.0,0.0,0.0,0.0,0.0,,0.0,,0.0,0.0
MOL_02041,CCN(CC)CCOc1ccc2nc(N(C)C)sc2c1,0.0,0.0,1.0,,1.0,0.0,0.0,,0.0,,0.0,0.0
MOL_02042,CCN(CC)CCC(=O)N1c2ccccc2Sc2ccc(Cl)cc21,0.0,0.0,0.0,,,0.0,0.0,,0.0,,,0.0
MOL_02043,CN1CCN(CCC(=O)N2c3ccccc3Sc3ccc(C(F)(F)F)cc32)CC1,0.0,0.0,0.0,0.0,0.0,0.0,0.0,,0.0,0.0,,0.0
MOL_02044,CCN(CC)CCOc1ccccc1C(=O)CCc1ccccc1,0.0,0.0,0.0,0.0,0.0,0.0,0.0,0.0,0.0,0.0,,0.0
MOL_02045,Cc1nc(-c2ccc3c(c2)CCN(CCC2CCC(NC(=O)/C=C/c4ccc(F)cc4)CC2)CC3)no1,0.0,1.0,0.0,0.0,,1.0,,,1.0,1.0,0.0,1.0
MOL_02046,OCC(CO)n1cnc(-c2ccc(F)cc2)c1-c1ccnc(Oc2ccccc2)n1,0.0,0.0,0.0,,0.0,0.0,0.0,,0.0,0.0,,0.0
MOL_02047,CCn1nc(Cc2ccccc2)cc1C1CCN(C[C@H]2C[C@H](N(C)[C@@H](C(=O)O)C(C)C)C[C@@H]2c2cccc(F)c2)CC1,0.0,0.0,0.0,0.0,0.0,0.0,,0.0,0.0,0.0,,0.0
MOL_02048,CCN1CCC2(CC1)COc1cc3c(cc12)N(C(=O)c1ccc(-c2ccc(-c4nnc(C)o4)cc2C)cc1)CC3,0.0,,,,,0.0,,,,,1.0,
MOL_02049,Cc1cc2c(cc1C(F)(F)F)N(C(=O)Nc1ccc(Oc3cccnc3C)nc1)CC2,0.0,0.0,0.0,,,0.0,,1.0,,0.0,1.0,0.0
MOL_02050,NC(=O)c1nc(-c2cccc(-c3cc(F)ccc3OCC(F)(F)C(F)(F)F)c2)n[n-]1,0.0,0.0,0.0,,,0.0,,1.0,,,,
MOL_02051,Cc1cnc(C(=O)NCCc2ccc(S(=O)(=O)NC(=O)NC3CCCCC3)cc2)cn1,0.0,0.0,0.0,0.0,0.0,0.0,0.0,1.0,0.0,0.0,0.0,0.0
MOL_02052,CC1(C)O[C@@H]2C[C@H]3[C@@H]4C[C@H](F)C5=CC(=O)C=C[C@]5(C)[C@@]4(F)[C@@H](O)C[C@]3(C)[C@]2(C(=O)CO)O1,1.0,0.0,0.0,,0.0,0.0,0.0,0.0,0.0,0.0,0.0,0.0
MOL_02053,CCC1=C(C)CN(C(=O)NCCc2ccc(S(=O)(=O)NC(=O)N[C@H]3CC[C@H](C)CC3)cc2)C1=O,0.0,,0.0,0.0,0.0,0.0,,,0.0,0.0,,0.0
MOL_02054,COC(=O)Nc1nc2cc(Sc3ccccc3)ccc2[nH]1,0.0,1.0,1.0,,1.0,,0.0,,1.0,,1.0,1.0
MOL_02055,COC1=C(OC)C(=O)C(CCCCCCCCCCO)=C(C)C1=O,0.0,,0.0,,,0.0,,0.0,,0.0,,1.0
MOL_02056,CC(C)Oc1ccc2c(=O)c(-c3ccccc3)coc2c1,0.0,0.0,1.0,,1.0,0.0,0.0,1.0,1.0,0.0,,0.0
MOL_02057,C#Cc1cccc(Nc2ncnc3cc(OCCOC)c(OCCOC)cc23)c1,1.0,0.0,1.0,1.0,0.0,0.0,,1.0,0.0,0.0,,0.0
MOL_02058,CC[C@H]1OC(=O)[C@H](C)C(=O)[C@H](C)[C@@H](O[C@@H]2O[C@H](C)C[C@H](N(C)C)[C@H]2O)[C@](C)(OC)C[C@@H](C)C(=O)[C@H](C)[C@H]2N(CCCCn3cnc(-c4cccnc4)c3)C(=O)O[C@]12C,0.0,0.0,0.0,0.0,0.0,0.0,0.0,,0.0,,0.0,0.0
MOL_02059,Cc1cccc(C)c1OCC(=O)N[C@@H](Cc1ccccc1)[C@@H](O)C[C@H](Cc1ccccc1)NC(=O)[C@H](C(C)C)N1CCCNC1=O,0.0,,0.0,,0.0,0.0,,1.0,,0.0,1.0,0.0
MOL_02060,Cc1ccc(-c2ncc(Cl)cc2-c2ccc(S(C)(=O)=O)cc2)cn1,0.0,0.0,0.0,0.0,0.0,0.0,0.0,0.0,0.0,0.0,0.0,0.0
MOL_02061,CC(C)(O)c1ccccc1CC[C@@H](SCC1(CC(=O)[O-])CC1)c1cccc(/C=C/c2ccc3ccc(Cl)cc3n2)c1,0.0,,1.0,,,0.0,,0.0,1.0,0.0,1.0,
MOL_02062,CCCCCOC(=O)Nc1nc(=O)n([C@@H]2O[C@H](C)[C@@H](O)[C@H]2O)cc1F,0.0,0.0,0.0,0.0,0.0,0.0,0.0,0.0,0.0,0.0,0.0,0.0
MOL_02063,C[C@]12CC[C@H]3[C@@H](CC[C@H]4NC(=O)C=C[C@]34C)[C@@H]1CC[C@@H]2C(=O)Nc1cc(C(F)(F)F)ccc1C(F)(F)F,1.0,0.0,0.0,0.0,,0.0,0.0,,0.0,,,0.0
MOL_02064,Cc1c(C(=O)NN2CCCCC2)nn(-c2ccc(Cl)cc2Cl)c1-c1ccc(Cl)cc1,0.0,,,0.0,0.0,0.0,,,0.0,,1.0,
MOL_02065,C[C@]12CC[C@@H]3c4ccc(OC(=O)N(CCCl)CCCl)cc4CC[C@H]3[C@@H]1CC[C@@H]2O,,,,,,,,,,0.0,,
MOL_02066,NC[C@H]1CC[C@H](C(=O)Oc2ccc(CCC(=O)O)cc2)CC1,0.0,0.0,0.0,1.0,,0.0,0.0,0.0,0.0,0.0,0.0,0.0
MOL_02067,NC(CS)C(=O)O,,,,,,,,0.0,,0.0,,
MOL_02068,N[C@H](Cc1c[nH]c2ccccc12)C(=O)O,0.0,0.0,,0.0,0.0,0.0,0.0,0.0,0.0,0.0,0.0,0.0
MOL_02069,CCOP(=S)(OCC)Oc1cc(C)nc(N(CC)CC)n1,0.0,0.0,1.0,,,0.0,0.0,,0.0,0.0,,0.0
MOL_02070,CC(C)(C)NC(N)=O,0.0,0.0,0.0,0.0,0.0,0.0,0.0,0.0,0.0,0.0,0.0,0.0
MOL_02071,CCCCCCCCCCCC[N+](C)(C)C,0.0,,0.0,1.0,,0.0,,1.0,0.0,0.0,0.0,
MOL_02072,CC(C)c1ccc(O)cc1,0.0,0.0,0.0,0.0,,0.0,0.0,0.0,0.0,0.0,,0.0
MOL_02073,Cc1cccc(N)c1N,0.0,0.0,1.0,0.0,,0.0,0.0,1.0,0.0,0.0,1.0,0.0
MOL_02074,O=C([O-])COc1ccc(Cl)cc1Cl,0.0,0.0,0.0,0.0,0.0,0.0,0.0,0.0,0.0,0.0,0.0,0.0
MOL_02075,CCCCCCCCCCCCCC[N+](C)(C)C,0.0,,0.0,,,0.0,,1.0,0.0,,1.0,
MOL_02076,CC(C)(N=C=O)c1cccc(C(C)(C)N=C=O)c1,0.0,0.0,0.0,0.0,,0.0,0.0,0.0,0.0,0.0,0.0,0.0
MOL_02077,CCO[Si](CCCNC(N)=O)(OCC)OCC,0.0,0.0,0.0,0.0,0.0,0.0,0.0,0.0,0.0,0.0,0.0,0.0
MOL_02078,COC(=O)c1sccc1S(N)(=O)=O,0.0,0.0,0.0,0.0,0.0,0.0,0.0,0.0,0.0,0.0,0.0,0.0
MOL_02079,NC(=O)CN1CCCC1=O,0.0,0.0,0.0,0.0,0.0,0.0,0.0,0.0,0.0,0.0,0.0,0.0
MOL_02080,O=C(c1ccccc1)c1ccc(O)c(O)c1O,0.0,0.0,,0.0,1.0,1.0,0.0,,0.0,0.0,1.0,0.0
MOL_02081,CCCCCOC(=O)CCCCC,0.0,0.0,0.0,0.0,0.0,0.0,0.0,,0.0,0.0,0.0,0.0
MOL_02082,Oc1cccc(O)c1,0.0,0.0,0.0,0.0,0.0,0.0,0.0,0.0,0.0,0.0,0.0,0.0
MOL_02083,CCCCCCOC(=O)CC,0.0,0.0,0.0,0.0,0.0,0.0,0.0,0.0,0.0,0.0,0.0,0.0
MOL_02084,CC/C=C\CCOC(=O)C(C)C,0.0,0.0,0.0,0.0,0.0,0.0,0.0,0.0,0.0,0.0,0.0,0.0
MOL_02085,CCCCCC(=O)OCCc1ccccc1,0.0,0.0,0.0,0.0,0.0,0.0,0.0,0.0,0.0,0.0,0.0,0.0
MOL_02086,CC/C=C\CCCCCO,0.0,0.0,0.0,0.0,,0.0,0.0,0.0,0.0,0.0,0.0,0.0
MOL_02087,CCCCCc1cccc(=O)o1,0.0,0.0,0.0,0.0,0.0,0.0,0.0,1.0,0.0,0.0,0.0,0.0
MOL_02088,O=C([O-])c1ccccc1-c1c2cc(I)c(=O)c(I)c-2oc2c(I)c([O-])c(I)cc12,0.0,0.0,0.0,,,0.0,0.0,0.0,0.0,,,0.0
MOL_02089,Cc1cc(C)c(/N=N/c2c(O)c(S(=O)(=O)[O-])cc3cc(S(=O)(=O)[O-])ccc23)cc1C,0.0,0.0,0.0,0.0,0.0,0.0,0.0,0.0,0.0,0.0,0.0,0.0
MOL_02090,COC(=O)[C@H]1[C@H]2C[C@@H]3c4[nH]c5cc(OC)ccc5c4CCN3C[C@H]2C[C@@H](OC(=O)c2cc(OC)c(OC)c(OC)c2)[C@@H]1OC,0.0,0.0,1.0,1.0,,1.0,,0.0,0.0,0.0,1.0,0.0
MOL_02091,COc1ccc2cc3[n+](cc2c1OC)CCc1cc2c(cc1-3)OCO2,0.0,0.0,1.0,,,0.0,0.0,1.0,0.0,0.0,1.0,1.0
MOL_02092,CCN(CC)c1cc2[o+]c3cc(N(CC)CC)c(C)cc3c(-c3ccc(S(=O)(=O)[O-])cc3S(=O)(=O)[O-])c2cc1C,0.0,0.0,0.0,,,0.0,0.0,0.0,0.0,0.0,,0.0
MOL_02093,CC[N+](C)(CC)CC,0.0,0.0,0.0,0.0,0.0,0.0,0.0,0.0,0.0,0.0,,0.0
MOL_02094,O=C(NS(=O)(=O)/C=C/c1cccs1)c1ccc(F)cc1Br,0.0,0.0,0.0,0.0,1.0,,,0.0,1.0,0.0,,1.0
MOL_02095,CN1C(=O)N(c2ccccc2Br)Cc2cnc(Nc3ccc4c(c3)OCC(CO)O4)nc21,0.0,0.0,,,,,,,,,,1.0
MOL_02096,O=C([N-]S(=O)(=O)/C=C/c1ccccc1)c1ccc(F)cc1Cl,0.0,0.0,0.0,,,0.0,,,1.0,0.0,,1.0
MOL_02097,CCN(CC)C(=O)c1cc(S(=O)(=O)Cc2ccccc2)c(N2CCC(c3ccccc3)CC2)cc1N(CC)CCN(C)C,0.0,0.0,0.0,,0.0,0.0,0.0,,0.0,0.0,,
MOL_02098,CS(=O)(=O)c1ccc([C@@H](C[C@H]2CCC(=O)C2)C(=O)Nc2cnccn2)cc1Cl,0.0,0.0,,0.0,0.0,0.0,0.0,,0.0,0.0,0.0,0.0
MOL_02099,CCCC[C@H]1CN(CC2CCOCC2)C(=O)OC12CCN(C1(C)CCN(C(=O)c3c(C)ncnc3C)CC1)CC2,0.0,0.0,0.0,0.0,0.0,0.0,0.0,0.0,0.0,0.0,0.0,0.0
MOL_02100,O=C1C(Cl)C(CCl)CN1c1cccc(C(F)(F)F)c1,0.0,0.0,1.0,0.0,0.0,0.0,0.0,1.0,0.0,0.0,0.0,0.0
MOL_02101,CN(C)[C@@H]1C(O)=C(C(N)=O)C(=O)[C@@]2(O)C(O)=C3C(=O)c4c(O)cccc4[C@@](C)(O)[C@H]3[C@H](O)[C@@H]12,0.0,0.0,0.0,0.0,0.0,0.0,0.0,0.0,0.0,0.0,0.0,0.0
MOL_02102,Nc1ccc(Oc2ccc(N)cc2)cc1,0.0,0.0,1.0,1.0,0.0,0.0,0.0,0.0,0.0,0.0,0.0,0.0
MOL_02103,CCOC(=O)COC(=O)c1cc(Oc2ccc(C(F)(F)F)cc2Cl)ccc1[N+](=O)[O-],0.0,,0.0,1.0,,0.0,0.0,0.0,0.0,0.0,,0.0
MOL_02104,C=CCOc1ccccc1OCC(O)CNC(C)C,0.0,0.0,0.0,0.0,0.0,0.0,0.0,0.0,0.0,0.0,,0.0
MOL_02105,O=C(O)CF,0.0,0.0,0.0,0.0,,0.0,0.0,0.0,0.0,0.0,0.0,0.0
MOL_02106,CCCN1C[C@H](CSC)C[C@@H]2c3cccc4[nH]cc(c34)C[C@H]21,0.0,0.0,,0.0,,0.0,0.0,0.0,0.0,0.0,0.0,0.0
MOL_02107,CN1C(C(=O)Nc2ccccn2)C(=O)c2sc(Cl)cc2S1(=O)=O,0.0,,0.0,0.0,0.0,0.0,0.0,,0.0,,1.0,0.0
MOL_02108,O=C1CCCCCCCCCCCCCCO1,0.0,0.0,0.0,0.0,0.0,0.0,0.0,0.0,0.0,0.0,0.0,0.0
MOL_02109,COc1ccc(C2NC(=S)N3C(c4ccc(OC)c(OC)c4)NC(=S)N23)cc1OC,0.0,,,,0.0,0.0,0.0,,0.0,,0.0,0.0
MOL_02110,C[N+](C)(CCCCCC[N+](C)(C)C1c2ccccc2-c2ccccc21)C1c2ccccc2-c2ccccc21,0.0,0.0,0.0,0.0,0.0,0.0,0.0,,0.0,,0.0,0.0
MOL_02111,c1ccc(CNCc2ccccc2)cc1,0.0,0.0,0.0,,0.0,0.0,0.0,0.0,0.0,0.0,,0.0
MOL_02112,COc1cc2[nH]c(C)c(CCN3CCN(c4ccccc4)CC3)c2cc1OC,0.0,0.0,0.0,0.0,0.0,0.0,0.0,,0.0,,0.0,0.0
MOL_02113,C/N=C(\NC)NCc1ccccc1.C/N=C(\NC)NCc1ccccc1,0.0,0.0,0.0,0.0,,0.0,0.0,,0.0,,0.0,0.0
MOL_02114,OCCNCc1ccccc1,0.0,0.0,0.0,0.0,0.0,0.0,0.0,0.0,0.0,0.0,0.0,0.0
MOL_02115,O=C(Nc1ccc(S(=O)(=O)N2CCOCC2)cc1)c1cc(Cl)ccc1NS(=O)(=O)c1ccc(Cl)s1,0.0,0.0,0.0,0.0,0.0,0.0,0.0,,0.0,,,1.0
MOL_02116,CN[C@@]1(c2ccccc2Cl)CCCCC1=O,0.0,0.0,0.0,0.0,0.0,0.0,0.0,,0.0,,0.0,0.0
MOL_02117,ClCCN(CCCl)CCCl,0.0,0.0,0.0,0.0,0.0,0.0,0.0,1.0,0.0,0.0,0.0,1.0
MOL_02118,COC(=O)Cc1ccccc1,0.0,0.0,0.0,0.0,0.0,0.0,0.0,0.0,0.0,0.0,0.0,0.0
MOL_02119,CCCCCC[n+]1ccccc1,0.0,0.0,0.0,0.0,,0.0,0.0,1.0,0.0,0.0,,
MOL_02120,CO/N=C(\C(=O)N[C@@H]1C(=O)N2C(C(=O)O)=C(CSc3nnnn3C)CS[C@H]12)c1csc(N)n1.CO/N=C(\C(=O)N[C@@H]1C(=O)N2C(C(=O)O)=C(CSc3nnnn3C)CS[C@H]12)c1csc(N)n1,0.0,0.0,0.0,0.0,0.0,0.0,0.0,,0.0,,,0.0
MOL_02121,CC[N+]1(C)CCCC1.O=S(=O)([N-]S(=O)(=O)C(F)(F)F)C(F)(F)F,0.0,0.0,0.0,0.0,0.0,0.0,0.0,0.0,0.0,0.0,,0.0
MOL_02122,CC[N+]1(C)CCCC1,0.0,0.0,0.0,0.0,0.0,0.0,0.0,0.0,0.0,0.0,0.0,0.0
MOL_02123,CCCC[N+]1(C)CCCC1,0.0,0.0,0.0,0.0,0.0,0.0,0.0,0.0,0.0,0.0,0.0,0.0
MOL_02124,CCCC[N+]1(C)CCCC1.N#CN=C=[N-],0.0,0.0,,0.0,,0.0,,0.0,0.0,0.0,0.0,0.0
MOL_02125,C/C(=C(\CCOC(=O)C(C)C)SS/C(CCOC(=O)C(C)C)=C(/C)N(C=O)Cc1cnc(C)nc1N)N(C=O)Cc1cnc(C)nc1N,,,,,,,,0.0,,0.0,,
MOL_02126,CCC[N+]1(C)CCCC1.O=S(=O)([N-]S(=O)(=O)C(F)(F)F)C(F)(F)F,0.0,0.0,0.0,0.0,0.0,0.0,0.0,0.0,0.0,0.0,,0.0
MOL_02127,CCCCCCCCn1cc[n+](C)c1.F[B-](F)(F)F,0.0,0.0,0.0,1.0,,,0.0,1.0,,0.0,1.0,
MOL_02128,O=S(=O)(O)c1cc(I)c(O)c2ncccc12,0.0,0.0,,0.0,0.0,0.0,0.0,,0.0,0.0,0.0,0.0
MOL_02129,CCCCCCCCCCCCCC/C(O)=N\C(CO)CCCCCCCCCCCCCC,0.0,0.0,0.0,0.0,0.0,0.0,0.0,0.0,0.0,0.0,0.0,0.0
MOL_02130,CO[C@@]1(NC(=O)C2SC(=C(C(N)=O)C(=O)O)S2)C(=O)N2C(C(=O)O)=C(CSc3nnnn3C)CS[C@@H]21,0.0,0.0,0.0,0.0,0.0,0.0,0.0,,0.0,,0.0,0.0
MOL_02131,CO[C@@]1(NC(=O)Cc2cccs2)C(=O)N2C(C(=O)O)=C(COC(N)=O)CS[C@@H]21,0.0,0.0,0.0,0.0,0.0,0.0,0.0,0.0,0.0,0.0,0.0,0.0
MOL_02132,CN1CCC(=C2c3ccccc3CCc3sccc32)CC1,0.0,,0.0,0.0,,0.0,0.0,,0.0,0.0,,0.0
MOL_02133,CO[C@H](C(=O)[C@@H](O)[C@@H](C)O)C1Cc2cc3cc(O[C@H]4C[C@@H](O[C@H]5C[C@@H](O)[C@H](O)[C@@H](C)O5)[C@@H](O)[C@@H](C)O4)c(C)c(O)c3c(O)c2C(=O)[C@H]1O[C@H]1C[C@@H](O[C@H]2C[C@@H](O[C@H]3C[C@](C)(O)[C@H](O)[C@@H](C)O3)[C@H](O)[C@@H](C)O2)[C@H](O)[C@@H](C)O1,0.0,,,1.0,,0.0,,,0.0,,1.0,1.0
MOL_02134,C[n+]1ccccc1/C=N/O,0.0,0.0,0.0,0.0,0.0,0.0,0.0,0.0,0.0,0.0,0.0,0.0
MOL_02135,CCCN[C@H]1CCc2nc(N)sc2C1,0.0,0.0,0.0,0.0,0.0,0.0,0.0,0.0,0.0,0.0,0.0,0.0
MOL_02136,CC(C(=O)O)c1ccc2c(c1)Cc1cccnc1O2,0.0,,0.0,0.0,0.0,0.0,0.0,0.0,0.0,0.0,0.0,0.0
MOL_02137,O=C(Cl)CCl,0.0,0.0,0.0,0.0,0.0,0.0,0.0,,0.0,0.0,0.0,0.0
MOL_02138,CC(=O)Nc1nnc(S(N)(=O)=O)s1,0.0,0.0,0.0,0.0,0.0,0.0,0.0,0.0,0.0,0.0,0.0,0.0
MOL_02139,CC(=O)NO,,,,,,,,0.0,,0.0,,
MOL_02140,CC(=O)CC(c1ccc([N+](=O)[O-])cc1)c1c(O)c2ccccc2oc1=O,0.0,0.0,0.0,0.0,0.0,0.0,,0.0,0.0,0.0,1.0,0.0
MOL_02141,COc1ccc2c(c1)c(CC(=O)OCC(=O)O)c(C)n2C(=O)c1ccc(Cl)cc1,0.0,0.0,0.0,0.0,0.0,0.0,,0.0,0.0,0.0,,0.0
MOL_02142,CC(=O)Nc1ccccc1,0.0,0.0,0.0,0.0,0.0,0.0,0.0,0.0,0.0,0.0,0.0,0.0
MOL_02143,CC1=C2N=C(C=C3N=C(C(C)=C4[C@@H](CCC(N)=O)[C@](C)(CC(N)=O)[C@](C)([C@@H]5N=C1[C@](C)(CCC(=O)NC[C@@H](C)OP(=O)([O-])O[C@@H]1[C@@H](CO)O[C@H](n6cnc7cc(C)c(C)cc76)[C@@H]1O)[C@H]5CC(N)=O)N4[Co+]C#N)[C@@](C)(CC(N)=O)[C@@H]3CCC(N)=O)C(C)(C)[C@@H]2CCC(N)=O,0.0,0.0,0.0,0.0,0.0,0.0,0.0,0.0,,0.0,0.0,0.0
MOL_02144,CCNc1cc(O)ccc1C,0.0,0.0,1.0,0.0,0.0,0.0,0.0,,0.0,0.0,,0.0
MOL_02145,CC(C)C(C(=O)OC(C#N)c1cccc(Oc2ccccc2)c1)c1ccc(Cl)cc1,0.0,0.0,0.0,,1.0,0.0,0.0,0.0,0.0,,1.0,0.0
MOL_02146,COP(=S)(OC)Oc1ccc(SC)c(C)c1,0.0,0.0,1.0,0.0,1.0,0.0,0.0,0.0,0.0,0.0,0.0,0.0
MOL_02147,[Fe+3],0.0,0.0,0.0,0.0,0.0,0.0,0.0,0.0,0.0,0.0,0.0,0.0
MOL_02148,CC(C)(C)NC(=O)[C@H]1CC[C@H]2[C@@H]3CC[C@H]4NC(=O)C=C[C@]4(C)[C@H]3CC[C@]12C,0.0,0.0,0.0,0.0,0.0,0.0,0.0,1.0,0.0,0.0,0.0,0.0
MOL_02149,CN(C)C(=S)[S-].CN(C)C(=S)[S-].CN(C)C(=S)[S-].[Fe+3],0.0,,,,,0.0,,,,1.0,,0.0
MOL_02150,OC(Cn1cncn1)(Cn1cncn1)c1ccc(F)cc1F,0.0,0.0,0.0,0.0,0.0,0.0,0.0,0.0,0.0,0.0,0.0,0.0
MOL_02151,O=C(NCC1CCCCN1)c1cc(OCC(F)(F)F)ccc1OCC(F)(F)F,0.0,0.0,0.0,0.0,0.0,0.0,0.0,0.0,0.0,0.0,0.0,0.0
MOL_02152,O=C(Nc1ccc2c(c1)Cc1ccccc1-2)C(F)(F)F,0.0,0.0,1.0,,,0.0,0.0,,0.0,0.0,,0.0
MOL_02153,CN(C)C(=O)Nc1cccc(C(F)(F)F)c1,0.0,0.0,0.0,0.0,0.0,0.0,0.0,0.0,0.0,0.0,0.0,0.0
MOL_02154,CS/C(C)=N/OC(=O)N(C)SN(C)C(=O)O/N=C(\C)SC,0.0,0.0,0.0,,0.0,0.0,0.0,,0.0,,0.0,
MOL_02155,CCCCOCCOC(=O)COc1nc(Cl)c(Cl)cc1Cl,0.0,0.0,0.0,0.0,0.0,0.0,0.0,0.0,0.0,0.0,,0.0
MOL_02156,Cc1c(F)c(F)c(COC(=O)C2C(/C=C(\Cl)C(F)(F)F)C2(C)C)c(F)c1F,0.0,0.0,0.0,0.0,0.0,0.0,0.0,0.0,0.0,0.0,,0.0
MOL_02157,C#CCC1=C(C)[C@H](OC(=O)[C@H]2[C@H](C=C(C)C)C2(C)C)CC1=O,0.0,0.0,0.0,,,0.0,,,0.0,,,0.0
MOL_02158,CC(C)(C)c1ccc(CSc2cnn(C(C)(C)C)c(=O)c2Cl)cc1,0.0,,0.0,1.0,,,,1.0,0.0,0.0,1.0,
MOL_02159,CCCCOC(=O)c1ccccc1C(=O)OCC(CC)CCCC,0.0,0.0,0.0,0.0,0.0,0.0,,0.0,0.0,0.0,,
MOL_02160,Cc1c(Cl)cccc1Nc1ccccc1C(=O)O,0.0,,0.0,0.0,0.0,0.0,,1.0,0.0,0.0,1.0,1.0
MOL_02161,CCCCCCCCCCOC(=O)c1ccccc1C(=O)OCCCCCCCCCC,0.0,0.0,0.0,0.0,0.0,0.0,,0.0,0.0,0.0,0.0,0.0
MOL_02162,O=C1NC(=O)C2CC=CCC12,0.0,0.0,0.0,0.0,0.0,0.0,0.0,0.0,0.0,0.0,0.0,0.0
MOL_02163,C[C@H]1c2cccc(O)c2C(=O)C2=C(O)[C@]3(O)C(=O)C(C(N)=O)=C(O)[C@@H](N(C)C)[C@@H]3[C@@H](O)[C@@H]21,0.0,0.0,0.0,0.0,0.0,0.0,0.0,,0.0,0.0,0.0,0.0
MOL_02164,O=C1OC(=O)C2CC=CCC12,0.0,0.0,0.0,0.0,0.0,0.0,0.0,0.0,0.0,0.0,0.0,0.0
MOL_02165,O=C1NC(=O)c2ccccc21,0.0,0.0,0.0,0.0,0.0,0.0,0.0,0.0,0.0,0.0,0.0,0.0
MOL_02166,O=C1OC(=O)C2CCCCC12,0.0,0.0,0.0,0.0,0.0,0.0,0.0,0.0,0.0,0.0,0.0,0.0
MOL_02167,C#CCN1CC(=O)N(COC(=O)[C@@H]2[C@@H](C=C(C)C)C2(C)C)C1=O,0.0,0.0,0.0,0.0,0.0,0.0,0.0,,0.0,,0.0,0.0
MOL_02168,C=CCOC(Cn1ccnc1)c1ccc(Cl)cc1Cl,0.0,,1.0,1.0,,0.0,0.0,,0.0,1.0,,1.0
MOL_02169,COCc1cnc(C2=NC(C)(C(C)C)C(=O)N2)c(C(=O)O)c1,0.0,0.0,0.0,0.0,0.0,0.0,0.0,0.0,0.0,0.0,0.0,0.0
MOL_02170,CC(C)C1(C)N=C(c2ncccc2C(=O)O)NC1=O,0.0,0.0,0.0,0.0,0.0,0.0,0.0,0.0,0.0,0.0,0.0,0.0
MOL_02171,CCBr,0.0,0.0,0.0,0.0,0.0,0.0,0.0,0.0,0.0,0.0,0.0,0.0
MOL_02172,ClC(Cl)Br,,,0.0,0.0,,0.0,0.0,0.0,0.0,0.0,0.0,0.0
MOL_02173,O=[N+]([O-])c1cc(N(CCO)CCO)ccc1NCCO,0.0,0.0,0.0,,0.0,0.0,0.0,0.0,0.0,1.0,1.0,0.0
MOL_02174,O=C1/C(=C2\Nc3ccc(S(=O)(=O)[O-])cc3C2=O)Nc2ccc(S(=O)(=O)[O-])cc21,0.0,0.0,0.0,0.0,0.0,0.0,0.0,0.0,0.0,0.0,0.0,0.0
MOL_02175,CC(C)C[C@H]1C(=O)N2CCC[C@H]2[C@]2(O)O[C@](NC(=O)[C@@H]3C=C4c5cccc6[nH]c(Br)c(c56)C[C@H]4N(C)C3)(C(C)C)C(=O)N12,0.0,0.0,0.0,1.0,0.0,0.0,,1.0,,0.0,1.0,0.0
MOL_02176,OB(O)O,0.0,0.0,0.0,0.0,0.0,0.0,0.0,0.0,0.0,0.0,0.0,0.0
MOL_02177,C[C@@H](O)[C@H]1C(=O)N2C(C(=O)O)=C(SCCNC=N)C[C@H]12,0.0,0.0,0.0,0.0,0.0,0.0,0.0,0.0,0.0,0.0,0.0,0.0
MOL_02178,Nc1ccc(S(=O)(=O)Nc2cnc3ccccc3n2)cc1,1.0,0.0,0.0,0.0,0.0,0.0,0.0,0.0,0.0,0.0,0.0,0.0
MOL_02179,O[C@H]1[C@H](O)[C@@H](O)[C@H](O)[C@@H](O)[C@H]1O,0.0,0.0,0.0,0.0,0.0,0.0,0.0,0.0,0.0,0.0,,0.0
MOL_02180,O=C(O)[C@H](O)[C@@H](O)C(=O)O,0.0,0.0,0.0,0.0,0.0,0.0,0.0,0.0,0.0,0.0,0.0,0.0
MOL_02181,CC1(C)C(/C=C\C=C/C=C\C=C2\N(CCCCS(=O)(=O)[O-])c3ccc4ccccc4c3C2(C)C)=[N+](CCCCS(=O)(=O)[O-])c2ccc3ccccc3c21,0.0,,,0.0,0.0,0.0,0.0,,0.0,,,0.0
MOL_02182,CNC(=O)c1c(I)c(NC(=O)CCCCC(=O)Nc2c(I)c(C(=O)O)c(I)c(C(=O)NC)c2I)c(I)c(C(=O)O)c1I,,,,,,,,0.0,,0.0,,
MOL_02183,CC(=O)N(CC(C)C(=O)O)c1c(I)cc(I)c(N)c1I,0.0,0.0,0.0,0.0,0.0,0.0,0.0,,0.0,,,0.0
MOL_02184,COc1cc([C@@H]2c3cc4c(cc3C(O[C@@H]3O[C@@H]5COC(c6cccs6)O[C@H]5[C@H](O)[C@H]3O)C3COC(=O)[C@@H]32)OCO4)cc(OC)c1O,0.0,,,,,0.0,,,0.0,,,1.0
MOL_02185,CCCC[N+]1(C)CCCCC1.O=S(=O)([N-]S(=O)(=O)C(F)(F)F)C(F)(F)F,0.0,0.0,0.0,,0.0,0.0,0.0,0.0,0.0,0.0,,0.0
MOL_02186,COCC(O)CO,0.0,0.0,0.0,0.0,0.0,0.0,0.0,0.0,0.0,0.0,,0.0
MOL_02187,O=C(Nc1ccc([N+](=O)[O-])cc1)Nc1ccc([N+](=O)[O-])cc1,0.0,0.0,0.0,0.0,1.0,0.0,0.0,1.0,0.0,0.0,1.0,0.0
MOL_02188,CN1C(=O)C[C@@H](C(=O)N[C@@H](Cc2c[nH]cn2)C(=O)N2CCC[C@H]2C(N)=O)NC1=O,0.0,0.0,0.0,0.0,0.0,0.0,0.0,,0.0,,0.0,0.0
MOL_02189,CC(=O)Nc1cc(S(=O)(=O)[O-])cc2cc(S(=O)(=O)[O-])c(N=Nc3ccccc3)c(O)c12,0.0,0.0,0.0,,,0.0,0.0,0.0,0.0,0.0,,0.0
MOL_02190,C[C@@H]1O[C@@H](O[C@H]2C[C@@H](O)[C@]3(CO)[C@H]4[C@H](O)C[C@]5(C)[C@@H](C6=CC(=O)OC6)CC[C@]5(O)[C@@H]4CC[C@]3(O)C2)[C@H](O)[C@H](O)[C@H]1O,0.0,1.0,0.0,1.0,,0.0,,,,0.0,1.0,0.0
MOL_02191,CC(C)OC(=O)CCCCC(=O)OC(C)C,,0.0,,0.0,0.0,0.0,0.0,,0.0,0.0,,0.0
MOL_02192,O=C(O)CC(O)C(=O)O,0.0,0.0,0.0,0.0,0.0,0.0,0.0,0.0,0.0,0.0,0.0,0.0
MOL_02193,C=C(C)C(=O)OCCC[Si](Cl)(Cl)Cl,0.0,0.0,0.0,0.0,0.0,0.0,0.0,0.0,0.0,0.0,,0.0
MOL_02194,CCOP(=O)(SC(C)CC)N1CCSC1=O,0.0,0.0,0.0,0.0,0.0,0.0,0.0,0.0,0.0,0.0,0.0,0.0
MOL_02195,COC(=O)c1ccccc1S(=O)(=O)NC(=O)Nc1nc(C)cc(C)n1,0.0,0.0,0.0,0.0,0.0,0.0,0.0,0.0,0.0,0.0,0.0,0.0
MOL_02196,Cn1c(=O)c2[nH]c(Br)nc2n(C)c1=O,0.0,0.0,0.0,0.0,0.0,0.0,0.0,0.0,0.0,0.0,0.0,0.0
MOL_02197,COc1cccc2c1C(=O)c1c(O)c3c(c(O)c1C2=O)C[C@@](O)(C(=O)CO)C[C@@H]3O[C@H]1C[C@H](N)[C@H](O)[C@H](C)O1,0.0,1.0,0.0,1.0,0.0,1.0,0.0,1.0,1.0,0.0,1.0,1.0
MOL_02198,CC(C=O)Cc1ccc(C(C)C)cc1,0.0,0.0,0.0,0.0,0.0,0.0,0.0,0.0,0.0,0.0,0.0,0.0
MOL_02199,O=C(CCl)Nc1ccccc1,0.0,0.0,0.0,,,0.0,,1.0,,1.0,0.0,0.0
MOL_02200,COc1ccc(OC)c(Cl)c1,0.0,0.0,0.0,0.0,0.0,0.0,0.0,0.0,0.0,0.0,0.0,0.0
MOL_02201,CCCCC(CC)(CO)CO,0.0,0.0,0.0,0.0,0.0,0.0,0.0,0.0,0.0,0.0,0.0,0.0
MOL_02202,Cc1cc(O)c(Cl)cc1C,0.0,0.0,0.0,0.0,0.0,0.0,0.0,0.0,0.0,0.0,,0.0
MOL_02203,NC(=O)c1ccc([N+](=O)[O-])cc1Cl,0.0,0.0,0.0,0.0,0.0,0.0,0.0,0.0,0.0,0.0,0.0,0.0
MOL_02204,CC1=CCC2C(C1)C2(C)C,0.0,0.0,0.0,,0.0,0.0,0.0,,0.0,,,0.0
MOL_02205,O=C1CC2CC1C1CCCC21,1.0,0.0,0.0,0.0,,0.0,0.0,0.0,0.0,0.0,0.0,0.0
MOL_02206,Nc1cccnc1,0.0,0.0,0.0,0.0,0.0,0.0,0.0,0.0,0.0,0.0,0.0,0.0
MOL_02207,CC(C)OCCO,0.0,0.0,0.0,0.0,0.0,0.0,0.0,0.0,0.0,0.0,0.0,0.0
MOL_02208,CCc1nccnc1C,1.0,,0.0,,0.0,0.0,0.0,0.0,0.0,0.0,0.0,0.0
MOL_02209,CC(C)c1ccc2ncccc2c1,0.0,0.0,0.0,0.0,0.0,0.0,0.0,,0.0,0.0,,0.0
MOL_02210,Cc1cccc(C(C)(C)C)c1O,0.0,0.0,,,0.0,0.0,0.0,0.0,0.0,0.0,0.0,0.0
MOL_02211,CN(C)CCCN(C)C,0.0,0.0,0.0,0.0,0.0,0.0,0.0,0.0,0.0,0.0,,0.0
MOL_02212,Cc1[nH]cnc1-c1ccc(Cl)cc1,,,,,,,,0.0,,0.0,,
MOL_02213,O=C(OCCN1CCOCC1)c1cccnc1Nc1cccc(C(F)(F)F)c1,,,,,,,,1.0,,0.0,,
MOL_02214,O=[N+]([O-])c1cncn1CCN1CCOCC1,,,,,,,,0.0,,0.0,,
MOL_02215,Cn1c(=O)c2c(ncn2CC(=O)O)n(C)c1=O,,,,,,,,0.0,,0.0,,
MOL_02216,CCOC(=O)C(=O)CCc1ccccc1,,,,,,,,0.0,,0.0,,
MOL_02217,CCOC(=O)C(=O)c1csc(NC=O)n1,,,,,,,,0.0,,0.0,,
MOL_02218,CO/N=C(\C(=O)O)c1csc(NC(=O)CCl)n1,,,,,,,,1.0,,0.0,,
MOL_02219,CCN1CCCC1CNC(=O)C(O)(c1ccccc1)c1ccccc1,,,,,,,,0.0,,0.0,,
MOL_02220,CCN(CC)CC(=O)Oc1ccc(NC(C)=O)cc1,,,,,,,,0.0,,0.0,,
MOL_02221,CC(C)CCO,0.0,0.0,0.0,0.0,0.0,0.0,0.0,0.0,0.0,0.0,0.0,0.0
MOL_02222,C=C(C)C(=O)OCC(C)C,0.0,0.0,0.0,0.0,0.0,0.0,0.0,0.0,0.0,0.0,0.0,0.0
MOL_02223,C=C(C)C(=O)OCCCCCCCC(C)C,0.0,0.0,0.0,0.0,0.0,0.0,0.0,0.0,0.0,0.0,,0.0
MOL_02224,CC(C)CCCCCCCOP(=O)(Oc1ccccc1)Oc1ccccc1,0.0,0.0,,0.0,0.0,0.0,0.0,,0.0,0.0,,0.0
MOL_02225,O=C=NC1CCCCC1,0.0,0.0,,,1.0,0.0,0.0,0.0,0.0,0.0,,0.0
MOL_02226,COS(=O)(=O)[O-].C[N+]1(C)CCC(=C(c2ccccc2)c2ccccc2)CC1,0.0,0.0,0.0,0.0,0.0,0.0,0.0,0.0,0.0,0.0,0.0,0.0
MOL_02227,CC(=O)c1cccc([N+](=O)[O-])c1,0.0,0.0,,0.0,0.0,0.0,0.0,0.0,0.0,0.0,0.0,0.0
MOL_02228,CC(=O)c1ccccc1[N+](=O)[O-],0.0,0.0,,0.0,0.0,0.0,0.0,0.0,0.0,0.0,0.0,0.0
MOL_02229,CC(=O)c1ccc([N+](=O)[O-])cc1,0.0,0.0,0.0,0.0,0.0,0.0,0.0,0.0,0.0,0.0,0.0,0.0
MOL_02230,Nc1cccc([N+](=O)[O-])c1,0.0,0.0,0.0,0.0,0.0,0.0,0.0,0.0,0.0,0.0,0.0,0.0
MOL_02231,Nc1ccccc1[N+](=O)[O-],0.0,0.0,0.0,0.0,0.0,0.0,0.0,0.0,0.0,0.0,,0.0
MOL_02232,CC(C)(C)NCC(O)CSc1nc(-c2ccc(C(N)=O)s2)cs1,0.0,0.0,,,0.0,0.0,0.0,,0.0,,1.0,0.0
MOL_02233,Cc1cc(O)c2c(c1)O[C@@]1(C)CC[C@H]3C(C)(C)CCCC34CO[C@@H]2[C@H]41,0.0,0.0,0.0,,,0.0,,,0.0,,,
MOL_02234,COc1nc(N)nc2c1ncn2[C@@H]1O[C@H](CO)[C@@H](O)[C@@H]1O,0.0,0.0,,,0.0,0.0,0.0,0.0,0.0,0.0,,0.0
MOL_02235,COc1ccc2c(=O)c(C)c(-c3ccccc3)oc2c1CN(C)C,0.0,0.0,1.0,1.0,0.0,0.0,0.0,,0.0,,0.0,0.0
MOL_02236,CC(=O)CCl,0.0,0.0,0.0,0.0,0.0,0.0,0.0,0.0,0.0,0.0,0.0,0.0
MOL_02237,CCCOC(C(=O)OC1CCN(C)CC1)(c1ccccc1)c1ccccc1,0.0,0.0,0.0,0.0,0.0,0.0,,0.0,0.0,0.0,,0.0
MOL_02238,COC(=O)[C@H]1[C@H]2C[C@@H]3c4[nH]c5cc(OC)ccc5c4CCN3C[C@H]2C[C@H](OC)[C@@H]1OC,0.0,0.0,0.0,0.0,0.0,0.0,0.0,,0.0,,0.0,0.0
MOL_02239,CC(CN1c2ccccc2Sc2cccnc21)N(C)C,0.0,0.0,0.0,,0.0,,0.0,,0.0,,,
MOL_02240,COc1ccc2c(c1)OC(C)(C)[C@@H](c1ccccc1)[C@@H]2c1ccc(OCCN2CCCC2)cc1,0.0,,0.0,,0.0,,,,,,,
MOL_02241,C=C(C)c1ccccc1,0.0,0.0,0.0,0.0,0.0,0.0,0.0,0.0,0.0,0.0,0.0,0.0
MOL_02242,O=C(Cl)c1c(Cl)cccc1Cl,0.0,0.0,0.0,0.0,0.0,0.0,0.0,0.0,0.0,0.0,0.0,0.0
MOL_02243,CCCCCCCCCCCCN1CCOCC1,0.0,0.0,0.0,0.0,0.0,0.0,0.0,,0.0,0.0,,0.0
MOL_02244,C1CN(CCOCCN2CCOCC2)CCO1,0.0,0.0,0.0,0.0,0.0,0.0,0.0,0.0,0.0,0.0,0.0,0.0
MOL_02245,COc1ccc(C=O)cc1OC,0.0,0.0,0.0,0.0,1.0,0.0,0.0,0.0,0.0,0.0,0.0,0.0
MOL_02246,CCCCCCC(=O)OCC,0.0,0.0,0.0,0.0,,0.0,0.0,0.0,0.0,0.0,,0.0
MOL_02247,CCCC(=O)OCC,0.0,0.0,0.0,0.0,0.0,0.0,0.0,,0.0,0.0,0.0,0.0
MOL_02248,CCOC(=O)CC,0.0,0.0,0.0,0.0,0.0,0.0,0.0,0.0,0.0,0.0,0.0,0.0
MOL_02249,Sc1nnc(S)s1,0.0,0.0,1.0,0.0,0.0,0.0,0.0,,0.0,0.0,0.0,0.0
MOL_02250,C=CC(=O)NC(C)(C)C,0.0,0.0,0.0,0.0,0.0,0.0,0.0,0.0,0.0,0.0,0.0,0.0
MOL_02251,[Cu+2],0.0,,0.0,0.0,,0.0,0.0,,0.0,1.0,,0.0
MOL_02252,COc1ccc(Nc2ccc(OC)cc2)cc1,0.0,0.0,,,1.0,0.0,0.0,0.0,1.0,0.0,,
MOL_02253,CCOP(=S)(OCC)O/N=C(\C#N)c1ccccc1,0.0,0.0,1.0,0.0,1.0,0.0,0.0,0.0,0.0,0.0,,0.0
MOL_02254,COC(=O)CCCCC(=O)OC,0.0,0.0,0.0,0.0,0.0,0.0,0.0,0.0,0.0,0.0,0.0,0.0
MOL_02255,COCCOC(=O)c1ccccc1C(=O)OCCOC,0.0,0.0,0.0,0.0,0.0,0.0,0.0,0.0,0.0,0.0,0.0,0.0
MOL_02256,COc1cc(CCN)c(OC)cc1Br,0.0,0.0,,,0.0,0.0,0.0,,0.0,,,0.0
MOL_02257,COc1cc(C[C@@H](C)N)c(OC)cc1Br,0.0,0.0,0.0,1.0,0.0,0.0,,,0.0,0.0,,0.0
MOL_02258,Cc1nc2ccccc2c(=O)n1-c1ccccc1Cl,0.0,0.0,,0.0,1.0,0.0,0.0,,0.0,0.0,,0.0
MOL_02259,C=CCC1([C@@H](C)CCC)C(=O)NC(=O)NC1=O,0.0,0.0,0.0,0.0,0.0,0.0,0.0,,0.0,,0.0,0.0
MOL_02260,CC[C@H]1C[C@@H]2C[C@H]3c4[nH]c5ccc(OC)cc5c4CCN(C2)[C@@H]13,0.0,0.0,,0.0,0.0,0.0,0.0,0.0,0.0,1.0,0.0,0.0
MOL_02261,CCC(N)Cc1c[nH]c2ccccc12,0.0,0.0,1.0,0.0,0.0,0.0,0.0,,0.0,,,0.0
MOL_02262,COc1cc(CCN)cc(OC)c1OC,0.0,0.0,0.0,1.0,0.0,0.0,0.0,0.0,0.0,0.0,0.0,0.0
MOL_02263,CCCSc1cc(OC)c(CCN)cc1OC,0.0,,1.0,,,0.0,,,1.0,,,1.0
MOL_02264,COc1cc(C[C@H](C)N)c(OC)cc1Br,0.0,0.0,0.0,0.0,0.0,0.0,,,0.0,,,0.0
MOL_02265,COc1cc(CC(C)C)cc(OC)c1OC,0.0,0.0,0.0,0.0,0.0,0.0,,0.0,0.0,0.0,0.0,0.0
MOL_02266,CCCN(CCC)c1c([N+](=O)[O-])cc(C(F)(F)F)cc1[N+](=O)[O-],0.0,0.0,0.0,0.0,0.0,0.0,0.0,0.0,0.0,0.0,1.0,0.0
MOL_02267,CC1=C(C)C(=O)C(C(CCCCCC(=O)O)c2ccccc2)=C(C)C1=O,,,,,,,,1.0,,0.0,,
MOL_02268,CN1C(=O)OC(C)(C)C1=O,0.0,0.0,0.0,0.0,0.0,0.0,0.0,0.0,0.0,0.0,0.0,0.0
MOL_02269,Cc1ccc(OP(=O)(Oc2ccc(C)cc2)Oc2ccc(C)cc2)cc1,0.0,0.0,1.0,0.0,0.0,0.0,0.0,0.0,0.0,0.0,1.0,0.0
MOL_02270,ClCC(Cl)CCl,0.0,0.0,0.0,0.0,1.0,0.0,0.0,0.0,0.0,0.0,0.0,0.0
MOL_02271,OCCOCCOCCO,0.0,0.0,0.0,0.0,0.0,0.0,0.0,0.0,0.0,0.0,0.0,0.0
MOL_02272,OCCN(CCO)CCO,0.0,0.0,0.0,0.0,0.0,0.0,0.0,0.0,0.0,0.0,0.0,0.0
MOL_02273,CC(C)NCC(O)c1ccc(O)c(O)c1,0.0,0.0,1.0,0.0,0.0,0.0,0.0,0.0,0.0,0.0,0.0,0.0
MOL_02274,Cc1cc(C)c(N)cc1C,0.0,0.0,0.0,0.0,0.0,0.0,0.0,0.0,0.0,0.0,0.0,0.0
MOL_02275,CC1(C)CCC(Cc2ccc(Cl)cc2)C1(O)Cn1cncn1,0.0,0.0,,,,0.0,,1.0,0.0,0.0,1.0,
MOL_02276,N#CN,0.0,0.0,0.0,0.0,0.0,0.0,0.0,0.0,0.0,0.0,0.0,0.0
MOL_02277,O=c1[nH]sc2ccccc12,0.0,,,,0.0,0.0,,,0.0,1.0,1.0,
MOL_02278,CN1C(C(=O)Nc2ccccn2)=C(O)c2ccccc2S1(=O)=O,0.0,0.0,1.0,0.0,0.0,0.0,0.0,0.0,0.0,0.0,1.0,0.0
MOL_02279,CC(=O)Nc1ccccc1C,0.0,0.0,0.0,0.0,0.0,0.0,0.0,0.0,0.0,0.0,0.0,0.0
MOL_02280,CC(=O)Nc1cccc(C)c1,0.0,0.0,0.0,0.0,0.0,0.0,0.0,0.0,0.0,0.0,0.0,0.0
MOL_02281,CCCCCCCC/C=C/CCCCCCCC(=O)OCCOCC(OCCO)C1OC(OCCO)CC1OCCO,0.0,0.0,0.0,,0.0,0.0,0.0,0.0,0.0,0.0,,0.0
MOL_02282,Brc1cc(-c2ccc(Br)c(Br)c2Br)cc(Br)c1Br,0.0,0.0,1.0,0.0,0.0,0.0,0.0,0.0,0.0,0.0,,0.0
MOL_02283,CC(=O)Nc1ccc(OCC(O)CNC(C)C)cc1,0.0,0.0,0.0,0.0,0.0,0.0,0.0,0.0,0.0,,0.0,0.0
MOL_02284,COc1ccc(-c2ccccc2)cc1NNC(=O)OC(C)C,0.0,0.0,1.0,0.0,,0.0,,1.0,,0.0,,0.0
MOL_02285,C=CCCCCCCC=C,0.0,0.0,0.0,,0.0,0.0,0.0,0.0,0.0,1.0,0.0,0.0
MOL_02286,CCCC[Sn](CCCC)(CCCC)CCCC,0.0,,,0.0,,0.0,1.0,1.0,0.0,1.0,1.0,
MOL_02287,CC(C)(O)C(=O)Nc1ccc([N+](=O)[O-])c(C(F)(F)F)c1,1.0,0.0,0.0,0.0,,0.0,0.0,1.0,0.0,0.0,1.0,
MOL_02288,CC1=C2[C@H](/C=C(\C)C(=O)O)CC[C@@H](C)[C@H]2[C@H](O)C1,0.0,0.0,0.0,0.0,0.0,0.0,0.0,0.0,0.0,0.0,0.0,0.0
MOL_02289,Cl[In](Cl)Cl,0.0,0.0,0.0,0.0,1.0,0.0,0.0,1.0,0.0,0.0,0.0,0.0
MOL_02290,O=CO[AlH3](OC=O)OC=O,0.0,0.0,0.0,0.0,0.0,0.0,0.0,0.0,0.0,0.0,,0.0
MOL_02291,CCCCOC(=O)CO,0.0,0.0,0.0,0.0,0.0,0.0,0.0,0.0,0.0,0.0,0.0,0.0
MOL_02292,CCCC(=O)[O-],0.0,0.0,0.0,0.0,0.0,0.0,0.0,,0.0,,0.0,0.0
MOL_02293,CN(C1CCCCC1)C1CCCCC1,0.0,0.0,0.0,0.0,0.0,0.0,0.0,0.0,0.0,0.0,0.0,0.0
MOL_02294,Cc1ccnc(N)c1,0.0,0.0,0.0,0.0,0.0,0.0,0.0,0.0,0.0,0.0,0.0,0.0
MOL_02295,CN(C)C(C)(C)CO,0.0,0.0,0.0,0.0,1.0,0.0,0.0,0.0,0.0,0.0,0.0,0.0
MOL_02296,CC(=O)CC(=O)Nc1ccc(S(=O)(=O)[O-])cc1,0.0,0.0,0.0,0.0,0.0,0.0,0.0,0.0,0.0,0.0,,0.0
MOL_02297,CC(=O)O[AlH3](O)O,0.0,0.0,0.0,0.0,0.0,0.0,0.0,0.0,0.0,0.0,0.0,0.0
MOL_02298,[As]#[In],0.0,0.0,0.0,0.0,,0.0,0.0,0.0,0.0,0.0,0.0,0.0
MOL_02299,CC1(C)CC(N=C=O)CC(C)(CN=C=O)C1,0.0,0.0,0.0,0.0,0.0,0.0,0.0,0.0,0.0,0.0,0.0,0.0
MOL_02300,CN(C)CCCO[C@H]1[C@@H](C(O)CO)O[C@@H]2OC(C)(C)O[C@H]12,0.0,0.0,,0.0,0.0,0.0,0.0,0.0,0.0,0.0,0.0,0.0
MOL_02301,CCN(CC)CCOC(=O)C(c1ccccc1)c1ccccc1,0.0,0.0,0.0,0.0,0.0,0.0,0.0,0.0,0.0,0.0,,0.0
MOL_02302,COS(=O)(=O)[O-],0.0,0.0,0.0,0.0,0.0,0.0,0.0,0.0,0.0,0.0,0.0,0.0
MOL_02303,CN(Cc1cc(Br)cc(Br)c1N)C1CCCCC1,0.0,0.0,,0.0,,0.0,0.0,0.0,0.0,0.0,,
MOL_02304,CCCCC(CC)COC(=O)/C=C/c1ccc(OC)cc1,0.0,0.0,0.0,0.0,0.0,0.0,0.0,0.0,0.0,0.0,0.0,0.0
MOL_02305,COCCOC(=O)CC#N,0.0,0.0,0.0,0.0,0.0,0.0,0.0,0.0,0.0,0.0,0.0,0.0
MOL_02306,CCCC(=O)OC(C)(C)Cc1ccccc1,0.0,0.0,0.0,0.0,0.0,0.0,0.0,0.0,0.0,0.0,,0.0
MOL_02307,COC(C)=O,0.0,0.0,0.0,0.0,0.0,0.0,0.0,0.0,0.0,0.0,0.0,0.0
MOL_02308,ClC1=C(Cl)C2(Cl)C3C(Cl)C(Cl)CC3C1(Cl)C2(Cl)Cl,0.0,,0.0,,,1.0,,,0.0,,1.0,
MOL_02309,N#CCCN(CCO)CCO,0.0,0.0,0.0,0.0,0.0,0.0,0.0,,0.0,0.0,0.0,0.0
MOL_02310,CN1CCN(C(c2ccccc2)c2ccc(Cl)cc2)CC1,0.0,0.0,0.0,0.0,0.0,0.0,0.0,,0.0,,,0.0
MOL_02311,OCC1CC=CCC1,0.0,0.0,,,0.0,0.0,0.0,0.0,0.0,0.0,0.0,0.0
MOL_02312,COC(=O)C1=C(C)NC(C)=C(C(=O)O[C@H]2CCN(Cc3ccccc3)C2)[C@H]1c1cccc([N+](=O)[O-])c1,0.0,0.0,0.0,,0.0,0.0,,,0.0,,1.0,
MOL_02313,C[N+]1(CCF)[C@H]2CC[C@@H]1C[C@H](OC(=O)C(O)(c1ccccc1)c1ccccc1)C2,,,,,,,,0.0,,0.0,,
MOL_02314,COC[C@H](c1ccc(C(F)(F)F)cc1)N1CCN(C2(C)CCN(C(=O)c3c(C)ncnc3C)CC2)C[C@H]1C,0.0,0.0,0.0,0.0,0.0,0.0,0.0,,0.0,0.0,0.0,0.0
MOL_02315,C[C@@H]1C[C@H]2[C@@H]3CCC4=CC(=O)C=C[C@]4(C)[C@@]3(F)[C@@H](O)C[C@]2(C)[C@@]1(O)C(=O)CO,1.0,1.0,,,0.0,0.0,0.0,0.0,0.0,0.0,0.0,0.0
MOL_02316,Cc1c(-c2ccc(O)cc2)n(Cc2ccc(OCCN3CCCCCC3)cc2)c2ccc(O)cc12,0.0,0.0,0.0,1.0,,,0.0,0.0,0.0,,1.0,0.0
MOL_02317,COC(=O)[C@H]1[C@H]2C[C@@H]3c4[nH]c5ccccc5c4CCN3C[C@H]2C[C@@H](OC(=O)c2cc(OC)c(OC)c(OC)c2)[C@@H]1OC,0.0,,1.0,,0.0,0.0,,,0.0,,1.0,0.0
MOL_02318,CC(=O)O[C@H]1CC[C@@]2(C)C(=CC[C@H]3[C@@H]4CCC(=O)[C@@]4(C)CC[C@@H]32)C1,0.0,0.0,0.0,,1.0,1.0,0.0,,0.0,0.0,1.0,0.0
MOL_02319,CC1(C)[C@@H](C=C(Br)Br)[C@H]1C(=O)O[C@H](C#N)c1cccc(Oc2ccccc2)c1,0.0,0.0,0.0,0.0,0.0,0.0,,0.0,0.0,,1.0,
MOL_02320,N#CCCCC(C#N)CCC#N,0.0,0.0,0.0,0.0,,0.0,0.0,,0.0,0.0,0.0,0.0
MOL_02321,CC1=CC=C(C(C)C)CC1,0.0,0.0,0.0,0.0,0.0,0.0,0.0,0.0,0.0,0.0,,0.0
MOL_02322,COc1nc(C)nc(N)n1,0.0,0.0,0.0,0.0,,0.0,0.0,0.0,0.0,0.0,,0.0
MOL_02323,CC(C)c1cc(C(C)C)cc(C(C)C)c1,0.0,0.0,0.0,0.0,0.0,0.0,0.0,0.0,0.0,0.0,0.0,0.0
MOL_02324,NCC1CCCC(CN)C1,0.0,0.0,0.0,0.0,0.0,0.0,0.0,0.0,0.0,0.0,0.0,0.0
MOL_02325,O=C(Nc1ccccc1)Nc1ccnc(Cl)c1,0.0,,1.0,,,0.0,,1.0,0.0,0.0,1.0,
MOL_02326,CC(O)CC(C)O,0.0,0.0,0.0,0.0,0.0,0.0,0.0,0.0,0.0,0.0,0.0,0.0
MOL_02327,c1ccc(OCCOc2ccccc2)cc1,0.0,0.0,1.0,0.0,1.0,0.0,0.0,0.0,0.0,0.0,1.0,0.0
MOL_02328,Cc1ccc(S(=O)(=O)O)cc1,0.0,0.0,0.0,0.0,,,0.0,0.0,0.0,0.0,0.0,0.0
MOL_02329,CN(C)C(=O)CCSC(SCCC(=O)[O-])c1cccc(/C=C/c2ccc3ccc(Cl)cc3n2)c1,0.0,,1.0,,1.0,0.0,,,1.0,,,
MOL_02330,CCCNC(C)C(=O)Nc1ccccc1C,0.0,0.0,0.0,0.0,0.0,0.0,0.0,0.0,0.0,0.0,0.0,0.0
MOL_02331,FCOC(C(F)(F)F)C(F)(F)F,0.0,0.0,0.0,0.0,0.0,0.0,0.0,,0.0,,0.0,0.0
MOL_02332,COS(=O)(=O)[O-].C[N+]1(C)CCCCC1COC(=O)C(O)(c1ccccc1)c1ccccc1,0.0,0.0,0.0,0.0,0.0,0.0,0.0,,0.0,,,0.0
MOL_02333,FC(F)(F)C(F)(F)C(F)(F)C(F)(F)C(F)(F)F,0.0,0.0,0.0,0.0,0.0,0.0,0.0,,0.0,,0.0,0.0
MOL_02334,O=C1c2cccc3c2[C@H](CCC3)CN1[C@@H]1CN2CCC1CC2,0.0,0.0,,0.0,0.0,0.0,0.0,0.0,0.0,0.0,0.0,0.0
MOL_02335,C=CCNC1=C2C[C@@H](C)C[C@H](OC)[C@H](O)[C@@H](C)C=C(C)[C@H](OC(N)=O)[C@@H](OC)C=CC=C(C)C(=O)NC(=CC1=O)C2=O,0.0,0.0,0.0,0.0,,0.0,0.0,,0.0,,,1.0
MOL_02336,CN1CCC[C@@H]1c1cccnc1,,,,,,,,0.0,,0.0,,
MOL_02337,Clc1ccc(C(Cn2ccnc2)OCc2ccsc2Cl)c(Cl)c1,0.0,,0.0,1.0,,,0.0,,0.0,1.0,,
MOL_02338,c1ccc2c(c1)ccc1ccccc12,0.0,0.0,0.0,0.0,0.0,0.0,0.0,0.0,0.0,0.0,0.0,0.0
MOL_02339,CCCC1CCCCN1,,,,,,,,0.0,,0.0,,
MOL_02340,CCOP(=S)(OCC)SCn1c(=O)oc2cc(Cl)ccc21,0.0,0.0,1.0,1.0,0.0,0.0,0.0,1.0,0.0,1.0,,0.0
MOL_02341,CCCCC/C=C\C/C=C\CCCCCCCC(=O)OCC,0.0,0.0,0.0,0.0,0.0,0.0,0.0,,0.0,1.0,0.0,0.0
MOL_02342,COC(=O)c1nc(Cl)c(Cl)nc1N,,,,,,,,1.0,,1.0,,
MOL_02343,CC(=O)OCC[N+](C)(C)C,,,,,,,,0.0,,0.0,,
MOL_02344,CC1=C2[C@H](/C=C(\C)C(=O)O)CC[C@@H](C)[C@H]2CC1,0.0,0.0,0.0,0.0,,0.0,,1.0,0.0,1.0,,0.0
MOL_02345,O=C([O-])CCCc1ccccc1,,,,,,,,0.0,,0.0,,
MOL_02346,C=C[Si](OC(C)=O)(OC(C)=O)OC(C)=O,0.0,0.0,0.0,0.0,0.0,0.0,0.0,,0.0,1.0,0.0,0.0
MOL_02347,C#C[C@]1(O)C=C[C@H]2[C@@H]3CCC4=CC(=O)CC[C@@H]4[C@H]3CC[C@@]21CC,1.0,1.0,0.0,,1.0,1.0,0.0,,0.0,0.0,,0.0
MOL_02348,CC(=C\c1ccccc1)/C=C1/SC(=S)N(CC(=O)O)C1=O,0.0,0.0,0.0,,0.0,0.0,,,1.0,,0.0,0.0
MOL_02349,CC(C)(C)c1ccc(C(=O)CCCN2CCC(OC(c3ccccc3)c3ccccc3)CC2)cc1,0.0,0.0,,0.0,,0.0,0.0,,0.0,,,
MOL_02350,COc1cccc(N(C)C(=S)Oc2ccc3c(c2)CCCC3)n1,1.0,0.0,0.0,,,0.0,0.0,1.0,0.0,0.0,,0.0
MOL_02351,CC(CCc1ccc(O)cc1)NCC(O)c1ccc(O)cc1,0.0,0.0,0.0,0.0,0.0,0.0,0.0,,0.0,,0.0,0.0
MOL_02352,O=C([O-])c1ccc(NC(=O)[C@H](Cc2ccc(O)cc2)NC(=O)c2ccccc2)cc1,0.0,0.0,0.0,0.0,0.0,0.0,0.0,,0.0,,0.0,0.0
MOL_02353,CCOC(=O)OC(C)OC1=C(C(=O)Nc2ccccn2)N(C)S(=O)(=O)c2ccccc21,,,,,,,,0.0,,0.0,,
MOL_02354,COc1cc(C(=O)N2CCCCCCC2)cc(OC)c1OC,0.0,0.0,0.0,0.0,0.0,0.0,0.0,0.0,0.0,0.0,,0.0
MOL_02355,CO[C@H]1C[C@H](O[C@H]2[C@H](C)O[C@@H](O[C@@H]3C(C)=CC[C@@H]4C[C@@H](C[C@]5(C=C[C@H](C)[C@@H](C6CCCCC6)O5)O4)OC(=O)[C@@H]4C=C(C)[C@@H](O)[C@H]5OCC(=CC=C[C@@H]3C)[C@@]45O)C[C@@H]2OC)O[C@@H](C)[C@@H]1O,0.0,0.0,0.0,0.0,,0.0,,,,,1.0,
MOL_02356,CN1C(=O)N(C)C(O)C1O,0.0,0.0,0.0,0.0,0.0,0.0,0.0,0.0,0.0,0.0,0.0,0.0
MOL_02357,CC(C)c1ccc(S(=O)(=O)O)cc1,0.0,0.0,0.0,0.0,0.0,0.0,0.0,0.0,0.0,0.0,0.0,0.0
MOL_02358,CC(C)(c1ccc(OCC2CO2)cc1)c1ccc(OCC2CO2)cc1,0.0,0.0,0.0,1.0,0.0,0.0,,0.0,0.0,1.0,,0.0
MOL_02359,c1ccc(SCCSc2ccccc2)cc1,0.0,0.0,,,1.0,0.0,0.0,0.0,0.0,0.0,,0.0
MOL_02360,COCCOCCOC,0.0,0.0,0.0,0.0,0.0,0.0,0.0,0.0,0.0,0.0,0.0,0.0
MOL_02361,CCCCNC(=O)OCC#CI,0.0,0.0,0.0,,,0.0,0.0,,1.0,0.0,1.0,1.0
MOL_02362,O=C(O)C1=NN(c2ccc(S(=O)(=O)O)cc2)C(=O)C1,0.0,0.0,0.0,0.0,0.0,0.0,0.0,0.0,0.0,0.0,0.0,0.0
MOL_02363,NC(=O)NNC(N)=O,0.0,,0.0,0.0,0.0,0.0,0.0,0.0,0.0,0.0,,0.0
MOL_02364,COC(=O)/C=C/C=C(C)/C=C/C=C(C)/C=C/C=C(C)/C=C/C=C(C)\C=C/C(=O)O,0.0,0.0,0.0,,,0.0,0.0,1.0,0.0,0.0,0.0,0.0
MOL_02365,COc1ccc(Cl)cc1C(=O)NCCc1ccc(S(N)(=O)=O)cc1,,,,,,,,0.0,,0.0,,
MOL_02366,Cc1cn([C@@H]2O[C@H](CO)[C@@H](O)[C@@H]2F)c(=O)[nH]c1=O,,,,,,,,0.0,,0.0,,
MOL_02367,CCC(CC)(CNC(=O)CCCO)c1cccc(OC)c1,,,,,,,,0.0,,0.0,,
MOL_02368,COc1ccnc2c1CCCCC2S(=O)c1nc2ccccc2[nH]1,,,,,,,,1.0,,0.0,,
MOL_02369,CCn1c(=O)c2c(nc(/C=C/c3ccc(OC)c(OC)c3)n2C)n(CC)c1=O,,,,,,,,0.0,,0.0,,
MOL_02370,CCCc1ccc(OCC(=O)N2CCN(C(=O)COc3ccc(CCC)cc3OC)CC2)c(OC)c1,,,,,,,,1.0,,0.0,,
MOL_02371,CC(C)(C)c1cc(C=O)cc(C(C)(C)C)c1O,,,,,,,,0.0,,0.0,,
MOL_02372,CCC(=O)N(c1ccccc1)C1CCNCC1,,,,,,,,0.0,,0.0,,
MOL_02373,O=C(CBr)Nc1ccc(Cl)cc1C(=O)c1ccccc1F,,,,,,,,,,0.0,,
MOL_02374,O=C1C=CC(=O)N1c1ccccc1,0.0,,0.0,,,,,,,1.0,,
MOL_02375,CCOC(=O)NC(C)(C)Cc1ccc(Cl)cc1,0.0,0.0,0.0,0.0,0.0,0.0,0.0,0.0,0.0,0.0,0.0,0.0
MOL_02376,C=C(c1ccc(C(=O)O)cc1)c1cc2c(cc1C)C(C)(C)CCC2(C)C,0.0,0.0,0.0,0.0,0.0,,,,0.0,1.0,1.0,
MOL_02377,CC(=O)C(=O)[O-],0.0,0.0,0.0,0.0,0.0,0.0,0.0,0.0,0.0,0.0,0.0,0.0
MOL_02378,COc1cc(S(C)=O)ccc1-c1nc2ncccc2[nH]1,0.0,0.0,,0.0,0.0,0.0,0.0,,0.0,,0.0,0.0
MOL_02379,COCCCCCCCCOCCC[Si](C)(O[Si](C)(C)C)O[Si](C)(C)C,0.0,,0.0,,,,0.0,1.0,0.0,,1.0,0.0
MOL_02380,CC(=O)OC1C2(C)CCC(C2)C1(C)C,0.0,0.0,0.0,0.0,0.0,0.0,0.0,0.0,0.0,0.0,0.0,0.0
MOL_02381,O=S(=O)([O-])[O-].[Li+].[Li+],0.0,0.0,0.0,0.0,0.0,0.0,0.0,0.0,0.0,0.0,0.0,0.0
MOL_02382,O=Cc1c2ccccc2c(Cl)c2ccccc12,0.0,1.0,0.0,0.0,0.0,1.0,,1.0,0.0,1.0,1.0,0.0
MOL_02383,CCCCCBr,0.0,0.0,0.0,0.0,0.0,0.0,0.0,0.0,0.0,0.0,0.0,0.0
MOL_02384,CCCC[n+]1ccc(C)cc1,0.0,0.0,1.0,0.0,1.0,1.0,0.0,1.0,0.0,0.0,1.0,0.0
MOL_02385,CC[N+]1(C)CCCC1.F[B-](F)(F)F,0.0,0.0,0.0,0.0,0.0,0.0,0.0,,0.0,0.0,0.0,0.0
MOL_02386,Cc1[nH]nc2c1N=C(c1ccccc1Cl)c1cc([N+](=O)[O-])ccc1N2,0.0,0.0,1.0,1.0,,1.0,,1.0,1.0,,,1.0
MOL_02387,COC(=O)Nc1nc2cc(S(=O)c3ccccc3)ccc2[nH]1,0.0,0.0,1.0,0.0,0.0,0.0,0.0,0.0,0.0,0.0,0.0,1.0
MOL_02388,CC1CCC(=O)C1=O,0.0,0.0,0.0,0.0,0.0,0.0,0.0,0.0,0.0,0.0,0.0,0.0
MOL_02389,CCN1C(=O)c2ccccc2C1Nc1ccc(OCCN2CCCCC2)cc1,0.0,0.0,0.0,0.0,0.0,0.0,0.0,0.0,0.0,0.0,0.0,0.0
MOL_02390,O=C1CCCCCCCCCCOCCCCO1,0.0,0.0,0.0,1.0,0.0,0.0,0.0,0.0,0.0,0.0,0.0,0.0
MOL_02391,CSSc1ccoc1C,0.0,0.0,0.0,0.0,0.0,0.0,0.0,0.0,0.0,0.0,0.0,0.0
MOL_02392,Cc1occc(=O)c1OC(=O)C(C)C,0.0,0.0,0.0,0.0,0.0,0.0,0.0,0.0,0.0,0.0,0.0,0.0
MOL_02393,CCCc1ccccc1O,0.0,0.0,0.0,,0.0,0.0,0.0,,0.0,0.0,1.0,0.0
MOL_02394,CCC(=O)OCc1ccc(OC)cc1,0.0,0.0,0.0,0.0,0.0,0.0,0.0,0.0,0.0,0.0,0.0,0.0
MOL_02395,CCCC1CCOC(C)S1,0.0,0.0,0.0,0.0,0.0,0.0,0.0,0.0,0.0,0.0,0.0,0.0
MOL_02396,Cc1cc(Nc2ccccc2C(=O)O)ccc1Cl,0.0,,1.0,0.0,,0.0,,,0.0,,1.0,
MOL_02397,CC(C)C[C@H]1C(=O)N2CCC[C@H]2[C@]2(O)O[C@](NC(=O)[C@@H]3C[C@@H]4c5cccc6[nH]cc(c56)C[C@H]4N(C)C3)(C(C)C)C(=O)N12,0.0,0.0,0.0,0.0,0.0,0.0,,,0.0,,0.0,0.0
MOL_02398,CC(C)C[C@H](NC(=O)[C@H](CCc1ccccc1)NC(=O)CN1CCOCC1)C(=O)N[C@@H](Cc1ccccc1)C(=O)N[C@@H](CC(C)C)C(=O)[C@@]1(C)CO1,0.0,,0.0,,,,,1.0,1.0,1.0,0.0,1.0
MOL_02399,COC(=O)N[C@H](C(=O)N[C@@H](Cc1ccccc1)[C@@H](O)CN(Cc1ccc(-c2ccccn2)cc1)NC(=O)[C@@H](NC(=O)OC)C(C)(C)C)C(C)(C)C,0.0,0.0,0.0,0.0,,0.0,,0.0,0.0,0.0,,0.0
MOL_02400,O=C(Nc1ccc(Cl)cc1)Nc1ccc(Cl)c(C(F)(F)F)c1,0.0,0.0,0.0,,,0.0,,,0.0,,1.0,1.0
MOL_02401,CC(C)n1nc(-c2cc3cc(O)ccc3[nH]2)c2c(N)ncnc21,0.0,,1.0,,,0.0,,,1.0,0.0,0.0,
MOL_02402,CC(=O)OCC(=O)[C@@]1(O)CCC2C3CCC4=CC(=O)CC[C@]4(C)C3[C@@H](O)C[C@@]21C,1.0,1.0,0.0,,,0.0,0.0,0.0,0.0,0.0,0.0,0.0
MOL_02403,C1CN(P2(N3CC3)=NP(N3CC3)(N3CC3)=NP(N3CC3)(N3CC3)=N2)CCO1,0.0,0.0,0.0,0.0,0.0,0.0,0.0,,0.0,,0.0,1.0
MOL_02404,CC(C)(C)C(=O)OCOC(=O)C1N2C(=O)CC2S(=O)(=O)C1(C)C,0.0,,0.0,0.0,0.0,0.0,,,0.0,0.0,,
MOL_02405,CC(C)NCC(O)c1ccc([N+](=O)[O-])cc1,0.0,0.0,0.0,0.0,0.0,0.0,0.0,0.0,0.0,0.0,0.0,0.0
MOL_02406,O=C1CC2(CCCC2)CC(=O)N1CCCCN1CCN(c2ncccn2)CC1,0.0,0.0,0.0,0.0,0.0,0.0,0.0,1.0,0.0,0.0,0.0,0.0
MOL_02407,Cc1ccc(Cl)c(OCC(O)CNC(C)(C)C)c1,,,,,,,,0.0,,0.0,,
MOL_02408,CS(=O)(=O)Cl,0.0,0.0,0.0,0.0,0.0,0.0,0.0,0.0,0.0,0.0,0.0,0.0
MOL_02409,Cc1cccc(C(=O)O)c1,0.0,0.0,0.0,0.0,0.0,0.0,0.0,0.0,0.0,0.0,0.0,0.0
MOL_02410,O=C(O)c1cccc(O)c1,0.0,0.0,0.0,0.0,0.0,0.0,0.0,0.0,0.0,0.0,0.0,0.0
MOL_02411,Cc1ccc(C(=O)O)cc1,0.0,0.0,0.0,0.0,0.0,0.0,0.0,0.0,0.0,0.0,0.0,0.0
MOL_02412,CCC(C(=O)OCCN(CC)CC)c1ccccc1,0.0,0.0,,0.0,0.0,0.0,0.0,0.0,0.0,0.0,0.0,0.0
MOL_02413,C[C@]12CC[C@H]3[C@@H](CCC4=CC(=O)CC[C@@]43C)[C@@H]1CC[C@]2(O)C(=O)CO,1.0,1.0,0.0,,,0.0,0.0,0.0,0.0,0.0,0.0,0.0
MOL_02414,COc1cc([C@@H]2c3cc4c(cc3[C@H](O)[C@H]3COC(=O)[C@H]23)OCO4)cc(OC)c1OC,0.0,,1.0,0.0,0.0,,,,1.0,0.0,1.0,0.0
MOL_02415,NNS(=O)(=O)c1ccc(Oc2ccc(S(=O)(=O)NN)cc2)cc1,0.0,0.0,,0.0,0.0,0.0,0.0,0.0,0.0,0.0,0.0,0.0
MOL_02416,C[C@@H]1C[C@H]2[C@@H]3CCC4=CC(=O)C=C[C@]4(C)[C@@]3(F)[C@@H](O)C[C@]2(C)[C@H]1C(=O)CO,1.0,1.0,,,0.0,0.0,0.0,,0.0,0.0,0.0,0.0
MOL_02417,NC/C=C/C(=O)O,,,,,,,,0.0,,0.0,,
MOL_02418,CC(=O)OC(C)(C)C1CC=C(C)CC1,0.0,0.0,0.0,0.0,1.0,0.0,0.0,0.0,0.0,0.0,0.0,0.0
MOL_02419,Cl[Si](Cl)(c1ccccc1)c1ccccc1,0.0,0.0,0.0,0.0,0.0,0.0,0.0,0.0,0.0,0.0,1.0,0.0
MOL_02420,COCCOC,0.0,0.0,0.0,0.0,0.0,0.0,0.0,0.0,0.0,0.0,0.0,0.0
MOL_02421,CCOCCOCC,0.0,0.0,0.0,0.0,0.0,0.0,0.0,0.0,0.0,0.0,0.0,0.0
MOL_02422,O=[N+]([O-])c1cccc2ccccc12,0.0,0.0,,0.0,0.0,0.0,0.0,0.0,0.0,0.0,1.0,0.0
MOL_02423,O=C(O)CCC(=O)C(=O)O,0.0,0.0,0.0,0.0,0.0,0.0,0.0,0.0,0.0,0.0,0.0,0.0
MOL_02424,S=C([S-])NCCNC(=S)[S-],0.0,0.0,0.0,0.0,0.0,0.0,0.0,1.0,0.0,0.0,,0.0
MOL_02425,O=C1NCCN1,0.0,0.0,0.0,0.0,0.0,0.0,0.0,0.0,0.0,0.0,,0.0
MOL_02426,C[N+](=O)[O-],0.0,0.0,0.0,0.0,0.0,0.0,0.0,1.0,0.0,0.0,0.0,0.0
MOL_02427,C[N+]([O-])(CCCl)CCCl,,,,,,,,0.0,,0.0,,
MOL_02428,CCCCC(CC)COC(=O)c1ccccc1C(=O)OCC(CC)CCCC,0.0,0.0,0.0,0.0,0.0,0.0,0.0,0.0,0.0,0.0,,0.0
MOL_02429,O=[N+]([O-])c1ccc(Oc2ccc(Cl)cc2Cl)cc1,0.0,0.0,0.0,0.0,0.0,0.0,0.0,0.0,0.0,0.0,1.0,0.0
MOL_02430,CCCCC(CC)CO,0.0,0.0,0.0,0.0,0.0,0.0,0.0,0.0,0.0,0.0,0.0,0.0
MOL_02431,C1CC2OC2CC1C1CO1,0.0,0.0,0.0,0.0,0.0,0.0,0.0,0.0,0.0,0.0,0.0,0.0
MOL_02432,CC(C)N(C(=O)COc1nnc(C(F)(F)F)s1)c1ccc(F)cc1,0.0,0.0,0.0,0.0,0.0,0.0,0.0,1.0,0.0,0.0,0.0,0.0
MOL_02433,CCN(Cc1c(F)cccc1Cl)c1c([N+](=O)[O-])cc(C(F)(F)F)cc1[N+](=O)[O-],0.0,0.0,0.0,1.0,1.0,0.0,0.0,0.0,0.0,0.0,1.0,0.0
MOL_02434,Cc1nn(C)c(Oc2ccccc2)c1/C=N/OCc1ccc(C(=O)OC(C)(C)C)cc1,0.0,0.0,0.0,,,,0.0,1.0,0.0,0.0,,0.0
MOL_02435,O=[N+]([O-])c1cc(C(F)(F)F)c(Cl)c([N+](=O)[O-])c1Nc1ncc(C(F)(F)F)cc1Cl,0.0,,1.0,1.0,,1.0,1.0,,0.0,1.0,,1.0
MOL_02436,COC(=O)CSc1cc(/N=c2\sc(=O)n3n2CCCC3)c(F)cc1Cl,0.0,0.0,0.0,0.0,0.0,0.0,0.0,0.0,0.0,0.0,0.0,0.0
MOL_02437,CCCCCOC(=O)COc1cc(N2C(=O)C3=C(CCCC3)C2=O)c(F)cc1Cl,0.0,0.0,0.0,,0.0,0.0,0.0,0.0,0.0,0.0,,0.0
MOL_02438,C#CCN1C(=O)COc2cc(F)c(N3C(=O)C4=C(CCCC4)C3=O)cc21,0.0,0.0,0.0,0.0,0.0,0.0,0.0,1.0,0.0,0.0,,0.0
MOL_02439,CO/N=C(/C(=O)OC)c1ccccc1COc1ccccc1C,0.0,,0.0,,0.0,,,1.0,0.0,0.0,,
MOL_02440,CC1(C)[C@@H](/C=C(\Cl)C(F)(F)F)[C@H]1C(=O)O[C@H](C#N)c1cccc(Oc2ccccc2)c1,0.0,0.0,0.0,0.0,0.0,0.0,,0.0,0.0,,1.0,0.0
MOL_02441,CCCCN(CCCC)CCC(O)c1cc2c(Cl)cc(Cl)cc2c2cc(C(F)(F)F)ccc12,0.0,0.0,0.0,0.0,0.0,0.0,0.0,0.0,0.0,0.0,,0.0
MOL_02442,CN[C@@H]1[C@@H](O[C@H]2O[C@H](CO)[C@@H](N)[C@H](O)[C@H]2O)O[C@H]2C[C@@H](N)[C@@H](O[C@@H]3[C@@H](N)C[C@@H](N)[C@H](O)[C@H]3O)O[C@@H]2[C@@H]1O,0.0,0.0,0.0,0.0,0.0,0.0,0.0,,0.0,,0.0,0.0
MOL_02443,CCOC(=O)OC(C)OC(=O)[C@@H]1N2C(=O)[C@@H](NC(=O)[C@H](N)c3ccccc3)[C@H]2SC1(C)C,0.0,0.0,0.0,0.0,0.0,0.0,0.0,,0.0,0.0,0.0,0.0
MOL_02444,CC(C)(C)NC[C@H](O)COc1ccccc1C1CCCC1.CC(C)(C)NC[C@H](O)COc1ccccc1C1CCCC1,0.0,0.0,0.0,0.0,0.0,0.0,,,0.0,,,0.0
MOL_02445,C[C@@H]1C[C@H]2[C@@H]3C[C@H](F)C4=CC(=O)C=C[C@]4(C)[C@@]3(Cl)[C@@H](O)C[C@]2(C)[C@H]1C(=O)COC(=O)C(C)(C)C,1.0,1.0,0.0,,0.0,0.0,0.0,,0.0,,0.0,0.0
MOL_02446,CCCC(=O)Nc1ccc(OCC(O)CNC(C)C)c(C(C)=O)c1,0.0,0.0,0.0,0.0,0.0,0.0,0.0,0.0,0.0,0.0,0.0,0.0
MOL_02447,Cc1cc(NC(=O)C2=C(O)c3ccccc3S(=O)(=O)N2C)no1,0.0,0.0,0.0,0.0,0.0,0.0,0.0,0.0,0.0,0.0,1.0,0.0
MOL_02448,CCC(=O)O[C@H]1[C@H](C)O[C@@H](O[C@@H]2[C@@H](C)O[C@@H](O[C@@H]3[C@@H](OC)[C@H](OC(=O)CC)CC(=O)O[C@H](C)CC=CC=C[C@H](O)[C@H](C)C[C@@H]3CC=O)[C@H](O)[C@H]2N(C)C)C[C@@]1(C)O,0.0,0.0,0.0,0.0,0.0,0.0,0.0,,0.0,,0.0,0.0
MOL_02449,CC(C(=O)O)c1ccc(C(=O)c2cccs2)cc1,0.0,0.0,0.0,0.0,0.0,0.0,0.0,0.0,0.0,0.0,0.0,0.0
MOL_02450,COc1ccc2c(c1)N(C[C@H](C)CN(C)C)c1ccccc1S2,0.0,0.0,0.0,0.0,0.0,0.0,0.0,,0.0,,,0.0
MOL_02451,FC(F)(F)C(F)(F)C(F)(F)C(F)(F)C(F)(F)C(F)(F)C(F)(F)C(F)(F)C(F)(F)C(F)(F)F,0.0,0.0,0.0,0.0,0.0,0.0,0.0,0.0,0.0,0.0,0.0,0.0
MOL_02452,C=CC(=O)O[Sn](CCCC)(CCCC)CCCC,0.0,,,,,,1.0,1.0,,1.0,1.0,
MOL_02453,CCCCOCCOCCOCCCC,,0.0,0.0,,0.0,0.0,0.0,0.0,0.0,0.0,0.0,0.0
MOL_02454,CNC(=O)Oc1ccccc1OC(C)C,0.0,0.0,0.0,0.0,0.0,0.0,0.0,0.0,0.0,0.0,0.0,0.0
MOL_02455,C#CC(C)(C)O,0.0,0.0,0.0,0.0,0.0,0.0,0.0,0.0,0.0,0.0,,0.0
MOL_02456,CCCCCCCCCCO,0.0,0.0,0.0,1.0,0.0,0.0,0.0,0.0,0.0,0.0,0.0,0.0
MOL_02457,CCCCCCCCCCCCCO,0.0,0.0,0.0,0.0,0.0,0.0,0.0,0.0,0.0,0.0,0.0,0.0
MOL_02458,CCCCCCCCO,0.0,0.0,0.0,0.0,0.0,0.0,0.0,0.0,0.0,0.0,0.0,0.0
MOL_02459,CCOCCOCCO,0.0,0.0,0.0,0.0,0.0,0.0,0.0,0.0,0.0,0.0,0.0,0.0
MOL_02460,CCCCCCCCCC(C)=O,0.0,0.0,0.0,0.0,0.0,0.0,0.0,0.0,0.0,0.0,0.0,0.0
MOL_02461,CCCCCCCCCCCCCOC(=O)CCSCCC(=O)OCCCCCCCCCCCCC,0.0,0.0,0.0,0.0,0.0,0.0,0.0,0.0,0.0,0.0,,0.0
MOL_02462,CC12CCCC=C1C(=O)OC2=O,0.0,0.0,0.0,0.0,0.0,0.0,0.0,0.0,0.0,0.0,0.0,0.0
MOL_02463,CC(C)(c1ccccc1)c1ccc(Nc2ccc(C(C)(C)c3ccccc3)cc2)cc1,0.0,0.0,,0.0,0.0,0.0,0.0,0.0,0.0,,1.0,
MOL_02464,O=C1C(CCS(=O)c2ccccc2)C(=O)N(c2ccccc2)N1c1ccccc1,0.0,0.0,0.0,0.0,0.0,0.0,0.0,0.0,0.0,0.0,0.0,0.0
MOL_02465,COc1cc(NS(=O)(=O)c2ccc(N)cc2)nc(C)n1,0.0,0.0,0.0,0.0,0.0,0.0,0.0,0.0,0.0,0.0,0.0,0.0
MOL_02466,Cc1nnc(NS(=O)(=O)c2ccc(N)cc2)s1,0.0,0.0,0.0,0.0,0.0,0.0,0.0,0.0,0.0,0.0,0.0,0.0
MOL_02467,Cc1ccnc(NS(=O)(=O)c2ccc(N)cc2)n1,0.0,0.0,0.0,0.0,0.0,0.0,0.0,0.0,0.0,0.0,0.0,0.0
MOL_02468,COc1cnc(NS(=O)(=O)c2ccc(N)cc2)nc1,0.0,0.0,0.0,0.0,0.0,0.0,0.0,0.0,0.0,0.0,0.0,0.0
MOL_02469,COc1ccc(NS(=O)(=O)c2ccc(N)cc2)nn1,0.0,0.0,0.0,0.0,0.0,0.0,0.0,0.0,0.0,0.0,0.0,0.0
MOL_02470,CC(=O)CC(=O)Nc1ccccc1,1.0,1.0,0.0,0.0,1.0,0.0,0.0,0.0,0.0,0.0,0.0,0.0
MOL_02471,CC(=O)O,0.0,0.0,0.0,0.0,0.0,0.0,0.0,0.0,0.0,0.0,0.0,0.0
MOL_02472,CC(=O)OC(C)=O,0.0,0.0,0.0,0.0,0.0,0.0,0.0,0.0,0.0,0.0,0.0,0.0
MOL_02473,CC(=O)Nc1ccc(C(=O)O)cc1,0.0,0.0,0.0,0.0,0.0,0.0,0.0,0.0,0.0,0.0,0.0,0.0
MOL_02474,CC(=O)C(C)O,0.0,0.0,0.0,0.0,0.0,0.0,0.0,0.0,0.0,0.0,0.0,0.0
MOL_02475,COc1ccc(NC(C)=O)cc1N,0.0,0.0,,0.0,1.0,1.0,0.0,0.0,0.0,0.0,0.0,0.0
MOL_02476,CCCCC(CC)COC(=O)c1ccc(C(=O)OCC(CC)CCCC)cc1,0.0,0.0,0.0,0.0,0.0,0.0,0.0,0.0,0.0,0.0,0.0,0.0
MOL_02477,O=P(O)(O)CN(CP(=O)(O)O)CP(=O)(O)O,0.0,0.0,0.0,0.0,0.0,0.0,0.0,0.0,0.0,0.0,,0.0
MOL_02478,CCC(C)S,0.0,0.0,0.0,0.0,0.0,0.0,0.0,0.0,0.0,0.0,0.0,0.0
MOL_02479,CC1=C2C[C@H]3[C@@H](CC=C4C[C@@H](O)CC[C@@]43C)[C@@H]2CC[C@]12O[C@@H]1C[C@H](C)CN[C@H]1[C@H]2C,0.0,0.0,0.0,,0.0,0.0,0.0,,0.0,0.0,0.0,0.0
MOL_02480,O=C(CCN1CCC(c2ccccc2)C1)c1ccc2c(c1)OCCO2,0.0,0.0,0.0,,0.0,0.0,0.0,1.0,0.0,,0.0,
MOL_02481,O=[N+]([O-])c1ccc(O)c2ncccc12,0.0,0.0,1.0,,,0.0,0.0,,0.0,1.0,1.0,
MOL_02482,Nc1ccc(S(=O)(=O)Nc2ccccc2)cc1,0.0,0.0,0.0,0.0,0.0,0.0,0.0,0.0,0.0,0.0,0.0,0.0
MOL_02483,CCc1nnc(NS(=O)(=O)c2ccc(N)cc2)s1,0.0,0.0,0.0,0.0,0.0,0.0,0.0,0.0,0.0,0.0,,0.0
MOL_02484,Cc1c(Cn2ccnc2)c2ccccc2n1CCC(=O)O,0.0,0.0,0.0,0.0,0.0,0.0,0.0,0.0,0.0,0.0,0.0,0.0
MOL_02485,O=C(COc1ccc(Cl)cc1)OCCNC12CC3CC(CC(C3)C1)C2,0.0,0.0,0.0,0.0,0.0,0.0,0.0,,0.0,,0.0,0.0
MOL_02486,CN1CCC(O)(c2ccc(F)cc2)C(C(=O)c2ccc(F)cc2)C1,,,,,,,,,,0.0,,
MOL_02487,COC(c1ccccc1)(c1ccccc1)[C@H](Oc1nc(C)cc(C)n1)C(=O)O,0.0,0.0,0.0,0.0,0.0,0.0,0.0,0.0,0.0,0.0,0.0,0.0
MOL_02488,CCOC(=O)c1c(C)n(C)c2ccc(O)cc12,0.0,0.0,,0.0,0.0,,0.0,0.0,0.0,0.0,1.0,0.0
MOL_02489,CN1CCN(C(=O)C2CCCCC2)CC1,0.0,0.0,0.0,0.0,0.0,0.0,0.0,0.0,0.0,0.0,0.0,0.0
MOL_02490,ICCc1ccccc1,,,0.0,,0.0,,0.0,0.0,0.0,,0.0,0.0
MOL_02491,NCCCNCCCN,0.0,,0.0,,0.0,0.0,0.0,,0.0,0.0,,0.0
MOL_02492,O=[N+]([O-])c1cccc(I)c1,0.0,0.0,0.0,0.0,0.0,0.0,0.0,0.0,0.0,0.0,0.0,0.0
MOL_02493,CCCCCCCCCCCCCCCCCCO,0.0,0.0,0.0,0.0,0.0,0.0,0.0,0.0,0.0,0.0,0.0,0.0
MOL_02494,C=CCCCCCCCCCCCCCCCC,0.0,0.0,0.0,0.0,0.0,0.0,0.0,0.0,0.0,0.0,,0.0
MOL_02495,CCCCCCCC/C=C\CCCCCCCCN,,,,,,,,0.0,,0.0,,
MOL_02496,COc1ccc(NC(=O)CC(C)=O)cc1,0.0,0.0,,0.0,0.0,0.0,0.0,,0.0,0.0,0.0,0.0
MOL_02497,CCCCCCCCCCCCCCCC(=O)OC,0.0,0.0,0.0,0.0,0.0,0.0,0.0,0.0,0.0,0.0,0.0,0.0
MOL_02498,COC(=O)CC(=O)OC,0.0,0.0,0.0,0.0,0.0,0.0,0.0,0.0,0.0,0.0,0.0,0.0
MOL_02499,CN1CCOCC1,0.0,0.0,0.0,0.0,0.0,0.0,0.0,0.0,0.0,0.0,0.0,0.0
MOL_02500,CCCC(C)C,0.0,0.0,0.0,0.0,0.0,0.0,0.0,0.0,0.0,0.0,0.0,0.0
MOL_02501,[Ni+2].c1cc[cH-]c1.c1cc[cH-]c1,0.0,0.0,0.0,0.0,0.0,0.0,0.0,0.0,0.0,0.0,0.0,0.0
MOL_02502,CCCCCCCC[N+](CCCCCCCC)(CCCCCCCC)CCCCCCCC,0.0,,,1.0,,,,,,,1.0,
MOL_02503,Cc1cccc(C)c1NC(=O)C1CCCCN1C,,0.0,0.0,0.0,0.0,0.0,0.0,,0.0,,0.0,0.0
MOL_02504,CN1CCC[C@@H]1Cc1c[nH]c2ccc(CCS(=O)(=O)c3ccccc3)cc12,0.0,0.0,0.0,0.0,0.0,0.0,0.0,0.0,0.0,0.0,0.0,0.0
MOL_02505,O=C(C[C@@H]1NCCC[C@H]1O)Cn1cnc2cc(Br)c(Cl)cc2c1=O,0.0,0.0,,0.0,0.0,0.0,0.0,,0.0,,0.0,0.0
MOL_02506,C/C(=C\c1csc(C)n1)C1C[C@@H]2O[C@]2(C)CCC[C@H](C)C(O)[C@@H](C)C(=O)C(C)(C)[C@@H](O)CC(=O)O1,0.0,,0.0,0.0,0.0,,,,0.0,,,1.0
MOL_02507,Clc1cc(Cl)c(OCC#CI)cc1Cl,0.0,,0.0,,,0.0,0.0,,0.0,,,
MOL_02508,N=C(N)NCCC[C@H](NC(=O)[C@@H]1CCCN1C(=O)[C@@H]1CSSCCC(=O)N[C@@H](Cc2ccc(O)cc2)C(=O)N[C@@H](Cc2ccccc2)C(=O)N[C@@H](CCC(N)=O)C(=O)N[C@@H](CC(N)=O)C(=O)N1)C(=O)NCC(N)=O,0.0,0.0,0.0,0.0,0.0,0.0,0.0,0.0,0.0,0.0,0.0,0.0
MOL_02509,O=[N+]([O-])c1c(Cl)cccc1-c1c[nH]cc1Cl,0.0,0.0,,,,1.0,0.0,,0.0,,,
MOL_02510,CCCCC[C@@H](O)C1C(=O)OC(C)[C@H](O)C=CC=CC=CC=CC=C(C)C(O)C(O)C(O)C[C@H](O)C[C@H](O)C[C@H](O)C[C@H](O)C[C@@H]1O,0.0,0.0,0.0,0.0,0.0,0.0,0.0,,0.0,,0.0,0.0
MOL_02511,CNC(C)CCC=C(C)C,0.0,0.0,1.0,0.0,0.0,0.0,0.0,,0.0,,0.0,0.0
MOL_02512,NC(=S)NS(=O)(=O)c1ccc(N)cc1,0.0,0.0,,0.0,0.0,0.0,0.0,,0.0,,0.0,0.0
MOL_02513,COC(=O)/C=C/c1ccccc1,0.0,0.0,0.0,0.0,,0.0,0.0,0.0,0.0,0.0,,0.0
MOL_02514,CN(C)c1ccc(/N=N/c2ccccc2C(=O)O)cc1,0.0,0.0,1.0,,,0.0,0.0,1.0,1.0,1.0,,0.0
MOL_02515,CON(C)C(=O)Nc1ccc(Br)cc1,0.0,0.0,1.0,,,0.0,0.0,0.0,0.0,0.0,0.0,0.0
MOL_02516,CO[C@H]1[C@H]([C@]2(C)O[C@@H]2CC=C(C)C)[C@]2(CC[C@H]1OC(=O)NC(=O)CCl)CO2,0.0,,0.0,,0.0,,1.0,1.0,,1.0,0.0,1.0
MOL_02517,CCCC(=O)Nc1c(I)cc(I)c(CC(CC)C(=O)[O-])c1I,0.0,0.0,,0.0,0.0,0.0,0.0,,0.0,,0.0,0.0
MOL_02518,COC(=O)[C@H]1[C@@H](O)CC[C@H]2CN3CCc4c([nH]c5ccccc45)[C@@H]3C[C@@H]21,0.0,0.0,1.0,0.0,0.0,0.0,0.0,0.0,0.0,0.0,0.0,0.0
MOL_02519,CC[C@]12CCCN3CCc4c(n(c5ccccc45)[C@@](O)(C(=O)OC)C1)[C@@H]32,0.0,0.0,0.0,0.0,0.0,0.0,0.0,0.0,0.0,0.0,,0.0
MOL_02520,CC(=NC#N)N(C)Cc1ccc(Cl)nc1,0.0,0.0,0.0,0.0,,0.0,0.0,0.0,0.0,0.0,0.0,0.0
MOL_02521,CCCCCCC(C)OC(=O)COc1nc(F)c(Cl)c(N)c1Cl,0.0,0.0,,1.0,,0.0,0.0,0.0,0.0,0.0,1.0,0.0
MOL_02522,C=CC(=O)Nc1cc2c(Nc3ccc(F)c(Cl)c3)ncnc2cc1OCCCN1CCOCC1,0.0,,0.0,,1.0,1.0,0.0,1.0,,1.0,,1.0
MOL_02523,CC(=O)O[C@H]1CC[C@@]2(C)C(=CC[C@H]3[C@@H]4CC[C@H](C(C)=O)[C@@]4(C)CC[C@@H]32)C1,1.0,0.0,0.0,0.0,,1.0,0.0,,0.0,,0.0,0.0
MOL_02524,c1cnc2cc3c(cc2n1)C1CNCC3C1,0.0,0.0,0.0,0.0,0.0,0.0,0.0,0.0,0.0,0.0,0.0,0.0
MOL_02525,Clc1ccc([C@@H]2C[C@H]3CC[C@@H]2N3)cn1,0.0,0.0,0.0,0.0,0.0,0.0,0.0,,0.0,,,0.0
MOL_02526,CCC(=O)N(c1ccccc1)C1CCN(CCc2cccs2)CC1,0.0,0.0,0.0,0.0,,0.0,0.0,,0.0,0.0,0.0,0.0
MOL_02527,CCC(=O)N(c1ccccc1)C1CCN(Cc2cccs2)CC1,0.0,0.0,0.0,,0.0,0.0,,,0.0,0.0,0.0,0.0
MOL_02528,CCC(=O)N(c1ccccc1)C1CCN(C(C)Cc2cccs2)CC1,0.0,0.0,0.0,0.0,,0.0,0.0,1.0,0.0,0.0,0.0,0.0
MOL_02529,CCC(=O)N(c1ccccc1)C1CCN(CC(O)c2ccccc2)CC1,0.0,0.0,0.0,0.0,0.0,0.0,,0.0,0.0,0.0,0.0,0.0
MOL_02530,Nc1c(Cl)cc(Cl)cc1Cl,0.0,0.0,0.0,0.0,0.0,0.0,0.0,0.0,0.0,0.0,,0.0
MOL_02531,O=C(O)C(Cl)(Cl)Cl,0.0,0.0,0.0,0.0,0.0,0.0,0.0,0.0,0.0,0.0,0.0,0.0
MOL_02532,FC(F)(Cl)C(F)(Cl)Cl,0.0,0.0,0.0,0.0,0.0,0.0,0.0,0.0,0.0,0.0,0.0,0.0
MOL_02533,CCCCCCCC(=O)OCC(COC(=O)CCCCCCC)OC(=O)CCCCCCC,0.0,0.0,0.0,0.0,0.0,0.0,0.0,0.0,0.0,0.0,0.0,0.0
MOL_02534,BrC(Br)Br,0.0,0.0,0.0,0.0,0.0,0.0,0.0,0.0,0.0,0.0,0.0,0.0
MOL_02535,Nc1nc(N)c2nc(-c3ccccc3)c(N)nc2n1,0.0,,1.0,,1.0,,,,1.0,,0.0,1.0
MOL_02536,Nc1ccc(Oc2ccc(N)c(N)c2)cc1,1.0,0.0,1.0,,,0.0,0.0,1.0,1.0,,1.0,0.0
MOL_02537,CC1(C)O[C@@H]2C[C@H]3[C@@H]4CCC5=CC(=O)C=C[C@]5(C)[C@@]4(F)[C@@H](O)C[C@]3(C)[C@]2(C(=O)CO)O1,1.0,0.0,0.0,,1.0,1.0,0.0,0.0,0.0,0.0,0.0,0.0
MOL_02538,O=S1OC[C@@H]2[C@H](CO1)[C@]1(Cl)C(Cl)=C(Cl)[C@@]2(Cl)C1(Cl)Cl,0.0,0.0,0.0,,,0.0,0.0,1.0,0.0,0.0,1.0,0.0
MOL_02539,Nc1cc([N+](=O)[O-])cc([N+](=O)[O-])c1O,0.0,,0.0,0.0,0.0,0.0,0.0,,0.0,0.0,1.0,0.0
MOL_02540,Cc1cc2nc(N)sc2cc1C,0.0,0.0,1.0,,1.0,0.0,0.0,0.0,1.0,0.0,,0.0
MOL_02541,Nc1cc(Cl)ccc1O,0.0,0.0,1.0,0.0,0.0,0.0,,1.0,0.0,0.0,,1.0
MOL_02542,Nc1cc(Cl)c([N+](=O)[O-])cc1O,0.0,0.0,,,0.0,0.0,,1.0,0.0,0.0,1.0,0.0
MOL_02543,Nc1nc2c(Cl)cccc2s1,,,1.0,0.0,0.0,0.0,0.0,1.0,0.0,0.0,1.0,0.0
MOL_02544,Cc1cc(=O)n(-c2ccccc2)n1C,0.0,0.0,0.0,0.0,0.0,0.0,0.0,0.0,0.0,0.0,0.0,0.0
MOL_02545,CCOc1ccc(NC(C)=O)cc1,0.0,0.0,0.0,0.0,0.0,0.0,0.0,0.0,0.0,0.0,0.0,0.0
MOL_02546,Nc1cc(Cl)cc(S(=O)(=O)O)c1O,0.0,0.0,0.0,0.0,0.0,0.0,0.0,,0.0,0.0,0.0,0.0
MOL_02547,CC/C=C/CCO,0.0,0.0,0.0,0.0,0.0,0.0,0.0,0.0,0.0,0.0,0.0,0.0
MOL_02548,O=Cc1ccc(Cl)cc1Cl,0.0,0.0,0.0,0.0,0.0,0.0,0.0,0.0,0.0,0.0,0.0,0.0
MOL_02549,c1ccc(SSc2ccccc2)cc1,0.0,0.0,0.0,0.0,0.0,0.0,0.0,0.0,0.0,1.0,0.0,0.0
MOL_02550,CCOC(=O)c1cccc(N)c1,0.0,0.0,,,,0.0,0.0,0.0,0.0,0.0,0.0,0.0
MOL_02551,CC/C=C\CCO,0.0,0.0,0.0,0.0,0.0,0.0,0.0,0.0,0.0,0.0,0.0,0.0
MOL_02552,O=C(O)CNC(=O)c1ccc(CO)o1,0.0,0.0,0.0,,0.0,0.0,0.0,,0.0,0.0,0.0,0.0
MOL_02553,COc1ccc(OC)c(NC(=O)CC(C)=O)c1,0.0,0.0,1.0,0.0,0.0,0.0,0.0,0.0,0.0,0.0,,0.0
MOL_02554,COP(=O)(NC(C)=O)SC,0.0,0.0,0.0,0.0,0.0,0.0,0.0,0.0,0.0,0.0,0.0,0.0
MOL_02555,C1=Cc2cccc3cccc1c23,0.0,0.0,,0.0,0.0,0.0,0.0,0.0,0.0,0.0,0.0,0.0
MOL_02556,ON(Cc1ccccc1)Cc1ccccc1,0.0,0.0,0.0,,0.0,0.0,0.0,0.0,0.0,0.0,0.0,0.0
MOL_02557,N#Cc1ccc(Cl)cc1,0.0,0.0,0.0,0.0,0.0,0.0,0.0,0.0,0.0,0.0,0.0,0.0
MOL_02558,CC(C)CCCC(=O)O,0.0,0.0,0.0,0.0,0.0,0.0,0.0,0.0,0.0,0.0,0.0,0.0
MOL_02559,COC(=O)c1ccccc1Cl,0.0,0.0,0.0,0.0,0.0,0.0,0.0,0.0,0.0,0.0,0.0,0.0
MOL_02560,NCCN1CCNC1=O,0.0,0.0,0.0,0.0,0.0,0.0,0.0,0.0,0.0,0.0,,0.0
MOL_02561,CC1=C(Br)C(=O)C(Br)=C/C1=C(\c1ccccc1S(=O)(=O)[O-])c1cc(Br)c(O)c(Br)c1C,0.0,0.0,,,,0.0,0.0,0.0,0.0,0.0,,0.0
MOL_02562,CSc1nc2cc(Cl)c(Oc3cccc(Cl)c3Cl)cc2[nH]1,0.0,0.0,,1.0,,,0.0,,,,1.0,
MOL_02563,O=S(=O)([O-])c1cc(O)c(O)c(S(=O)(=O)[O-])c1,0.0,0.0,0.0,0.0,0.0,0.0,0.0,,0.0,0.0,,0.0
MOL_02564,COC(C)(C)CCCC(C)CC=O,0.0,0.0,0.0,0.0,0.0,0.0,0.0,0.0,0.0,0.0,,0.0
MOL_02565,NC(=O)c1ccc(N)cc1,0.0,0.0,0.0,,,0.0,0.0,0.0,0.0,0.0,,0.0
MOL_02566,ClP(Cl)(Cl)(Cl)Cl,0.0,0.0,0.0,0.0,0.0,0.0,0.0,0.0,0.0,0.0,0.0,
MOL_02567,CCC(Cl)CC(Cl)C(Cl)C(Cl)C(Cl)C(C)Cl,0.0,,1.0,,1.0,0.0,0.0,0.0,0.0,0.0,0.0,0.0
MOL_02568,C=C[Si](C)(C)O[Si](C)(C)C=C,0.0,0.0,0.0,0.0,0.0,0.0,0.0,0.0,0.0,0.0,0.0,0.0
MOL_02569,NNC(=O)c1cccc(C(=O)NN)c1,0.0,0.0,1.0,0.0,0.0,0.0,0.0,0.0,0.0,0.0,,0.0
MOL_02570,O=[N+]([O-])C=Cc1ccccc1,0.0,1.0,0.0,,0.0,0.0,,,,1.0,,1.0
MOL_02571,COP(=O)(OC)O/C(=C\Cl)c1cc(Cl)c(Cl)cc1Cl,0.0,0.0,0.0,1.0,,,,1.0,,0.0,,0.0
MOL_02572,CCOP(=O)(Sc1ccccc1)Sc1ccccc1,0.0,0.0,0.0,0.0,,0.0,,,0.0,0.0,,0.0
MOL_02573,CN1CCCCC1CCN1c2ccccc2Sc2ccc(S(C)=O)cc21,0.0,0.0,,0.0,0.0,0.0,0.0,0.0,0.0,0.0,0.0,0.0
MOL_02574,c1ccc2c(c1)Sc1ccccc1N2CC1CN2CCC1CC2,0.0,0.0,0.0,1.0,0.0,0.0,,,0.0,,,0.0
MOL_02575,CCCC(C)(COC(N)=O)COC(N)=O,0.0,0.0,0.0,0.0,0.0,0.0,0.0,0.0,0.0,0.0,0.0,0.0
MOL_02576,C[C@H]1C[C@H]2[C@@H]3CCC4=CC(=O)C=C[C@]4(C)[C@H]3C(=O)C[C@]2(C)[C@@]1(O)C(=O)CO,1.0,1.0,0.0,,0.0,0.0,0.0,0.0,0.0,0.0,0.0,0.0
MOL_02577,Cc1cc(C)cc(OCC2CNC(=O)O2)c1,0.0,0.0,0.0,0.0,0.0,0.0,0.0,0.0,0.0,0.0,0.0,0.0
MOL_02578,N#CSCc1ccccc1,0.0,,0.0,0.0,0.0,,0.0,0.0,0.0,0.0,0.0,1.0
MOL_02579,O=C(O[C@@H](C(=O)O)[C@@H](OC(=O)c1ccccc1)C(=O)O)c1ccccc1,0.0,0.0,0.0,0.0,0.0,0.0,0.0,0.0,0.0,0.0,0.0,0.0
MOL_02580,O=C([O-])[C@H](O)[C@@H](O)[C@H](O)[C@H](O)CO.O=C([O-])[C@H](O)[C@@H](O)[C@H](O)[C@H](O)CO.[Ba+2],0.0,0.0,0.0,0.0,0.0,0.0,0.0,,0.0,,0.0,0.0
MOL_02581,O=C(CO)[C@@H](O)[C@H](O)[C@@H](O)C(=O)[O-].O=C(CO)[C@@H](O)[C@H](O)[C@@H](O)C(=O)[O-],0.0,0.0,0.0,0.0,0.0,0.0,0.0,,0.0,,0.0,0.0
MOL_02582,O=S(=O)(O)c1cc(Cl)c(Cl)cc1Cl,0.0,0.0,0.0,0.0,0.0,0.0,0.0,0.0,0.0,0.0,,0.0
MOL_02583,CNC.O=C(O)COc1ccc(Cl)cc1Cl,0.0,0.0,0.0,0.0,0.0,0.0,0.0,0.0,0.0,0.0,0.0,0.0
MOL_02584,Nc1ccn([C@@H]2O[C@H](CO)[C@@H](O)[C@@H]2O)c(=O)n1,0.0,0.0,0.0,0.0,1.0,0.0,0.0,0.0,0.0,0.0,0.0,1.0
MOL_02585,Cc1ccc(C(C)(C)O)cc1,0.0,0.0,0.0,0.0,0.0,0.0,0.0,0.0,0.0,0.0,0.0,0.0
MOL_02586,CCCC(=O)OC(=O)CCC,0.0,0.0,0.0,0.0,0.0,0.0,0.0,0.0,0.0,0.0,0.0,0.0
MOL_02587,CC(C)=CCC/C(C)=C\CO,0.0,0.0,0.0,0.0,0.0,0.0,0.0,0.0,0.0,0.0,0.0,0.0
MOL_02588,COc1cc(-c2ccc(N)c(OC)c2)ccc1N,0.0,0.0,0.0,0.0,0.0,0.0,0.0,1.0,1.0,0.0,1.0,0.0
MOL_02589,CCCCCCC(O)CCCCCCCCCCC(=O)O,0.0,0.0,,0.0,0.0,0.0,1.0,1.0,0.0,0.0,0.0,0.0
MOL_02590,CCCCOC(=O)/C=C\C(=O)OCCCC,0.0,0.0,0.0,,0.0,0.0,0.0,,0.0,,,
MOL_02591,CC(C)=CCC/C(C)=C/CO,0.0,0.0,0.0,0.0,1.0,1.0,0.0,0.0,0.0,0.0,0.0,0.0
MOL_02592,CC(C)=CCCC(C)CCO,0.0,0.0,0.0,0.0,0.0,0.0,0.0,0.0,0.0,0.0,0.0,0.0
MOL_02593,CCCCCCCC[N+](C)(C)CCCCCCCC,0.0,0.0,0.0,,,0.0,,,,,1.0,0.0
MOL_02594,CCCCON=O,0.0,0.0,0.0,0.0,0.0,0.0,0.0,0.0,0.0,0.0,0.0,0.0
MOL_02595,CN1[C@H]2CC[C@@H]1C[C@H](OC(=O)C(CO)c1ccccc1)C2.CN1[C@H]2CC[C@@H]1C[C@H](OC(=O)C(CO)c1ccccc1)C2,0.0,0.0,0.0,0.0,0.0,0.0,0.0,0.0,0.0,0.0,0.0,0.0
MOL_02596,C[C@@H](O)[C@H]1C(=O)N2C(C(=O)O)=C(S[C@@H]3CN[C@H](CNS(N)(=O)=O)C3)[C@H](C)[C@H]12,0.0,0.0,0.0,0.0,,0.0,0.0,0.0,0.0,0.0,0.0,0.0
MOL_02597,c1cnccn1,0.0,0.0,0.0,0.0,0.0,0.0,0.0,0.0,0.0,0.0,,0.0
MOL_02598,C1CS1,0.0,0.0,0.0,0.0,0.0,0.0,0.0,0.0,0.0,0.0,0.0,0.0
MOL_02599,O=c1[nH]cnc2ccccc12,0.0,0.0,0.0,0.0,0.0,0.0,,0.0,0.0,0.0,0.0,0.0
MOL_02600,O=C(C(=O)c1ccco1)c1ccco1,0.0,0.0,0.0,0.0,0.0,0.0,0.0,1.0,0.0,0.0,,0.0
MOL_02601,CC(=O)OCC(=O)NCCCOc1cccc(CN2CCCCC2)c1,0.0,0.0,0.0,0.0,1.0,1.0,0.0,0.0,0.0,0.0,0.0,0.0
MOL_02602,CNC[C@H](O)c1ccc(O)c(O)c1,0.0,0.0,,0.0,0.0,0.0,0.0,0.0,0.0,0.0,0.0,0.0
MOL_02603,O=c1cccccc1O,0.0,0.0,0.0,1.0,0.0,0.0,0.0,,0.0,,,0.0
MOL_02604,N=C(N)NCCCC[C@@H]1NC(=O)CCSSC[C@@H](C(N)=O)NC(=O)[C@@H]2CCCN2C(=O)[C@H](Cc2c[nH]c3ccccc23)NC(=O)[C@H](CC(=O)O)NC(=O)CNC1=O,0.0,0.0,0.0,0.0,,0.0,0.0,0.0,0.0,0.0,0.0,0.0
MOL_02605,CCCN(CCOc1c(Cl)cc(Cl)cc1Cl)C(=O)n1ccnc1,0.0,0.0,1.0,1.0,,0.0,0.0,1.0,0.0,0.0,1.0,0.0
MOL_02606,CSc1nc(NC(C)C)nc(NC(C)C)n1,0.0,0.0,0.0,0.0,0.0,0.0,0.0,0.0,0.0,0.0,0.0,0.0
MOL_02607,CC(C)N(C(=O)CCl)c1ccccc1,0.0,0.0,,,,0.0,,,0.0,,0.0,1.0
MOL_02608,N[C@@H](Cc1ccc(N(CCCl)CCCl)cc1)C(=O)O,0.0,0.0,0.0,,0.0,0.0,,0.0,1.0,0.0,,1.0
MOL_02609,C[C@@]12C=CC[C@H]1[C@@H]1CC[C@H]3CC(=O)CC[C@]3(C)[C@H]1CC2,0.0,0.0,0.0,0.0,1.0,1.0,0.0,,0.0,,1.0,0.0
MOL_02610,C=CCc1cc(OC)c(O)c(C(=O)NCCO)c1,0.0,0.0,0.0,0.0,0.0,0.0,0.0,1.0,0.0,0.0,0.0,0.0
MOL_02611,Nc1nc(=O)c2ncn(CCC(CO)CO)c2[nH]1,0.0,0.0,0.0,0.0,0.0,0.0,0.0,0.0,0.0,0.0,0.0,0.0
MOL_02612,CCN(CC)CCNC(=O)C1C(C)=NC(/C=C2\C(=O)Nc3ccc(F)cc32)=C1C.O=C(O)CC(O)C(=O)O,,,,,,,,,,0.0,,
MOL_02613,CC(C)C[C@H](NC(=O)[C@@H](Cc1c[nH]c2ccccc12)NC(=O)[C@H](Cc1ccc(O)cc1)NC(=O)[C@H](CO)NC(=O)[C@H](Cc1c[nH]c2ccccc12)NC(=O)[C@H](Cc1c[nH]cn1)NC(=O)[C@@H]1CCC(=O)N1)C(=O)N[C@@H](CCCNC(=N)N)C(=O)N1CCC[C@@H]1C(=O)NCC(N)=O.O=C(O)c1cc2ccccc2c(Cc2c(O)c(C(=O)O)cc3ccccc23)c1O,0.0,0.0,0.0,0.0,0.0,0.0,0.0,,0.0,,,0.0
MOL_02614,Cn1c(NCCN(CCO)CCCc2ccc([N+](=O)[O-])cc2)cc(=O)n(C)c1=O,0.0,0.0,0.0,,0.0,0.0,0.0,0.0,0.0,0.0,0.0,0.0
MOL_02615,CCCCC(=O)OCC(=O)[C@]1(O)Cc2c(O)c3c(c(O)c2[C@@H](O[C@H]2C[C@H](NC(=O)C(F)(F)F)[C@H](O)[C@H](C)O2)C1)C(=O)c1c(OC)cccc1C3=O,0.0,1.0,0.0,,,,0.0,,1.0,,1.0,1.0
MOL_02616,O=C(CS(=O)C(c1ccccc1)c1ccccc1)NO,0.0,0.0,0.0,0.0,0.0,0.0,0.0,,0.0,,0.0,0.0
MOL_02617,CCOC(=O)COc1ccc2c(C)c(CCN(CC)CC)c(=O)oc2c1Cl,0.0,0.0,0.0,,0.0,0.0,0.0,0.0,0.0,0.0,,0.0
MOL_02618,CO[C@H]1C=CO[C@@]2(C)Oc3c(C)c(O)c4c(c3C2=O)C2=NC3(CCN(CC(C)C)CC3)NC2=C(NC(=O)C(C)=CC=C[C@H](C)[C@H](O)[C@@H](C)[C@@H](O)[C@@H](C)[C@H](OC(C)=O)[C@@H]1C)C4=O,0.0,0.0,0.0,0.0,0.0,0.0,,1.0,0.0,0.0,,0.0
MOL_02619,Cc1c(O)cccc1C(=O)N[C@@H](CSc1ccccc1)[C@H](O)CN1C[C@H]2CCCC[C@H]2C[C@H]1C(=O)NC(C)(C)C,0.0,1.0,0.0,,,,,,0.0,1.0,1.0,
MOL_02620,CCOC(=O)c1ccccc1OC,0.0,0.0,,0.0,0.0,0.0,0.0,0.0,0.0,0.0,0.0,0.0
MOL_02621,CCCCCCCOC(C)=O,0.0,0.0,0.0,0.0,1.0,0.0,0.0,0.0,0.0,0.0,0.0,0.0
MOL_02622,CC(C)C(=O)Nc1cccc(C2CN3CCSC3=N2)c1,,,,,,,,0.0,,0.0,,
MOL_02623,CCCCn1cc[n+](C)c1.O=S(=O)([N-]S(=O)(=O)C(F)(F)F)C(F)(F)F,0.0,0.0,0.0,0.0,0.0,0.0,0.0,0.0,0.0,0.0,,0.0
MOL_02624,Brc1ccc(-c2ccccc2)cc1,0.0,0.0,0.0,0.0,0.0,0.0,0.0,0.0,0.0,0.0,0.0,0.0
MOL_02625,OCC(CBr)(CBr)CBr,0.0,0.0,,,0.0,0.0,0.0,,0.0,,0.0,0.0
MOL_02626,O=C(O)C(Cl)Br,0.0,0.0,0.0,0.0,0.0,0.0,0.0,1.0,0.0,0.0,,0.0
MOL_02627,O=C(O)C(Cl)(Cl)Br,0.0,0.0,,0.0,0.0,0.0,0.0,0.0,0.0,0.0,0.0,0.0
MOL_02628,Nc1c(Br)cc([N+](=O)[O-])cc1[N+](=O)[O-],0.0,0.0,1.0,0.0,,0.0,0.0,1.0,0.0,0.0,1.0,0.0
MOL_02629,NC(CCC(=O)O)C(=O)O,0.0,0.0,0.0,0.0,0.0,0.0,0.0,0.0,0.0,0.0,0.0,0.0
MOL_02630,CC[n+]1ccccc1,1.0,1.0,0.0,0.0,,0.0,0.0,1.0,0.0,0.0,0.0,0.0
MOL_02631,Cc1nc(C2CCCCC2)c(-c2ccc(S(N)(=O)=O)c(F)c2)o1,,,,,,,,,,0.0,,
MOL_02632,CC(C)C(=O)Nc1cccc(C(F)(F)F)c1,,,,,,,,0.0,,0.0,,
MOL_02633,Cc1cc2c(cc1CC(=O)c1sccc1S(=O)(=O)Nc1onc(C)c1Cl)OCO2,,,,,,,,,,0.0,,
MOL_02634,CCCCC(O)/C=C(C)/C=C/C=C/C(=O)N1CCCC1=O,,,,,,,,0.0,,0.0,,
MOL_02635,CCCC[n+]1ccccc1.F[B-](F)(F)F,0.0,0.0,0.0,0.0,1.0,0.0,0.0,0.0,0.0,0.0,0.0,0.0
MOL_02636,CCOCCn1c(C2CCN(CCc3ccc(C(C)(C)C(=O)O)cc3)CC2)nc2ccccc21,,,,,,,,0.0,,0.0,,
MOL_02637,CCC(=O)O[C@@H]1C=C2CCC3C(CCC4(C)C3CC[C@@H]4OC(=O)CC)C2CC1,,,,,,,,0.0,,0.0,,
MOL_02638,COc1cc2c(cc1OC)C(=O)CC2,,,,,,,,0.0,,0.0,,
MOL_02639,O=c1[nH]c2ccccc2n1C1CCNCC1,,,,,,,,0.0,,0.0,,
MOL_02640,OCCCCCCCl,0.0,0.0,0.0,0.0,,0.0,0.0,0.0,0.0,0.0,0.0,0.0
MOL_02641,COC(=O)C(C)N(C(=O)Cc1ccccc1)c1c(C)cccc1C,0.0,0.0,0.0,0.0,0.0,0.0,,1.0,0.0,0.0,0.0,0.0
MOL_02642,O=c1[nH]c2cc(Cl)ccc2n1C1CCNCC1,,,,,,,,,,0.0,,
MOL_02643,c1ccc(-c2ccccn2)nc1,0.0,0.0,,0.0,0.0,0.0,0.0,,0.0,,0.0,0.0
MOL_02644,Clc1ccc(C2(Cn3cncn3)OCCO2)c(Cl)c1,0.0,0.0,0.0,0.0,0.0,0.0,0.0,0.0,0.0,0.0,0.0,0.0
MOL_02645,CCCCCCCCCCCCCCCC(=O)OC[C@H](O)[C@H]1OC(=O)C(O)=C1O,0.0,0.0,0.0,0.0,0.0,0.0,0.0,,0.0,,0.0,0.0
MOL_02646,O=C[C@@H](O)[C@H](O)[C@H](O)CO,0.0,0.0,0.0,0.0,0.0,0.0,0.0,0.0,0.0,0.0,0.0,0.0
MOL_02647,O=C(Nc1cccc(Cl)c1)OCC#CCCl,0.0,,1.0,,,0.0,,1.0,,1.0,1.0,1.0
MOL_02648,CSc1nc(N=[N+]=[N-])nc(NC(C)C)n1,0.0,0.0,0.0,0.0,0.0,0.0,0.0,1.0,0.0,0.0,0.0,0.0
MOL_02649,CN1[C@H]2CC[C@@H]1CC(OC(=O)c1c[nH]c3ccccc13)C2,0.0,0.0,0.0,0.0,,0.0,0.0,0.0,0.0,0.0,0.0,
MOL_02650,Nc1ccc(S(=O)(=O)Nc2ccnn2-c2ccccc2)cc1,0.0,0.0,0.0,0.0,0.0,0.0,0.0,0.0,0.0,0.0,0.0,0.0
MOL_02651,Nc1ccc(S(=O)(=O)Nc2ncccn2)cc1,0.0,0.0,0.0,0.0,0.0,0.0,0.0,,0.0,,0.0,0.0
MOL_02652,CC1CN(c2cc3c(cc2F)c(=O)c(C(=O)O)cn3-c2ccc(F)cc2F)CCN1,0.0,0.0,0.0,0.0,0.0,0.0,0.0,0.0,0.0,0.0,0.0,0.0
MOL_02653,c1ccc2c(c1)sc1ccccc12,0.0,0.0,0.0,0.0,0.0,0.0,0.0,0.0,0.0,0.0,0.0,0.0
MOL_02654,Oc1ccccc1F,0.0,0.0,0.0,0.0,0.0,0.0,0.0,0.0,0.0,0.0,0.0,0.0
MOL_02655,Fc1ccccc1-c1ccccc1,0.0,0.0,0.0,0.0,0.0,0.0,0.0,0.0,0.0,0.0,0.0,0.0
MOL_02656,Oc1cccc(Nc2ccccc2)c1,0.0,0.0,,,1.0,1.0,0.0,,0.0,0.0,1.0,0.0
MOL_02657,C=CCC1=C(C)[C@@H](OC(=O)[C@@H]2[C@@H](C=C(C)C)C2(C)C)CC1=O,0.0,0.0,0.0,,,0.0,,,0.0,,,
MOL_02658,CC(C)=CC(=O)C=C(C)C,0.0,0.0,0.0,0.0,0.0,0.0,0.0,0.0,0.0,0.0,0.0,0.0
MOL_02659,CC(C)(CCC(=O)O)C(=O)O,0.0,0.0,0.0,0.0,0.0,0.0,0.0,0.0,0.0,0.0,0.0,0.0
MOL_02660,CC(=O)CCC=C(C)CCC=C(C)C,0.0,0.0,0.0,0.0,0.0,0.0,0.0,0.0,0.0,0.0,0.0,0.0
MOL_02661,CC(C)(CC(=O)O)C(=O)O,0.0,0.0,0.0,0.0,0.0,0.0,0.0,0.0,0.0,0.0,0.0,0.0
MOL_02662,CC(=O)C(C)=O,0.0,0.0,0.0,0.0,0.0,0.0,0.0,0.0,0.0,0.0,0.0,0.0
MOL_02663,CC(=O)C1=C(C)[C@@H]2C[C@]3(C1)[C@@H](CC[C@H]3C)C2(C)C,0.0,0.0,0.0,0.0,0.0,0.0,0.0,0.0,0.0,0.0,0.0,0.0
MOL_02664,C=COCC(C)C,0.0,0.0,0.0,0.0,0.0,0.0,0.0,0.0,0.0,0.0,,0.0
MOL_02665,C=C(C)C(=O)OCCOCCOCCOC(=O)C(=C)C,0.0,0.0,0.0,0.0,0.0,0.0,0.0,0.0,0.0,0.0,0.0,0.0
MOL_02666,CC(C)=CC=O,0.0,0.0,0.0,0.0,0.0,0.0,0.0,0.0,0.0,0.0,0.0,0.0
MOL_02667,CC(C)(C#N)C(C)(C)C#N,0.0,0.0,0.0,0.0,0.0,0.0,0.0,0.0,0.0,0.0,0.0,0.0
MOL_02668,CN(C)c1ccc(N(C)C)cc1,0.0,0.0,1.0,,,0.0,,1.0,0.0,0.0,0.0,0.0
MOL_02669,CN(C)CCN(C)C,,0.0,0.0,0.0,0.0,0.0,0.0,0.0,0.0,0.0,0.0,0.0
MOL_02670,Cc1cc(-c2cc(C)c(N)c(C)c2)cc(C)c1N,0.0,0.0,1.0,0.0,0.0,0.0,0.0,0.0,0.0,0.0,,0.0
MOL_02671,CSSC,0.0,0.0,0.0,0.0,0.0,0.0,0.0,0.0,0.0,0.0,0.0,0.0
MOL_02672,CCOc1ccccc1N,0.0,0.0,1.0,0.0,0.0,0.0,0.0,0.0,0.0,0.0,0.0,0.0
MOL_02673,CC1=C(/C=C/C(C)=C/C=C/C(C)=C/C=C\C=C(C)\C=C\C=C(C)\C=C\C2=C(C)C(=O)CCC2(C)C)C(C)(C)CCC1=O,0.0,0.0,0.0,0.0,1.0,1.0,0.0,,0.0,,0.0,0.0
MOL_02674,CC(C)CC(C)Nc1ccc(Nc2ccccc2)cc1,0.0,,,,,0.0,,,0.0,,,
MOL_02675,C=C1CC[C@H](O)C/C1=C/C=C1\CCC[C@@]2(C)[C@H]1CC[C@@H]2[C@H](C)CCCC(C)(C)O,0.0,0.0,0.0,0.0,,0.0,,,0.0,,1.0,
MOL_02676,CC(C)C(C)C,,,0.0,0.0,,0.0,0.0,0.0,0.0,0.0,,0.0
MOL_02677,CCC(C)(C)C,0.0,0.0,0.0,0.0,0.0,0.0,0.0,0.0,0.0,0.0,,0.0
MOL_02678,C=C1/C(=C\C=C2/CCC[C@@]3(C)[C@H]2CC[C@@H]3[C@H](C)CCCC(C)(C)O)C[C@@H](O)C[C@@H]1O,0.0,0.0,,0.0,,0.0,,,,,1.0,
MOL_02679,CC(Cl)(Cl)[N+](=O)[O-],0.0,0.0,0.0,0.0,0.0,0.0,0.0,0.0,0.0,0.0,0.0,0.0
MOL_02680,CCCCCCCCC=O,0.0,0.0,0.0,0.0,0.0,0.0,0.0,0.0,0.0,0.0,0.0,0.0
MOL_02681,CC(C)C(=O)O,0.0,0.0,0.0,0.0,,0.0,0.0,0.0,0.0,0.0,0.0,0.0
MOL_02682,O=[N+]([O-])C(Br)Br,0.0,0.0,,,0.0,0.0,0.0,1.0,,0.0,1.0,
MOL_02683,CCC(C)C(C)=O,0.0,0.0,0.0,0.0,1.0,0.0,0.0,0.0,0.0,0.0,0.0,0.0
MOL_02684,CC(C)C=O,0.0,0.0,0.0,0.0,0.0,0.0,0.0,0.0,0.0,0.0,0.0,0.0
MOL_02685,CC(CCC(=O)O)C(=O)O,0.0,0.0,0.0,0.0,0.0,0.0,0.0,0.0,0.0,0.0,0.0,0.0
MOL_02686,CCCC(C)C(=O)O,0.0,0.0,0.0,0.0,0.0,0.0,0.0,0.0,0.0,0.0,0.0,0.0
MOL_02687,Cc1cc(N)no1,0.0,0.0,0.0,0.0,0.0,0.0,0.0,,0.0,0.0,0.0,0.0
MOL_02688,N=C(N)NN=Cc1c(Cl)cccc1Cl,,,,,,,,0.0,,0.0,,
MOL_02689,O=C(O)Cc1nn(Cc2ccc(Br)cc2F)c(=O)c2ccccc12,0.0,0.0,0.0,0.0,0.0,0.0,0.0,,0.0,,0.0,0.0
MOL_02690,C=CCN1C[C@H](C)N([C@H](c2ccc(C(=O)N(CC)CC)cc2)c2cccc(OC)c2)C[C@H]1C,0.0,0.0,0.0,0.0,0.0,0.0,0.0,,0.0,0.0,0.0,0.0
MOL_02691,CNCCCCOc1ccccc1Cc1ccccc1,0.0,0.0,0.0,,0.0,0.0,,,0.0,0.0,,0.0
MOL_02692,Cc1ccc2c(c1)c1c3n2CCNC3CCC1,0.0,0.0,1.0,0.0,0.0,0.0,,0.0,0.0,0.0,,0.0
MOL_02693,CCN(CC)CCOc1ccc(Cc2ccccc2)cc1,0.0,,,0.0,,,0.0,,0.0,0.0,,0.0
MOL_02694,CCN1CCC[C@H]1CNC(=O)c1c(OC)ccc(Br)c1OC,0.0,0.0,0.0,0.0,0.0,0.0,0.0,0.0,0.0,0.0,0.0,0.0
MOL_02695,CCCCCCCC/C=C\CCCCCCCC(=O)NCc1ccc(O)c(OC)c1,0.0,0.0,0.0,0.0,0.0,0.0,0.0,,0.0,,1.0,0.0
MOL_02696,CCC1(c2ccc(N)cc2)CCC(=O)NC1=O,0.0,0.0,0.0,1.0,0.0,0.0,0.0,0.0,0.0,0.0,0.0,0.0
MOL_02697,Nc1nc(N)c2nc(CNc3ccc(C(=O)N[C@@H](CCC(=O)O)C(=O)O)cc3)cnc2n1,0.0,0.0,0.0,0.0,0.0,0.0,0.0,,0.0,,0.0,0.0
MOL_02698,CCOC(=O)Nc1cccc(OC(=O)Nc2ccccc2)c1,0.0,0.0,1.0,,1.0,0.0,0.0,0.0,0.0,0.0,1.0,0.0
MOL_02699,CC[N+](CC)(CCNC(=O)C(=O)NCC[N+](CC)(CC)Cc1ccccc1Cl)Cc1ccccc1Cl,0.0,0.0,0.0,0.0,,0.0,0.0,0.0,0.0,0.0,0.0,0.0
MOL_02700,NCCCNCCSP(=O)(O)O,,,,,,,,0.0,,0.0,,
MOL_02701,CC1(C)S[C@@H]2[C@H](/N=C/N3CCCCCC3)C(=O)N2[C@H]1C(=O)O,1.0,0.0,0.0,,0.0,0.0,0.0,0.0,0.0,0.0,0.0,0.0
MOL_02702,Cc1ccc([N+](=O)[O-])cc1N,0.0,0.0,1.0,0.0,0.0,0.0,0.0,0.0,0.0,0.0,0.0,0.0
MOL_02703,NCC[C@H](O)C(=O)N[C@@H]1C[C@H](N)[C@@H](O[C@H]2O[C@H](CN)[C@@H](O)[C@H](O)[C@H]2O)[C@H](O)[C@H]1O[C@H]1O[C@H](CO)[C@@H](O)[C@H](N)[C@H]1O,0.0,0.0,0.0,0.0,1.0,0.0,0.0,0.0,0.0,0.0,0.0,0.0
MOL_02704,O=P(O)(O)c1ccccc1,0.0,0.0,0.0,0.0,0.0,0.0,0.0,0.0,0.0,0.0,0.0,0.0
MOL_02705,C(=C/C=N/c1ccccc1)\C=C\Nc1ccccc1,0.0,0.0,,0.0,0.0,0.0,0.0,,0.0,0.0,0.0,0.0
MOL_02706,C[C@]12CC[C@H]3[C@@H](CCC4=CC(=O)CC[C@@]43C)[C@@H]1CC[C@@H]2OC(=O)CCc1ccccc1,1.0,1.0,0.0,,1.0,1.0,0.0,,0.0,,,0.0
MOL_02707,CC(=O)OCC(=O)[C@@]1(O)[C@H](OC(C)=O)C[C@H]2[C@@H]3CCC4=CC(=O)C=C[C@]4(C)[C@@]3(F)[C@@H](O)C[C@@]21C,1.0,0.0,0.0,,,0.0,0.0,0.0,0.0,0.0,0.0,0.0
MOL_02708,CC(C)c1ccccc1O,0.0,0.0,0.0,0.0,0.0,0.0,0.0,0.0,0.0,0.0,0.0,0.0
MOL_02709,CNC(=S)NN,0.0,0.0,,,,0.0,0.0,0.0,0.0,1.0,0.0,0.0
MOL_02710,CC(=N\O)/C(C)=N/O,0.0,0.0,0.0,0.0,0.0,0.0,0.0,0.0,0.0,0.0,0.0,0.0
MOL_02711,COc1ccc2ccccc2c1,0.0,0.0,0.0,0.0,0.0,0.0,0.0,0.0,0.0,0.0,0.0,0.0
MOL_02712,CCCCCCCCCCCCBr,0.0,0.0,0.0,,0.0,0.0,0.0,,0.0,0.0,,0.0
MOL_02713,CC(=O)N[C@@H](C=O)[C@H](O)[C@H](O)[C@@H](O)CO,0.0,0.0,0.0,0.0,0.0,0.0,0.0,,0.0,,0.0,0.0
MOL_02714,O=S(=O)(O)C(F)(F)F,0.0,0.0,0.0,0.0,,0.0,0.0,0.0,0.0,0.0,0.0,0.0
MOL_02715,COCCOCCOCCOCCOC,0.0,0.0,,0.0,0.0,0.0,0.0,0.0,0.0,0.0,0.0,0.0
MOL_02716,O=C(OCCOCCO)c1ccccc1Nc1cccc(C(F)(F)F)c1,0.0,0.0,0.0,0.0,0.0,0.0,0.0,0.0,0.0,0.0,0.0,0.0
MOL_02717,c1ccc([Bi](c2ccccc2)c2ccccc2)cc1,0.0,0.0,0.0,0.0,1.0,0.0,0.0,,0.0,,,0.0
MOL_02718,Nc1c(Br)cc(Br)cc1CN[C@H]1CC[C@H](O)CC1,1.0,1.0,,0.0,0.0,0.0,0.0,,0.0,,0.0,0.0
MOL_02719,CC(=O)OCC(=O)[C@H]1CC[C@H]2[C@@H]3CC[C@H]4C[C@H](O)CC[C@]4(C)[C@H]3C(=O)C[C@]12C,0.0,0.0,,0.0,0.0,0.0,0.0,,0.0,,0.0,0.0
MOL_02720,CC(C)(Sc1cc(C(C)(C)C)c(O)c(C(C)(C)C)c1)Sc1cc(C(C)(C)C)c(O)c(C(C)(C)C)c1,0.0,0.0,0.0,0.0,0.0,0.0,0.0,0.0,0.0,0.0,0.0,0.0
MOL_02721,CN1CCOC(c2ccccc2)c2ccccc2C1,0.0,0.0,0.0,0.0,1.0,0.0,0.0,0.0,0.0,0.0,0.0,0.0
MOL_02722,CCO[Si](C)(OCC)OCC,0.0,0.0,0.0,0.0,0.0,0.0,0.0,0.0,0.0,0.0,0.0,0.0
MOL_02723,CCCCC[Si](OCC)(OCC)OCC,0.0,0.0,0.0,0.0,0.0,0.0,0.0,0.0,0.0,0.0,,0.0
MOL_02724,CCCNC(C)C(=O)Nc1c(C)csc1C(=O)OC,0.0,0.0,0.0,0.0,0.0,0.0,0.0,0.0,0.0,0.0,0.0,0.0
MOL_02725,CC(=O)OC1CC(C)OC(C)O1,0.0,0.0,0.0,0.0,0.0,0.0,0.0,0.0,0.0,0.0,0.0,0.0
MOL_02726,COc1ccc(N)c(OC)c1,0.0,0.0,0.0,0.0,0.0,0.0,0.0,0.0,0.0,0.0,,0.0
MOL_02727,COc1cc(-c2ccc(N=C=O)c(OC)c2)ccc1N=C=O,0.0,0.0,1.0,0.0,0.0,0.0,0.0,0.0,0.0,0.0,0.0,0.0
MOL_02728,O=C(O)CCCCCCCCCCC(=O)O,0.0,0.0,0.0,0.0,1.0,0.0,0.0,0.0,0.0,0.0,0.0,0.0
MOL_02729,CCC(C)NC(N)=O,0.0,0.0,0.0,0.0,0.0,0.0,0.0,0.0,0.0,0.0,0.0,0.0
MOL_02730,CCSCCCl,0.0,0.0,0.0,0.0,0.0,0.0,0.0,,0.0,0.0,0.0,0.0
MOL_02731,CCCC[Sn](Cl)(Cl)CCCC,0.0,,,1.0,,1.0,,1.0,,1.0,1.0,
MOL_02732,C=C(C)C(=O)OCC(CC)CCCC,0.0,0.0,0.0,0.0,0.0,0.0,0.0,0.0,0.0,0.0,,0.0
MOL_02733,CO[Si](OC)(OC)OC,0.0,0.0,0.0,0.0,0.0,0.0,0.0,,0.0,0.0,0.0,0.0
MOL_02734,CC(COc1ccccc1)N(CCCl)Cc1ccccc1,0.0,0.0,0.0,0.0,1.0,1.0,0.0,1.0,0.0,1.0,1.0,
MOL_02735,[C-]#N.[Cu+],0.0,0.0,0.0,0.0,1.0,0.0,0.0,0.0,0.0,0.0,0.0,0.0
MOL_02736,COc1nc(C)nc(NC(=O)NS(=O)(=O)c2ccccc2Cl)n1,0.0,0.0,0.0,0.0,,,0.0,0.0,0.0,0.0,0.0,0.0
MOL_02737,O=C1c2ccccc2C(=O)C1c1ccccc1,0.0,0.0,,0.0,0.0,0.0,0.0,0.0,0.0,0.0,0.0,0.0
MOL_02738,Clc1ccc(Cl)c(Cl)c1,0.0,0.0,0.0,0.0,0.0,0.0,0.0,0.0,0.0,0.0,0.0,0.0
MOL_02739,OCCN(CCO)c1ccccc1,0.0,0.0,0.0,0.0,,0.0,0.0,0.0,0.0,0.0,,0.0
MOL_02740,O=C(c1ccccc1)c1ccccc1,1.0,0.0,0.0,0.0,1.0,0.0,0.0,0.0,0.0,0.0,0.0,0.0
MOL_02741,CCOc1cc(C=O)ccc1O,0.0,0.0,0.0,0.0,0.0,0.0,0.0,0.0,0.0,0.0,0.0,0.0
MOL_02742,COc1cc(C=O)ccc1O,0.0,0.0,0.0,0.0,0.0,0.0,0.0,0.0,0.0,0.0,0.0,0.0
MOL_02743,CC(C)(C)C(=O)CCl,0.0,0.0,0.0,0.0,0.0,0.0,0.0,0.0,0.0,0.0,0.0,0.0
MOL_02744,COC1[C@@H](O[C@@H]2O[C@H](C)[C@@H](O[C@H]3C[C@@](C)(O)[C@H](OC(=O)CC(C)C)[C@H](C)O3)[C@H](N(C)C)[C@H]2O)[C@@H](CC=O)C[C@@H](C)[C@@H](O)C=CC=CC[C@@H](C)OC(=O)C[C@H]1OC(C)=O,0.0,0.0,0.0,0.0,0.0,0.0,0.0,,0.0,,0.0,0.0
MOL_02745,CCC(C)n1ncn(-c2ccc(N3CCN(c4ccc(OC[C@H]5CO[C@](Cn6cncn6)(c6ccc(Cl)cc6Cl)O5)cc4)CC3)cc2)c1=O,0.0,0.0,,0.0,,0.0,0.0,1.0,0.0,0.0,0.0,0.0
MOL_02746,CC[C@H](C)[C@H]1O[C@]2(CC[C@@H]1C)C[C@@H]1C[C@@H](CC=C(C)[C@@H](O[C@H]3C[C@H](OC)[C@@H](O[C@H]4C[C@H](OC)[C@@H](O)[C@H](C)O4)[C@H](C)O3)[C@@H](C)C=CC=C3CO[C@@H]4[C@H](O)C(C)=C[C@@H](C(=O)O1)[C@]34O)O2,0.0,,0.0,0.0,,,,,,,,
MOL_02747,CCCCC(CC)COP(=O)(O)O,0.0,0.0,0.0,0.0,0.0,0.0,,,0.0,0.0,,
MOL_02748,O=C(c1ccc(F)cc1)C1CCN(CCn2c(=O)[nH]c3ccccc3c2=O)CC1,0.0,0.0,0.0,0.0,0.0,0.0,0.0,0.0,0.0,0.0,0.0,0.0
MOL_02749,CCC(C)(C#N)/N=N/C(C)(C#N)CC,0.0,0.0,0.0,0.0,0.0,0.0,0.0,0.0,0.0,0.0,0.0,0.0
MOL_02750,CC(S)C(=O)NCC(=O)O,0.0,0.0,0.0,0.0,0.0,0.0,0.0,0.0,0.0,0.0,0.0,0.0
MOL_02751,Clc1ccc2nsnc2c1NC1=NCCN1,1.0,0.0,0.0,0.0,0.0,0.0,0.0,0.0,0.0,0.0,0.0,0.0
MOL_02752,O=C(O)COc1ccc(C(=O)c2cccs2)c(Cl)c1Cl,0.0,0.0,0.0,0.0,0.0,0.0,0.0,,0.0,,0.0,0.0
MOL_02753,COC1CC(=C(c2cccs2)c2cccs2)C[N+](C)(C)C1,0.0,0.0,0.0,0.0,,0.0,0.0,0.0,0.0,0.0,0.0,0.0
MOL_02754,O=C(CCCN1CCC(n2c(=S)[nH]c3ccccc32)CC1)c1ccc(F)cc1,0.0,0.0,1.0,1.0,,0.0,,,,,0.0,0.0
MOL_02755,CC(C)(C)NC[C@H](O)COc1nsnc1N1CCOCC1,0.0,0.0,0.0,0.0,0.0,0.0,0.0,0.0,0.0,0.0,0.0,0.0
MOL_02756,CCS(=O)(=O)CCn1c([N+](=O)[O-])cnc1C,0.0,0.0,0.0,0.0,1.0,1.0,0.0,0.0,0.0,0.0,0.0,0.0
MOL_02757,CCOC(=O)c1c(N)sc2c1CCN(Cc1ccccc1)C2,,,,,,,,,,0.0,,
MOL_02758,C=CCCCCCCCCC(=O)O,0.0,0.0,0.0,0.0,0.0,0.0,0.0,0.0,0.0,0.0,0.0,0.0
MOL_02759,O=C1CCCO1,0.0,0.0,0.0,0.0,0.0,0.0,0.0,0.0,0.0,0.0,0.0,0.0
MOL_02760,[Cd+2],0.0,,1.0,,0.0,,,,1.0,1.0,0.0,
MOL_02761,CC(C)(C)c1ccc(O)cc1,0.0,0.0,0.0,0.0,0.0,0.0,0.0,0.0,0.0,0.0,1.0,0.0
MOL_02762,CC(C)(C)c1cc(O)ccc1O,0.0,0.0,1.0,1.0,0.0,0.0,0.0,1.0,0.0,0.0,1.0,0.0
MOL_02763,CC1CC(=O)O1,0.0,0.0,0.0,0.0,0.0,0.0,0.0,0.0,0.0,0.0,0.0,0.0
MOL_02764,CCCCNC(N)=O,0.0,0.0,0.0,0.0,0.0,0.0,0.0,0.0,0.0,1.0,0.0,0.0
MOL_02765,CCN(CC)c1ccc(C(=O)c2ccccc2C(=O)O)c(O)c1,0.0,0.0,,,1.0,0.0,1.0,0.0,0.0,0.0,0.0,0.0
MOL_02766,Nc1cc(S(=O)(=O)[O-])cc2cc(S(=O)(=O)O)cc(O)c12,0.0,0.0,0.0,0.0,0.0,0.0,0.0,0.0,0.0,0.0,0.0,0.0
MOL_02767,N#CCN(CC#N)CCN(CC#N)CC#N,0.0,0.0,0.0,0.0,0.0,0.0,0.0,0.0,0.0,0.0,,0.0
MOL_02768,CC(O)C(CO)C(C)O,0.0,0.0,0.0,0.0,0.0,0.0,0.0,0.0,0.0,0.0,0.0,0.0
MOL_02769,COCCOCCOCCOCCOCCO,0.0,0.0,0.0,0.0,0.0,0.0,0.0,0.0,0.0,0.0,0.0,0.0
MOL_02770,O=C(O)c1cc(Cl)cc([N+](=O)[O-])c1Cl,0.0,0.0,0.0,0.0,0.0,0.0,0.0,1.0,0.0,0.0,0.0,0.0
MOL_02771,CCCCCC=CCC1CC(=O)OC1=O,0.0,0.0,0.0,0.0,0.0,0.0,0.0,,0.0,0.0,,0.0
MOL_02772,CCCCCCCCCCCCCN1CC(C)OC(C)C1,0.0,0.0,0.0,0.0,0.0,0.0,0.0,0.0,0.0,0.0,0.0,0.0
MOL_02773,COc1cc(C(C)(C)C)c(O)c(C(C)(C)C)c1,0.0,0.0,0.0,,0.0,0.0,0.0,0.0,0.0,0.0,1.0,0.0
MOL_02774,Clc1cc(Cl)nc(Cl)n1,0.0,0.0,0.0,0.0,0.0,0.0,,1.0,,0.0,0.0,0.0
MOL_02775,C[n+]1ccn(CCO)c1.F[B-](F)(F)F,0.0,0.0,0.0,0.0,0.0,0.0,0.0,0.0,0.0,0.0,0.0,0.0
MOL_02776,CC(CC(=O)Cl)CC(C)(C)C,0.0,0.0,0.0,,0.0,0.0,0.0,0.0,0.0,0.0,0.0,0.0
MOL_02777,CC[n+]1ccccc1.O=S(=O)([O-])C(F)(F)F,0.0,0.0,0.0,0.0,0.0,0.0,0.0,,0.0,0.0,0.0,0.0
MOL_02778,CCCCCCn1cc[n+](C)c1.O=S(=O)([N-]S(=O)(=O)C(F)(F)F)C(F)(F)F,0.0,,0.0,,,0.0,,1.0,0.0,0.0,,0.0
MOL_02779,CCCC[N+]1(C)CCCCC1,0.0,0.0,0.0,0.0,0.0,0.0,0.0,0.0,0.0,0.0,0.0,0.0
MOL_02780,CC[C@H](N)c1ccccc1,0.0,0.0,0.0,0.0,0.0,0.0,0.0,0.0,0.0,0.0,0.0,0.0
MOL_02781,Clc1ccnc(Cl)n1,0.0,0.0,0.0,0.0,0.0,0.0,0.0,0.0,0.0,0.0,,0.0
MOL_02782,CCCC[n+]1ccccc1.O=S(=O)([O-])C(F)(F)F,0.0,0.0,0.0,0.0,0.0,0.0,0.0,0.0,0.0,0.0,0.0,0.0
MOL_02783,CC/C=C\CCCCCCCCCCOC(C)=O,0.0,0.0,0.0,0.0,0.0,0.0,0.0,0.0,0.0,0.0,0.0,0.0
MOL_02784,CC(C)(c1ccccc1)c1cc(-n2nc3ccccc3n2)c(O)c(C(C)(C)c2ccccc2)c1,0.0,0.0,0.0,0.0,0.0,0.0,0.0,0.0,0.0,0.0,0.0,0.0
MOL_02785,CC/C=C/C/C=C/C/C=C/CCCCCCCC(=O)OCC,0.0,0.0,0.0,,0.0,0.0,,,0.0,,1.0,0.0
MOL_02786,CC(=O)c1ccc2c(c1)Cc1ccccc1-2,0.0,0.0,1.0,,1.0,,0.0,1.0,0.0,0.0,,0.0
MOL_02787,NC(=O)c1cnccn1,0.0,0.0,0.0,0.0,0.0,0.0,0.0,0.0,0.0,0.0,0.0,0.0
MOL_02788,CCCCC(CC)COCC1CO1,0.0,0.0,0.0,0.0,0.0,0.0,0.0,0.0,0.0,0.0,0.0,0.0
MOL_02789,CC(=O)Oc1cccc2c1C(=O)c1c(OC(C)=O)cc(C(=O)O)cc1C2=O,0.0,,0.0,0.0,0.0,0.0,0.0,1.0,0.0,0.0,1.0,0.0
MOL_02790,CC(C)(C)C(=O)C1C(=O)c2ccccc2C1=O,0.0,0.0,1.0,0.0,,0.0,,,,0.0,1.0,0.0
MOL_02791,C=C(C)C(=O)OCC(C)O,0.0,0.0,0.0,0.0,0.0,0.0,0.0,0.0,0.0,0.0,0.0,0.0
MOL_02792,CN1C(CSCC(F)(F)F)Nc2cc(Cl)c(S(N)(=O)=O)cc2S1(=O)=O,0.0,0.0,,0.0,0.0,0.0,0.0,,0.0,0.0,0.0,0.0
MOL_02793,CCCCCCCCBr,0.0,0.0,0.0,0.0,0.0,0.0,0.0,0.0,0.0,0.0,0.0,0.0
MOL_02794,CCCCCCCCCCCCO,0.0,0.0,0.0,0.0,0.0,0.0,0.0,0.0,0.0,0.0,0.0,0.0
MOL_02795,C=CCCCCCCCCCC,0.0,0.0,0.0,0.0,0.0,0.0,0.0,0.0,0.0,0.0,0.0,0.0
MOL_02796,CCCCCCCCCCCO,0.0,0.0,0.0,0.0,0.0,0.0,0.0,0.0,0.0,0.0,0.0,0.0
MOL_02797,COCCOCCOCCO,0.0,0.0,0.0,0.0,0.0,0.0,0.0,0.0,0.0,0.0,0.0,0.0
MOL_02798,CCCCCCCCCCCC,0.0,0.0,0.0,0.0,0.0,0.0,0.0,0.0,0.0,,0.0,0.0
MOL_02799,COc1cc(S(=O)(=O)[O-])c(C)cc1/N=N/c1c(O)ccc2cc(S(=O)(=O)[O-])ccc12,0.0,0.0,0.0,,,0.0,0.0,0.0,0.0,0.0,,0.0
MOL_02800,CC1=C(/C=C/C(C)=C/C=C/C(C)=C/C=C/C=C(C)/C=C/C=C(C)/C=C/C2=C(C)C[C@@H](O)CC2(C)C)C(C)(C)C[C@H](O)C1,0.0,,0.0,,,0.0,,,1.0,,,1.0
MOL_02801,CC(C)CCC(=O)O[C@H]1CC[C@H]2[C@@H]3CCC4=CC(=O)CC[C@]4(C)[C@H]3CC[C@]12C,1.0,1.0,,,1.0,1.0,0.0,,0.0,,0.0,0.0
MOL_02802,CC(=O)OCC(=O)[C@@]1(O)CC[C@H]2[C@@H]3CCC4=CC(=O)CC[C@]4(C)C3=CC[C@@]21C,1.0,1.0,0.0,0.0,1.0,0.0,0.0,,0.0,,0.0,0.0
MOL_02803,COc1ccc(-c2nc3cc(C4=NNC(=O)CC4C)ccc3[nH]2)cc1,0.0,0.0,1.0,,,,0.0,0.0,0.0,0.0,,1.0
MOL_02804,Nc1nc(=O)c(Br)c(-c2ccccc2)[nH]1,0.0,,0.0,0.0,0.0,0.0,0.0,0.0,0.0,0.0,0.0,0.0
MOL_02805,CN(c1nccc(=O)[nH]1)C1CCN(c2nc3ccccc3n2Cc2ccc(F)cc2)CC1,0.0,0.0,,0.0,,0.0,0.0,,0.0,0.0,,0.0
MOL_02806,C[C@]12CC[C@H](O)C[C@H]1CC[C@@H]1[C@@H]2CC[C@]2(C)[C@@H](c3ccc(=O)oc3)C[C@H]3O[C@@]312,,,0.0,,1.0,0.0,1.0,,,,,1.0
MOL_02807,Cc1oc(C)c(C(=O)Nc2ccccc2)c1C,0.0,0.0,1.0,1.0,,0.0,,1.0,0.0,0.0,1.0,0.0
MOL_02808,c1ccc([Hg]c2ccccc2)cc1,0.0,0.0,,,,0.0,,,1.0,0.0,1.0,
MOL_02809,C[N+](C)(C)CC(O)CCl,0.0,0.0,0.0,0.0,0.0,0.0,0.0,0.0,0.0,0.0,,0.0
MOL_02810,CC1=C(/C=C/C(C)=C\C=C/C(C)=C/C(=O)O)C(C)(C)CCC1,0.0,0.0,0.0,,,0.0,1.0,,0.0,0.0,,0.0
MOL_02811,C=C(C)C(=O)NCCCN(C)C,0.0,0.0,0.0,0.0,0.0,0.0,0.0,0.0,0.0,0.0,0.0,0.0
MOL_02812,OC[C@H]1O[C@@H](Oc2ccc(O)cc2)[C@H](O)[C@@H](O)[C@@H]1O,0.0,0.0,0.0,0.0,0.0,0.0,0.0,0.0,0.0,0.0,0.0,0.0
MOL_02813,O=C(NCNC(=O)NC1C(=O)NC(=O)N1CO)NC1C(=O)NC(=O)N1CO,0.0,0.0,0.0,0.0,0.0,0.0,0.0,0.0,0.0,0.0,0.0,0.0
MOL_02814,C=C(C)C(=O)OCC(CC)(COC(=O)C(=C)C)COC(=O)C(=C)C,0.0,0.0,0.0,0.0,0.0,0.0,0.0,0.0,0.0,,0.0,0.0
MOL_02815,O=P(Cl)(Oc1ccccc1)Oc1ccccc1,0.0,0.0,0.0,0.0,0.0,0.0,0.0,0.0,0.0,0.0,,0.0
MOL_02816,CCCCCCCCC(CCCCCC)C(=O)O,0.0,0.0,0.0,,0.0,0.0,,,0.0,,,
MOL_02817,Oc1ccc(Cc2ccccc2O)cc1,0.0,0.0,,0.0,1.0,1.0,0.0,1.0,0.0,0.0,1.0,0.0
MOL_02818,CC[C@H](OC(C)=O)C(C[C@@H](C)NC)(c1ccccc1)c1ccccc1,0.0,0.0,0.0,,,0.0,,,0.0,0.0,,0.0
MOL_02819,CO[Si](CCCn1c(=O)n(CCC[Si](OC)(OC)OC)c(=O)n(CCC[Si](OC)(OC)OC)c1=O)(OC)OC,0.0,0.0,0.0,0.0,0.0,0.0,0.0,0.0,0.0,0.0,0.0,0.0
MOL_02820,CCC(CO)CO,0.0,0.0,0.0,0.0,0.0,0.0,0.0,0.0,0.0,0.0,0.0,0.0
MOL_02821,CC(CN)CC(C)(C)CCN,0.0,0.0,0.0,0.0,0.0,0.0,0.0,0.0,0.0,0.0,0.0,0.0
MOL_02822,CC(C)(C)OC(=O)c1ccc(O)cc1,0.0,0.0,,,1.0,1.0,0.0,,0.0,0.0,1.0,0.0
MOL_02823,C=Cc1ccc(OC(C)=O)cc1,0.0,0.0,0.0,0.0,0.0,0.0,0.0,1.0,0.0,0.0,0.0,0.0
MOL_02824,CC(C)CC(C)(N)C#N,0.0,0.0,0.0,0.0,0.0,0.0,0.0,0.0,0.0,0.0,0.0,0.0
MOL_02825,CC(C)=CCN1CC[C@]2(C)c3cc(O)ccc3C[C@H]1[C@H]2C.O=C(O)CCC(=O)O,0.0,0.0,0.0,0.0,1.0,0.0,0.0,,0.0,,0.0,0.0
MOL_02826,CC(=O)OC1(c2ccccc2)CCN(CCc2ccccc2)CC1,0.0,0.0,0.0,0.0,,0.0,0.0,0.0,0.0,0.0,0.0,0.0
MOL_02827,O=S(=O)([O-])c1ccc2cc(O)ccc2c1,0.0,0.0,0.0,0.0,0.0,0.0,0.0,0.0,0.0,0.0,0.0,0.0
MOL_02828,CNC(=S)[S-],0.0,0.0,0.0,0.0,0.0,0.0,0.0,0.0,0.0,0.0,0.0,0.0
MOL_02829,CC(C)COC(=O)CC(C(=O)OCC(C)C)S(=O)(=O)[O-],0.0,0.0,0.0,0.0,0.0,0.0,,0.0,0.0,0.0,0.0,0.0
MOL_02830,CC1(C)C(=O)N(Br)C(=O)N1Cl,0.0,0.0,0.0,0.0,0.0,0.0,0.0,1.0,0.0,0.0,,0.0
MOL_02831,CCCCCCCCCCCCCCCCCC(=O)OCC(O)CO,0.0,0.0,0.0,0.0,0.0,0.0,0.0,0.0,0.0,0.0,0.0,0.0
MOL_02832,[SnH2+2],0.0,0.0,0.0,0.0,0.0,0.0,0.0,0.0,0.0,0.0,0.0,0.0
MOL_02833,COCCO,0.0,0.0,0.0,0.0,0.0,0.0,0.0,0.0,0.0,0.0,,0.0
MOL_02834,C1=CCC([Ti+2]C2=CC=CC2)=C1,0.0,0.0,0.0,,0.0,0.0,0.0,,0.0,,0.0,0.0
MOL_02835,COC(=O)Cl,0.0,0.0,0.0,0.0,0.0,0.0,0.0,0.0,0.0,0.0,0.0,0.0
MOL_02836,CC(=O)Oc1c(C)c(C)c2c(c1C)CC[C@@](C)(CCC[C@H](C)CCC[C@H](C)CCCC(C)C)O2,0.0,0.0,0.0,0.0,0.0,0.0,0.0,0.0,0.0,0.0,0.0,0.0
MOL_02837,CC(=O)Nc1ccc(N)cc1,0.0,0.0,0.0,0.0,0.0,0.0,0.0,0.0,0.0,0.0,0.0,0.0
MOL_02838,CC(=O)Nc1cccc(N)c1,0.0,0.0,,0.0,0.0,0.0,0.0,0.0,0.0,0.0,0.0,0.0
MOL_02839,Nc1cccc(N)c1,0.0,0.0,1.0,0.0,0.0,0.0,0.0,0.0,0.0,0.0,1.0,0.0
MOL_02840,CCCCC1C(=O)N(c2ccccc2)N(c2ccccc2)C1=O,0.0,0.0,0.0,0.0,0.0,0.0,0.0,0.0,0.0,0.0,1.0,0.0
MOL_02841,c1ccc(Nc2ccc3ccccc3c2)cc1,0.0,0.0,1.0,,1.0,0.0,0.0,1.0,1.0,0.0,,0.0
MOL_02842,CC1=NN(c2ccccc2)C(=O)C1,0.0,0.0,1.0,0.0,0.0,0.0,0.0,0.0,0.0,0.0,1.0,0.0
MOL_02843,N=C(N)NC(=O)c1nc(Cl)c(N)nc1N,0.0,0.0,1.0,0.0,0.0,0.0,0.0,1.0,0.0,0.0,0.0,1.0
MOL_02844,Nc1ccc(N)cc1,0.0,0.0,1.0,,,,0.0,1.0,1.0,0.0,1.0,0.0
MOL_02845,CC1=CC[C@H]2C[C@@H]1C2(C)C,0.0,0.0,0.0,0.0,0.0,0.0,0.0,0.0,0.0,0.0,0.0,0.0
MOL_02846,CCCCCCCCCCCCOCCOS(=O)(=O)[O-],0.0,0.0,0.0,,,0.0,,,0.0,0.0,0.0,
MOL_02847,CCCCCCCCCCCCCCCCCCOCCO,0.0,0.0,0.0,0.0,0.0,0.0,0.0,0.0,0.0,0.0,0.0,0.0
MOL_02848,CN1C(=O)c2ccccc2C1=O,0.0,0.0,0.0,0.0,,0.0,0.0,0.0,0.0,0.0,0.0,0.0
MOL_02849,CCCCCCCCCCCCCCCC,0.0,0.0,0.0,0.0,,0.0,0.0,,0.0,0.0,0.0,0.0
MOL_02850,COC(=O)C(C)O,0.0,0.0,0.0,0.0,0.0,0.0,0.0,0.0,0.0,0.0,0.0,0.0
MOL_02851,C1=CCC=C1,0.0,0.0,0.0,0.0,0.0,0.0,0.0,0.0,0.0,0.0,0.0,0.0
MOL_02852,CCNc1nc(NC(C)C)nc(SC)n1,0.0,0.0,,0.0,0.0,0.0,0.0,0.0,0.0,0.0,0.0,0.0
MOL_02853,CC1(C)CNC(=NN=C(/C=C/c2ccc(C(F)(F)F)cc2)/C=C/c2ccc(C(F)(F)F)cc2)NC1,0.0,,1.0,,1.0,,,,,,,
MOL_02854,COC(=O)c1ccccc1S(=O)(=O)NC(=O)Nc1nc(C)nc(OC)n1,0.0,0.0,0.0,0.0,0.0,0.0,0.0,0.0,0.0,0.0,,0.0
MOL_02855,CCOC(=O)[C@H](CCc1ccccc1)N[C@@H](C)C(=O)N1CC2(C[C@H]1C(=O)O)SCCS2,0.0,0.0,0.0,0.0,0.0,0.0,0.0,,0.0,,0.0,0.0
MOL_02856,CNC(=O)O/N=C/C(C)(C)S(C)(=O)=O,0.0,0.0,0.0,0.0,0.0,0.0,0.0,0.0,0.0,0.0,0.0,0.0
MOL_02857,O=C1OC[C@H](Cc2cccc(O)c2)[C@H]1Cc1cccc(O)c1,0.0,0.0,0.0,0.0,1.0,0.0,0.0,0.0,0.0,0.0,1.0,0.0
MOL_02858,CC(C)(C)c1ccc(N)cc1,0.0,0.0,0.0,0.0,,0.0,0.0,0.0,0.0,0.0,0.0,0.0
MOL_02859,CCCc1ccc(N)cc1,0.0,0.0,0.0,0.0,0.0,0.0,0.0,0.0,0.0,0.0,0.0,0.0
MOL_02860,COc1cc(NS(C)(=O)=O)ccc1Nc1c2ccccc2nc2ccccc12,0.0,,,,0.0,,,,,,1.0,1.0
MOL_02861,CCCCc1nc2cccnc2n1Cc1ccc(-c2ccccc2-c2nnn[n-]2)cc1,0.0,,0.0,,0.0,0.0,1.0,,0.0,0.0,,0.0
MOL_02862,CCCCc1oc2ccccc2c1C(=O)c1cc(I)c(OCCN(CC)CC)c(I)c1,0.0,0.0,0.0,0.0,0.0,0.0,,0.0,0.0,,,0.0
MOL_02863,CN1CCc2cccc3c2[C@H]1Cc1ccc(O)c(O)c1-3.CN1CCc2cccc3c2[C@H]1Cc1ccc(O)c(O)c1-3,0.0,0.0,1.0,,,0.0,0.0,1.0,0.0,,0.0,0.0
MOL_02864,C=C1C[C@H]2[C@@H]3C=C(C)C4=CC(=O)CC[C@]4(C)[C@H]3CC[C@]2(C)[C@@]1(OC(C)=O)C(C)=O,1.0,0.0,0.0,,0.0,,0.0,1.0,0.0,0.0,0.0,0.0
MOL_02865,CC(C)COC(=O)C=Cc1ccccc1,0.0,0.0,0.0,,0.0,0.0,0.0,0.0,0.0,0.0,0.0,0.0
MOL_02866,O=C(C=Cc1ccccc1)OCC=Cc1ccccc1,0.0,0.0,0.0,,1.0,0.0,0.0,,0.0,0.0,0.0,0.0
MOL_02867,C=CC(Cl)CCl,0.0,0.0,0.0,0.0,0.0,0.0,0.0,0.0,0.0,0.0,0.0,0.0
MOL_02868,Oc1ccccc1Cc1ccccc1O,0.0,0.0,0.0,0.0,0.0,,0.0,1.0,0.0,0.0,1.0,0.0
MOL_02869,CCC(=O)Nc1ccc(Cl)c(Cl)c1,0.0,0.0,1.0,0.0,,0.0,0.0,0.0,0.0,0.0,,0.0
MOL_02870,NC12CC3CC(CC(C3)C1)C2,0.0,0.0,0.0,0.0,0.0,0.0,0.0,0.0,0.0,0.0,0.0,0.0
MOL_02871,CCC(C)(c1ccc(O)cc1)c1ccc(O)cc1,0.0,0.0,0.0,,1.0,1.0,,1.0,0.0,0.0,1.0,1.0
MOL_02872,CCc1cccc(C)c1N(C(=O)CCl)C(C)COC,0.0,0.0,0.0,1.0,0.0,0.0,,1.0,0.0,0.0,0.0,0.0
MOL_02873,Fc1ccccc1,0.0,0.0,0.0,0.0,0.0,0.0,0.0,,0.0,0.0,0.0,0.0
MOL_02874,CC(O)C1CCCCC1,0.0,0.0,0.0,0.0,0.0,0.0,0.0,0.0,0.0,0.0,0.0,0.0
MOL_02875,CNC1(C)C2CCC(C2)C1(C)C,0.0,0.0,0.0,0.0,0.0,0.0,0.0,0.0,0.0,0.0,0.0,0.0
MOL_02876,Cc1cccc(Nc2ccccc2C(=O)O)c1C,0.0,,0.0,0.0,0.0,0.0,0.0,,0.0,0.0,,0.0
MOL_02877,CNC[C@H](O)[C@@H](O)[C@H](O)[C@H](O)CO,0.0,0.0,0.0,0.0,1.0,0.0,0.0,0.0,0.0,0.0,0.0,0.0
MOL_02878,Cc1cc(O)c2ccccc2c1O,,,,,,,,,,1.0,,
MOL_02879,COC(=O)N(C(=O)N1CO[C@@]2(C(=O)OC)Cc3cc(Cl)ccc3C2=N1)c1ccc(OC(F)(F)F)cc1,0.0,,0.0,1.0,,,,,0.0,,1.0,
MOL_02880,C[N+](C)(C)CCCCCC[N+](C)(C)C,0.0,0.0,0.0,0.0,0.0,0.0,0.0,0.0,0.0,0.0,0.0,0.0
MOL_02881,O=C(Cn1cnnn1)N[C@@H]1C(=O)N2C(C(=O)[O-])=C(CSc3nncs3)CS[C@H]12,0.0,0.0,0.0,0.0,0.0,0.0,0.0,,0.0,,0.0,0.0
MOL_02882,COC(=O)C1(O)c2ccccc2-c2ccccc21,0.0,0.0,0.0,0.0,0.0,0.0,0.0,0.0,0.0,0.0,0.0,0.0
MOL_02883,COc1ccc2c3c1O[C@H]1[C@H](O)CC[C@H]4[C@@H](C2)N(C)CC[C@@]341,0.0,0.0,0.0,0.0,0.0,0.0,0.0,0.0,0.0,0.0,0.0,0.0
MOL_02884,CS(=O)(=O)c1cc(C(F)(F)F)ccc1C(=O)c1cnoc1C1CC1,0.0,0.0,0.0,0.0,0.0,0.0,,0.0,0.0,0.0,0.0,0.0
MOL_02885,Cc1c(C(=O)c2cnn(C)c2O)ccc(S(C)(=O)=O)c1C1=NOCC1,0.0,0.0,,0.0,0.0,0.0,0.0,0.0,0.0,0.0,0.0,0.0
MOL_02886,CC(C)(C)c1ccc(CCC=O)cc1,0.0,0.0,0.0,,0.0,0.0,0.0,0.0,0.0,0.0,0.0,0.0
MOL_02887,CCCCC(=O)OCC(=O)[C@H]1[C@H](C)C[C@H]2[C@@H]3C[C@H](F)C4=CC(=O)C=C[C@]4(C)[C@@]3(F)[C@@H](O)C[C@@]21C,1.0,1.0,,,0.0,0.0,0.0,0.0,0.0,0.0,0.0,0.0
MOL_02888,NCCCC[C@H](NC(=O)[C@@H]1CCCN1C(=O)[C@@H]1CSSC[C@H](N)C(=O)N[C@@H](Cc2ccccc2)C(=O)N[C@@H](Cc2ccccc2)C(=O)N[C@@H](CCC(N)=O)C(=O)N[C@@H](CC(N)=O)C(=O)N1)C(=O)NCC(N)=O,0.0,0.0,0.0,0.0,0.0,0.0,0.0,,0.0,,0.0,0.0
MOL_02889,C1CC(COCC2CO2)CCC1COCC1CO1,0.0,0.0,0.0,,0.0,0.0,,,0.0,0.0,0.0,0.0
MOL_02890,COC(=O)CCCCCCCCC(=O)OC,0.0,0.0,0.0,0.0,0.0,0.0,0.0,0.0,0.0,0.0,,0.0
MOL_02891,O=[Se]([O-])[O-],0.0,0.0,0.0,0.0,0.0,0.0,0.0,0.0,,0.0,0.0,0.0
MOL_02892,CCC(=O)O[C@](Cc1ccccc1)(c1ccccc1)[C@H](C)CN(C)C,0.0,0.0,0.0,0.0,0.0,0.0,,,0.0,,,0.0
MOL_02893,COC(=O)CCCCCCCC(=O)OC,0.0,0.0,0.0,0.0,0.0,0.0,0.0,,0.0,0.0,0.0,0.0
MOL_02894,CCOC(=S)[S-],0.0,0.0,0.0,,0.0,0.0,0.0,1.0,0.0,1.0,0.0,0.0
MOL_02895,CCCCN(CCCC)C(=S)[S-],0.0,0.0,0.0,0.0,0.0,0.0,0.0,0.0,0.0,1.0,0.0,0.0
MOL_02896,O=C(CCCN1CCC(C(=O)c2ccc(F)cc2)CC1)c1ccc(F)cc1,0.0,0.0,0.0,0.0,0.0,0.0,0.0,,0.0,,0.0,0.0
MOL_02897,CC(C)(CO)[C@@H](O)C(=O)NCCCC(=O)[O-].CC(C)(CO)[C@@H](O)C(=O)NCCCC(=O)[O-],0.0,0.0,0.0,0.0,,0.0,0.0,,0.0,,,0.0
MOL_02898,O=C(O)CCC/C=C\C[C@H]1[C@@H](O)C[C@@H](O)[C@@H]1/C=C/[C@@H](O)COc1cccc(C(F)(F)F)c1,0.0,0.0,0.0,,1.0,,0.0,,0.0,,0.0,0.0
MOL_02899,COc1ccc(-c2cc(=S)ss2)cc1,0.0,0.0,,,,0.0,0.0,1.0,0.0,1.0,,0.0
MOL_02900,O=C1CCC(=O)N1CO,0.0,0.0,,0.0,0.0,0.0,0.0,,0.0,,,0.0
MOL_02901,NC(=O)[C@@H]1C[C@]2(NC(=O)NC2=O)c2cc(F)ccc2O1,0.0,0.0,0.0,0.0,0.0,0.0,0.0,,0.0,,0.0,0.0
MOL_02902,COc1ccc(C(=O)c2c(C)n(CCN3CCOCC3)c3ccccc23)cc1,0.0,0.0,0.0,0.0,0.0,0.0,0.0,,0.0,0.0,,
MOL_02903,CCCCCCCCCCCCCCCCBr,0.0,0.0,0.0,0.0,0.0,0.0,0.0,0.0,0.0,0.0,0.0,0.0
MOL_02904,CC1=C(C=O)C(C)(C)CC=C1,0.0,0.0,0.0,0.0,0.0,0.0,0.0,0.0,0.0,0.0,0.0,0.0
MOL_02905,CC[C@@]1(O)C[C@H](O[C@H]2C[C@H](N(C)C)[C@H](O[C@H]3C[C@H](O)[C@H](O[C@H]4CCC(=O)[C@H](C)O4)[C@H](C)O3)[C@H](C)O2)c2c(cc3c(c2O)C(=O)c2c(O)cccc2C3=O)[C@H]1C(=O)OC,0.0,1.0,,1.0,1.0,,,,,,1.0,1.0
MOL_02906,CC(C)(C)C(=O)CC(=O)C(C)(C)C,0.0,0.0,0.0,0.0,0.0,0.0,0.0,,0.0,0.0,0.0,0.0
MOL_02907,CCCCC/C(=C/c1ccccc1)CO,0.0,0.0,0.0,,0.0,0.0,0.0,0.0,0.0,0.0,1.0,0.0
MOL_02908,CCCCCCCCCCCCCC[P+](CCCC)(CCCC)CCCC.CCCCCCCCCCCCc1ccccc1S(=O)(=O)[O-],0.0,,,,,,,,0.0,1.0,1.0,1.0
MOL_02909,O=[N+]([O-])c1ccc(CBr)cc1,0.0,0.0,0.0,0.0,0.0,0.0,0.0,,0.0,0.0,0.0,0.0
MOL_02910,CC(C)C[C@H](NC(=O)[C@H](Cc1ccccc1)NC(=O)c1cnccn1)B(O)O,0.0,0.0,0.0,1.0,,,,1.0,1.0,1.0,0.0,1.0
MOL_02911,CCN(CC)C(=O)C(C)Oc1cccc2ccccc12,0.0,0.0,1.0,1.0,0.0,0.0,0.0,0.0,0.0,0.0,0.0,0.0
MOL_02912,Clc1cccc(C(Cl)(Cl)Cl)n1,0.0,0.0,1.0,0.0,0.0,0.0,0.0,0.0,0.0,0.0,0.0,0.0
MOL_02913,CC(C)Cc1ccc([C@H](C)C(=O)O)cc1,0.0,0.0,0.0,0.0,0.0,0.0,0.0,,0.0,,0.0,0.0
MOL_02914,CC(C)COC(=O)COc1ccc(Cl)cc1Cl,0.0,0.0,0.0,0.0,0.0,0.0,0.0,0.0,0.0,0.0,0.0,0.0
MOL_02915,CCOC(=O)COc1ccc(Cl)cc1Cl,0.0,0.0,0.0,0.0,0.0,0.0,0.0,0.0,0.0,0.0,,0.0
MOL_02916,CCOC(=O)C=CC(=O)O,0.0,0.0,0.0,0.0,0.0,0.0,0.0,1.0,0.0,0.0,0.0,0.0
MOL_02917,CCN1C(=CC=CC=Cc2sc3ccccc3[n+]2CC)Sc2ccccc21,0.0,0.0,,,,0.0,0.0,,,,1.0,
MOL_02918,Oc1ccc(C2(c3ccc(O)cc3)c3ccccc3-c3ccccc32)cc1,0.0,0.0,0.0,,,,,,0.0,,,1.0
MOL_02919,N#CCNCC#N,0.0,0.0,0.0,0.0,0.0,0.0,0.0,0.0,0.0,0.0,0.0,0.0
MOL_02920,Oc1ccc(C2(c3ccc(O)cc3)CCCCC2)cc1,0.0,,0.0,,1.0,1.0,,1.0,0.0,1.0,1.0,
MOL_02921,Nc1cc2c3c(c1)C(c1ccccc1)=N[C@@H](NC(=O)c1cccnc1)C(=O)N3CC2,0.0,0.0,,0.0,0.0,0.0,0.0,0.0,0.0,0.0,,0.0
MOL_02922,CSc1ccc(Oc2ccc(S(N)(=O)=O)cc2CN(C)C)cc1C,0.0,0.0,0.0,,,0.0,,0.0,0.0,0.0,,0.0
MOL_02923,NCC1(Cc2noc(=O)[nH]2)CCCCC1,0.0,0.0,0.0,0.0,0.0,0.0,0.0,,0.0,0.0,,0.0
MOL_02924,CN[C@H]1CC[C@@H](c2ccc(Cl)c(Cl)c2)c2ccc(S(N)(=O)=O)cc21,0.0,0.0,0.0,,,0.0,,,0.0,0.0,1.0,
MOL_02925,CC(C)c1nnc2ccc(-c3ocnc3-c3cc(F)ccc3F)cn12,0.0,0.0,0.0,,,0.0,0.0,0.0,0.0,0.0,,0.0
MOL_02926,O=C(O)c1cccc(C[C@@H]2COc3ccc(OCc4nc5cc(F)ccc5s4)cc3[C@@H]2O)c1,0.0,0.0,0.0,0.0,0.0,0.0,0.0,,0.0,0.0,,
MOL_02927,O=C(O)Cn1c(=O)n(Cc2ccc(Br)cc2F)c(=O)c2ccc(Cl)cc21,0.0,0.0,0.0,0.0,0.0,0.0,0.0,0.0,0.0,0.0,0.0,0.0
MOL_02928,CCOc1cccc([C@]2(N3CCN(c4ccccc4)CC3)CC[C@@H](C)CC2)c1,0.0,0.0,,0.0,0.0,0.0,0.0,0.0,0.0,0.0,0.0,0.0
MOL_02929,CC(=O)NCCCS(=O)(=O)[O-].CC(=O)NCCCS(=O)(=O)[O-],0.0,0.0,0.0,0.0,0.0,0.0,0.0,1.0,0.0,0.0,0.0,0.0
MOL_02930,Cc1ccc(Br)cc1,0.0,0.0,0.0,0.0,0.0,0.0,0.0,0.0,0.0,0.0,0.0,0.0
MOL_02931,OCCCCO,0.0,0.0,0.0,0.0,0.0,0.0,0.0,0.0,0.0,0.0,0.0,0.0
MOL_02932,C(CCOCC1CO1)COCC1CO1,0.0,0.0,0.0,,0.0,0.0,0.0,1.0,0.0,0.0,0.0,
MOL_02933,CCCC=NO,0.0,0.0,0.0,0.0,0.0,0.0,0.0,0.0,0.0,0.0,0.0,0.0
MOL_02934,C/C(=N/NC(=O)c1ccncc1)C(=O)O,,,,,,,,0.0,,0.0,,
MOL_02935,COc1ccc2c(c1)CCCC2=O,,,,,,,,0.0,,0.0,,
MOL_02936,O=C1CC2(CCCC2)CC(=O)N1,,,,,,,,0.0,,0.0,,
MOL_02937,CCCCCN(CCCOC)C(=O)C(CCC(=O)O)NC(=O)c1ccc(Cl)c(Cl)c1,,,,,,,,0.0,,0.0,,
MOL_02938,C/C(=N\O)[C@@H](C)NCC(C)(C)CN[C@H](C)/C(C)=N/O,,,,,,,,0.0,,0.0,,
MOL_02939,CCc1cc2cc(OC)c(OC)cc2c(Cc2ccccc2)n1,,,,,,,,0.0,,0.0,,
MOL_02940,CC[N+]1(CC)CCC(OC(=O)C(O)(c2ccccc2)c2ccccc2)C1,,,,,,,,0.0,,0.0,,
MOL_02941,COc1cc2c(cc1OC)CN(C(=O)[C@H](C)N[C@@H](CCc1ccccc1)C(=O)O)[C@H](C(=O)O)C2,,,,,,,,0.0,,0.0,,
MOL_02942,CC[S+](C)CC.O=S(=O)([N-]S(=O)(=O)C(F)(F)F)C(F)(F)F,,0.0,0.0,0.0,1.0,0.0,0.0,0.0,0.0,0.0,,0.0
MOL_02943,CCOC(=O)c1cc(=O)c2c(OCC(COc3cccc4oc(C(=O)OCC)cc(=O)c34)OC(=O)[C@@H](N)CCCCN)cccc2o1,,,,,,,,,,0.0,,
MOL_02944,CCCCCCCCn1cc[n+](C)c1.O=S(=O)([N-]S(=O)(=O)C(F)(F)F)C(F)(F)F,0.0,0.0,0.0,1.0,,,0.0,1.0,,0.0,,
MOL_02945,Cl[Au](Cl)Cl,0.0,,0.0,,,1.0,,1.0,,1.0,,
MOL_02946,CC(=O)OC(C)c1ccccc1,0.0,0.0,0.0,0.0,0.0,0.0,0.0,0.0,0.0,0.0,0.0,0.0
MOL_02947,Cc1ccc(S(=O)(=O)[O-])c(C)c1,0.0,0.0,0.0,0.0,0.0,0.0,0.0,0.0,0.0,0.0,0.0,0.0
MOL_02948,OCCCc1ccccc1,0.0,0.0,0.0,0.0,0.0,0.0,0.0,0.0,0.0,0.0,0.0,0.0
MOL_02949,CCCCCCCCOC(=O)c1ccc(O)cc1,0.0,0.0,0.0,,1.0,1.0,0.0,0.0,0.0,,1.0,0.0
MOL_02950,CN1CC[C@H](c2c(O)cc(O)c3c(=O)cc(-c4ccccc4Cl)oc23)[C@H](O)C1,0.0,,0.0,,,0.0,,,0.0,0.0,,0.0
MOL_02951,Cn1cnc2ncnc(N)c21,0.0,0.0,0.0,0.0,0.0,0.0,0.0,0.0,0.0,0.0,0.0,0.0
MOL_02952,NC(=O)n1c(O)c(C(=O)c2cccs2)c2cc(Cl)ccc21,0.0,,1.0,,,0.0,,,,0.0,1.0,1.0
MOL_02953,NCCNCCNCCNCCN,0.0,0.0,0.0,0.0,0.0,0.0,0.0,,0.0,0.0,,0.0
MOL_02954,COc1ccc(Br)c(C)c1,0.0,0.0,0.0,0.0,0.0,0.0,0.0,0.0,0.0,0.0,0.0,0.0
MOL_02955,Oc1c(Cl)c(Cl)cc(Cl)c1Cl,0.0,,,1.0,,0.0,,1.0,,0.0,1.0,
MOL_02956,O=[N+]([O-])c1ccc(S(=O)(=O)O)c([N+](=O)[O-])c1,,0.0,,,0.0,0.0,0.0,1.0,0.0,0.0,0.0,0.0
MOL_02957,CCCCCC1=CCCC1=O,0.0,0.0,0.0,0.0,0.0,0.0,0.0,0.0,0.0,0.0,0.0,0.0
MOL_02958,O=C1OC(=O)c2c(Cl)c(Cl)c(Cl)c(Cl)c21,0.0,0.0,0.0,0.0,0.0,0.0,0.0,0.0,0.0,0.0,0.0,0.0
MOL_02959,C=CC(=O)OCCOCCOCCOCCOC(=O)C=C,0.0,1.0,0.0,,,0.0,1.0,1.0,1.0,,0.0,
MOL_02960,O=C[O-],0.0,0.0,0.0,0.0,0.0,0.0,0.0,0.0,0.0,0.0,0.0,0.0
MOL_02961,CCCCCCCCCCCCCCCCCC[N+](C)(C)Cc1ccccc1,0.0,,0.0,,,,,,,,1.0,
MOL_02962,CN(C)c1ccc(N=O)cc1,0.0,1.0,1.0,,1.0,0.0,,,1.0,1.0,0.0,1.0
MOL_02963,CC(C)(C)OC(=O)c1cccc(N)c1,0.0,0.0,,0.0,1.0,1.0,0.0,0.0,0.0,0.0,,0.0
MOL_02964,Cc1ccc2ccccc2c1C,0.0,0.0,,0.0,0.0,0.0,0.0,0.0,0.0,0.0,0.0,0.0
MOL_02965,Cc1ccc([N+](=O)[O-])cc1C,0.0,0.0,0.0,0.0,0.0,0.0,0.0,0.0,0.0,0.0,0.0,0.0
MOL_02966,Cc1cccc([N+](=O)[O-])c1C,0.0,0.0,0.0,0.0,0.0,0.0,0.0,0.0,0.0,0.0,0.0,0.0
MOL_02967,Cc1ccc([N+](=O)[O-])c(C)c1,0.0,0.0,0.0,0.0,1.0,0.0,0.0,0.0,0.0,0.0,0.0,0.0
MOL_02968,Cc1cccc(C)c1[N+](=O)[O-],0.0,0.0,0.0,0.0,1.0,0.0,0.0,0.0,0.0,0.0,0.0,0.0
MOL_02969,Cc1ccc(C)c([N+](=O)[O-])c1,0.0,0.0,0.0,0.0,0.0,0.0,0.0,1.0,0.0,0.0,0.0,0.0
MOL_02970,Cc1cc(C)cc([N+](=O)[O-])c1,0.0,0.0,0.0,0.0,0.0,0.0,0.0,0.0,0.0,0.0,0.0,0.0
MOL_02971,CCO[Si](CC)(OCC)OCC,0.0,0.0,0.0,0.0,0.0,0.0,0.0,0.0,0.0,0.0,,0.0
MOL_02972,CCOc1cc(OP(=S)(OC)OC)nc(CC)n1,0.0,0.0,0.0,0.0,0.0,0.0,0.0,0.0,0.0,0.0,0.0,0.0
MOL_02973,COP(=S)(OC)Oc1ccc(S(=O)(=O)N(C)C)cc1,0.0,0.0,,,0.0,,0.0,0.0,0.0,0.0,0.0,0.0
MOL_02974,CCC=O,0.0,0.0,0.0,0.0,0.0,0.0,0.0,0.0,0.0,0.0,0.0,0.0
MOL_02975,O=C(O)CC(=O)O,0.0,0.0,0.0,0.0,0.0,0.0,0.0,1.0,0.0,0.0,0.0,0.0
MOL_02976,COC(=O)[C@@H]1[C@@H](O)CC[C@@H]2CN3CCc4c([nH]c5ccccc45)[C@@H]3C[C@@H]21,0.0,0.0,1.0,0.0,0.0,0.0,0.0,,0.0,,0.0,0.0
MOL_02977,CC(=O)C(=O)O,0.0,0.0,0.0,0.0,0.0,0.0,0.0,1.0,0.0,0.0,0.0,0.0
MOL_02978,CC(C)(O)[C@H]1[C@@H]2C(=O)O[C@H]1[C@H]1OC(=O)[C@@]34O[C@@H]3C[C@]2(O)[C@@]14C,0.0,0.0,,0.0,0.0,0.0,0.0,,0.0,,0.0,0.0
MOL_02979,CCCCCCCCCCCCCCC(=O)O,0.0,0.0,0.0,0.0,,,0.0,0.0,0.0,0.0,0.0,0.0
MOL_02980,CO[C@]12C[C@@H](COC(=O)c3cncc(Br)c3)CN(C)[C@@H]1Cc1cn(C)c3cccc2c13,0.0,0.0,1.0,,0.0,0.0,0.0,0.0,0.0,0.0,0.0,0.0
MOL_02981,NCCCC[C@H](N[C@@H](CCc1ccccc1)C(=O)O)C(=O)N1CCC[C@H]1C(=O)O,0.0,0.0,0.0,0.0,0.0,0.0,0.0,0.0,0.0,0.0,0.0,0.0
MOL_02982,CCCCC(=O)O,0.0,0.0,0.0,0.0,1.0,0.0,0.0,0.0,0.0,0.0,0.0,0.0
MOL_02983,O=C(O)Cc1ccccc1,0.0,0.0,0.0,0.0,0.0,0.0,0.0,0.0,0.0,0.0,0.0,0.0
MOL_02984,CO/N=C(\C(=O)N[C@@H]1C(=O)N2C(C(=O)O)=C(C[N+]3(C)CCCC3)CS[C@H]12)c1csc(N)n1,0.0,0.0,0.0,0.0,0.0,0.0,0.0,,0.0,,0.0,0.0
MOL_02985,O=C(O)/C=C/c1c[nH]cn1,0.0,0.0,0.0,0.0,0.0,0.0,0.0,0.0,0.0,0.0,0.0,0.0
MOL_02986,C[Si](Cn1cncn1)(c1ccc(F)cc1)c1ccc(F)cc1,0.0,0.0,,1.0,,0.0,0.0,0.0,0.0,0.0,1.0,0.0
MOL_02987,NNC(=O)c1cccnc1,0.0,0.0,1.0,0.0,,0.0,0.0,0.0,0.0,0.0,0.0,0.0
MOL_02988,O=C(O)c1cccnc1,0.0,0.0,0.0,0.0,0.0,0.0,0.0,0.0,0.0,0.0,0.0,0.0
MOL_02989,O=[N+]([O-])[O-].[Na+],0.0,0.0,0.0,0.0,0.0,0.0,0.0,0.0,0.0,0.0,0.0,0.0
MOL_02990,CCOC(=O)NC(=S)Nc1ccccc1NC(=S)NC(=O)OCC,0.0,0.0,1.0,,1.0,0.0,0.0,0.0,0.0,0.0,,
MOL_02991,O=C(O)CN(CC(=O)O)CC(=O)O,0.0,0.0,0.0,0.0,0.0,0.0,0.0,1.0,0.0,0.0,0.0,0.0
MOL_02992,N#CCCC(Br)(C#N)CBr,0.0,,0.0,,0.0,0.0,,,0.0,1.0,,0.0
MOL_02993,CC(CCC(=O)O)(c1ccc(O)cc1)c1ccc(O)cc1,0.0,0.0,0.0,0.0,1.0,0.0,0.0,0.0,0.0,0.0,0.0,0.0
MOL_02994,CC[C@H]1OC(=O)C[C@@H](O)[C@H](C)[C@@H](O[C@@H]2O[C@H](C)[C@@H](O[C@H]3C[C@@](C)(O)[C@@H](O)[C@H](C)O3)[C@H](N(C)C)[C@H]2O)[C@@H](CC=O)C[C@@H](C)C(=O)C=CC(C)=C[C@@H]1CO[C@@H]1O[C@H](C)[C@@H](O)[C@@H](OC)[C@H]1OC,0.0,0.0,0.0,0.0,0.0,0.0,0.0,,0.0,,0.0,0.0
MOL_02995,O=C(O)c1cn(-c2ccc(F)cc2)c2cc(N3CCNCC3)c(F)cc2c1=O,0.0,0.0,0.0,0.0,0.0,0.0,0.0,0.0,0.0,0.0,,0.0
MOL_02996,O=C(NC(Cc1cc(=O)[nH]c2ccccc12)C(=O)O)c1ccc(Cl)cc1,0.0,0.0,0.0,0.0,0.0,0.0,0.0,,0.0,0.0,0.0,0.0
MOL_02997,Cc1ncc([N+](=O)[O-])n1CC(C)O,0.0,0.0,0.0,0.0,0.0,0.0,0.0,0.0,0.0,0.0,0.0,0.0
MOL_02998,CCn1cc(C(=O)O)c(=O)c2cc(F)c(N3CCN(C)CC3)cc21,0.0,0.0,0.0,0.0,0.0,0.0,0.0,0.0,0.0,0.0,,0.0
MOL_02999,CN(C)CCc1c[nH]c2ccc(C[C@H]3COC(=O)N3)cc12,,,,,,,,0.0,,0.0,,
MOL_03000,C[C@]12CC[C@H]3[C@@H](C=CC4=CC(=O)CC[C@@]43C)[C@@H]1CC[C@@]21CCC(=O)O1,1.0,1.0,0.0,1.0,,0.0,0.0,1.0,0.0,0.0,0.0,0.0
MOL_03001,CC(C)NCC(O)COc1cccc2[nH]ccc12,0.0,0.0,,0.0,0.0,0.0,0.0,0.0,0.0,0.0,0.0,0.0
MOL_03002,O=c1[nH]c2ccccc2n1C1CCN(CCCC(c2ccc(F)cc2)c2ccc(F)cc2)CC1,0.0,,0.0,0.0,,0.0,0.0,,,,,
MOL_03003,CC1=C(C/C=C(\C)CCC[C@H](C)CCC[C@H](C)CCCC(C)C)C(=O)c2ccccc2C1=O,,,,,,,,0.0,,0.0,,
MOL_03004,O=C(O)c1ccccc1C(=O)Nc1ccc(S(=O)(=O)Nc2nccs2)cc1,0.0,0.0,0.0,0.0,0.0,0.0,0.0,0.0,0.0,0.0,0.0,0.0
MOL_03005,CNC(=O)Oc1ccc2c(c1)[C@]1(C)CCN(C)[C@@H]1N2C,0.0,0.0,0.0,0.0,0.0,0.0,0.0,1.0,0.0,0.0,0.0,0.0
MOL_03006,CC(=O)O[C@H]1C[C@@H]2CC[C@@H]3[C@H](CC[C@@]4(C)[C@H]3C[C@H](N3CC[N+](C)(C)CC3)[C@@H]4OC(C)=O)[C@@]2(C)C[C@@H]1N1CC[N+](C)(C)CC1,0.0,0.0,0.0,0.0,0.0,0.0,0.0,,0.0,,0.0,0.0
MOL_03007,CCn1cc(C(=O)O)c(=O)c2cnc(N3CCNCC3)nc21,0.0,0.0,0.0,0.0,0.0,0.0,0.0,0.0,0.0,0.0,0.0,0.0
MOL_03008,C=Cc1cccc(CCl)c1,0.0,0.0,0.0,0.0,0.0,0.0,0.0,1.0,0.0,0.0,0.0,0.0
MOL_03009,CCOP(=O)(OCC)SCCSCC,0.0,0.0,0.0,0.0,,0.0,0.0,0.0,0.0,0.0,0.0,0.0
MOL_03010,C=Cc1ccc(C(C)(C)C)cc1,0.0,0.0,0.0,0.0,0.0,0.0,0.0,0.0,0.0,0.0,,0.0
MOL_03011,CCCCN,0.0,0.0,0.0,0.0,0.0,0.0,0.0,0.0,0.0,0.0,,0.0
MOL_03012,CC(C)[C@H](C(=O)OC(C#N)c1cccc(Oc2ccccc2)c1)c1ccc(OC(F)F)cc1,0.0,0.0,0.0,,0.0,0.0,0.0,0.0,0.0,,1.0,0.0
MOL_03013,N#CCC#N,0.0,1.0,,,0.0,0.0,,0.0,0.0,1.0,,
MOL_03014,CCNCC,0.0,0.0,0.0,0.0,0.0,0.0,0.0,0.0,0.0,0.0,0.0,0.0
MOL_03015,O=c1c(-c2ccc(O)cc2)coc2cc(O)cc(O)c12,0.0,0.0,1.0,,1.0,1.0,,1.0,1.0,0.0,1.0,1.0
MOL_03016,CCCCCCCCCC(=O)N(C)C,0.0,0.0,0.0,0.0,0.0,0.0,0.0,0.0,0.0,0.0,0.0,0.0
MOL_03017,C=CC(=O)[O-].C=CC(=O)[O-].[Zn+2],0.0,0.0,0.0,0.0,0.0,0.0,,,0.0,0.0,0.0,0.0
MOL_03018,Nc1nc2nc[nH]c2c(=S)[nH]1,0.0,0.0,1.0,1.0,1.0,1.0,0.0,1.0,0.0,0.0,0.0,1.0
MOL_03019,CS(=O)(=O)c1ccc([C@@H](O)[C@@H](COC(=O)CN)NC(=O)C(Cl)Cl)cc1,0.0,0.0,0.0,0.0,0.0,0.0,0.0,,0.0,,0.0,0.0
MOL_03020,CC1(C)C2=CCCC(C)(C)[C@]23CC[C@H]1C3,0.0,0.0,0.0,1.0,0.0,0.0,0.0,0.0,0.0,0.0,0.0,0.0
MOL_03021,CC(CCO)CCCC(C)(C)O,0.0,0.0,0.0,0.0,,0.0,0.0,0.0,0.0,0.0,,0.0
MOL_03022,Nc1nc2c(ncn2COC(CO)CO)c(=O)[nH]1,0.0,0.0,0.0,0.0,0.0,0.0,0.0,0.0,0.0,0.0,0.0,0.0
MOL_03023,CN1CCN(CCC=C2c3ccccc3Sc3ccc(S(=O)(=O)N(C)C)cc32)CC1,0.0,0.0,0.0,,0.0,0.0,,,0.0,,,
MOL_03024,Cc1cc(N)n(-c2ccccc2)n1,0.0,0.0,,,,0.0,0.0,0.0,0.0,0.0,0.0,0.0
MOL_03025,C=C(C)C(=O)OCCOCCOCCOCCOC(=O)C(=C)C,0.0,0.0,0.0,0.0,0.0,0.0,0.0,1.0,0.0,0.0,,0.0
MOL_03026,COc1cc2ncnc(Nc3ccc(F)c(Cl)c3)c2cc1OCCCN1CCOCC1,0.0,0.0,1.0,,,0.0,0.0,1.0,0.0,0.0,,
MOL_03027,COc1ccc(CN2CCNCC2)c(OC)c1OC,,,,,,,,0.0,,0.0,,
MOL_03028,Nc1ccc(S(=O)(=O)Nc2ccccn2)cc1,0.0,0.0,0.0,0.0,0.0,0.0,0.0,0.0,0.0,0.0,0.0,0.0
MOL_03029,Cc1cc(NS(=O)(=O)c2ccc(N)cc2)no1,0.0,0.0,0.0,0.0,0.0,0.0,0.0,0.0,0.0,0.0,0.0,0.0
MOL_03030,COc1ccc2c(c1)c1c3n2CCN(C)C3=NCC1,0.0,,1.0,0.0,0.0,0.0,0.0,0.0,0.0,0.0,0.0,0.0
MOL_03031,CCN(CC)c1ccc(C(=C2C=CC(=[N+](CC)CC)C=C2)c2ccc(S(=O)(=O)[O-])cc2S(=O)(=O)[O-])cc1,0.0,0.0,,1.0,,0.0,0.0,0.0,,0.0,,0.0
MOL_03032,CCCCOC(=O)c1ccc(O)cc1,0.0,0.0,0.0,,1.0,1.0,0.0,1.0,1.0,0.0,1.0,0.0
MOL_03033,CCC(C)c1cc([N+](=O)[O-])cc([N+](=O)[O-])c1O,0.0,0.0,0.0,0.0,0.0,0.0,0.0,1.0,0.0,0.0,1.0,0.0
MOL_03034,CCCCCl,0.0,0.0,0.0,0.0,0.0,0.0,0.0,0.0,0.0,0.0,,0.0
MOL_03035,CCCCOC(=O)c1ccccc1C(=O)OCc1ccccc1,0.0,0.0,0.0,0.0,1.0,1.0,0.0,0.0,0.0,0.0,0.0,0.0
MOL_03036,CCC[C@@H]1O[C@@H]2C[C@H]3[C@@H]4CCC5=CC(=O)C=C[C@]5(C)[C@H]4[C@@H](O)C[C@]3(C)[C@]2(C(=O)CO)O1,1.0,1.0,0.0,,0.0,0.0,0.0,1.0,0.0,0.0,0.0,0.0
MOL_03037,OCCBr,0.0,0.0,0.0,0.0,0.0,0.0,0.0,1.0,0.0,0.0,0.0,0.0
MOL_03038,O=C([O-])CCCOc1ccc(Cl)cc1Cl,0.0,,1.0,0.0,0.0,0.0,0.0,0.0,0.0,0.0,0.0,0.0
MOL_03039,CCCCC/C=C\C=C\C(=O)OCC,0.0,0.0,0.0,,0.0,0.0,,,0.0,,1.0,
MOL_03040,CCCCCC[n+]1ccccc1.F[B-](F)(F)F,0.0,0.0,0.0,0.0,0.0,0.0,0.0,0.0,0.0,0.0,0.0,0.0
MOL_03041,Clc1nnc(Cl)c2ccccc12,0.0,0.0,1.0,0.0,0.0,0.0,0.0,1.0,0.0,0.0,,0.0
MOL_03042,Cc1cc(O)c(Cl)c(C)c1Cl,0.0,,0.0,,,0.0,0.0,,0.0,,1.0,
MOL_03043,CC(C)CCCO,0.0,0.0,0.0,,0.0,0.0,0.0,0.0,0.0,0.0,0.0,0.0
MOL_03044,CC/C=C/CCCCCCCCCCOC(C)=O,0.0,0.0,0.0,0.0,0.0,0.0,0.0,0.0,0.0,0.0,0.0,0.0
MOL_03045,C/C=C/C/C=C\CCCCCCCCOC(C)=O,0.0,0.0,0.0,,0.0,0.0,,,0.0,1.0,0.0,0.0
MOL_03046,C/C=C/C=C/CCCCCCCO,0.0,0.0,0.0,0.0,0.0,0.0,0.0,,0.0,1.0,0.0,0.0
MOL_03047,C=CC(=O)OCCCCOC(=O)C=C,0.0,1.0,0.0,,0.0,0.0,1.0,1.0,1.0,,0.0,
MOL_03048,O=[N+]([O-])/C=C/c1ccccc1,0.0,,,,0.0,0.0,,,1.0,,,1.0
MOL_03049,COC(=O)c1c(C(F)F)nc(C(F)(F)F)c(C2=NCCS2)c1CC(C)C,0.0,0.0,0.0,0.0,0.0,0.0,0.0,0.0,0.0,0.0,0.0,0.0
MOL_03050,CCCCn1cc[n+](C)c1,0.0,0.0,0.0,0.0,0.0,0.0,0.0,0.0,0.0,0.0,0.0,0.0
MOL_03051,CCCCCCI,0.0,0.0,,0.0,0.0,0.0,0.0,0.0,0.0,0.0,0.0,0.0
MOL_03052,Cc1cccc2c1cc1ccc3cccc4ccc2c1c34,0.0,1.0,1.0,0.0,0.0,,1.0,1.0,0.0,1.0,,1.0
MOL_03053,CCCCCCCCCCCCCCCBr,0.0,0.0,0.0,0.0,0.0,0.0,0.0,0.0,0.0,0.0,0.0,0.0
MOL_03054,CCOP(=S)(Oc1cnc(C(C)(C)C)nc1)OC(C)C,0.0,0.0,1.0,,0.0,0.0,0.0,0.0,0.0,0.0,0.0,0.0
MOL_03055,CCOC(=O)CS,0.0,0.0,0.0,,0.0,0.0,0.0,0.0,0.0,0.0,,1.0
MOL_03056,COP(=S)(OC)Oc1ccc(Sc2ccc(OP(=S)(OC)OC)cc2)cc1,0.0,0.0,,,,,0.0,0.0,0.0,0.0,,
MOL_03057,CCCCCC[n+]1ccccc1.O=S(=O)([O-])C(F)(F)F,0.0,0.0,0.0,0.0,,0.0,0.0,1.0,0.0,0.0,0.0,0.0
MOL_03058,CCCOC(=O)C(C)O,0.0,0.0,0.0,0.0,0.0,0.0,0.0,0.0,0.0,0.0,0.0,0.0
MOL_03059,CC(O)CN(CCN(CC(C)O)CC(C)O)CC(C)O,0.0,0.0,0.0,0.0,0.0,0.0,0.0,0.0,0.0,0.0,0.0,0.0
MOL_03060,CCCCCCC(C=O)=Cc1ccccc1,0.0,0.0,0.0,0.0,1.0,0.0,0.0,0.0,0.0,0.0,0.0,0.0
MOL_03061,c1ccc(-c2ccc(-c3ccccc3)cc2)cc1,0.0,0.0,1.0,,1.0,0.0,0.0,0.0,1.0,0.0,,0.0
MOL_03062,OC(CCCN1CCCCC1)(c1ccccc1)c1ccccc1,0.0,0.0,0.0,0.0,0.0,0.0,0.0,0.0,0.0,0.0,,0.0
MOL_03063,CC(C)(C#N)/N=N/C(C)(C)C#N,0.0,0.0,0.0,0.0,0.0,0.0,0.0,0.0,0.0,0.0,0.0,0.0
MOL_03064,CCCCC(CC)COC(=O)c1c(Br)c(Br)c(Br)c(Br)c1C(=O)OCC(CC)CCCC,1.0,0.0,0.0,,0.0,0.0,0.0,0.0,0.0,0.0,0.0,0.0
MOL_03065,CCC(C)(C)c1cc(-n2nc3ccccc3n2)c(O)c(C(C)(C)CC)c1,0.0,0.0,0.0,0.0,0.0,0.0,0.0,0.0,0.0,0.0,0.0,0.0
MOL_03066,CC/C=C\C#N,0.0,0.0,0.0,0.0,0.0,0.0,0.0,0.0,0.0,0.0,,0.0
MOL_03067,CC(C)S,0.0,0.0,0.0,0.0,0.0,0.0,0.0,,0.0,0.0,0.0,0.0
MOL_03068,CC(C)OCC1CO1,0.0,0.0,0.0,0.0,0.0,0.0,0.0,0.0,0.0,,0.0,0.0
MOL_03069,CC(C)OC(=O)Cc1ccccc1,0.0,0.0,0.0,0.0,0.0,0.0,0.0,0.0,0.0,0.0,0.0,0.0
MOL_03070,COP(=S)(OC)Oc1cc(Cl)c(Cl)cc1Cl,0.0,0.0,1.0,0.0,0.0,0.0,0.0,,0.0,0.0,1.0,0.0
MOL_03071,CC(C)Nc1ccc(Nc2ccccc2)cc1,0.0,0.0,0.0,,,0.0,0.0,1.0,0.0,,,1.0
MOL_03072,Fc1ccc(Oc2ccnc3cc(Cl)cc(Cl)c23)cc1,0.0,0.0,,0.0,0.0,0.0,1.0,1.0,0.0,,1.0,1.0
MOL_03073,COP(OC)OC,0.0,0.0,0.0,0.0,0.0,0.0,0.0,0.0,0.0,0.0,,0.0
MOL_03074,CCC(C)(C)c1ccc(O)c(C(C)(C)CC)c1,0.0,0.0,0.0,,0.0,0.0,0.0,,,,1.0,
MOL_03075,Cc1ccc([N+](=O)[O-])cc1S(=O)(=O)O,0.0,0.0,0.0,0.0,0.0,0.0,0.0,0.0,0.0,0.0,0.0,0.0
MOL_03076,CC(C)(C)CC(C)(C)c1ccc(OCCO)cc1,0.0,0.0,0.0,,,0.0,0.0,1.0,0.0,,1.0,0.0
MOL_03077,OCCO[C@H]1[C@@H](O)O[C@H](CO)[C@@H](O)[C@@H]1O,1.0,0.0,0.0,,0.0,0.0,0.0,,0.0,,0.0,0.0
MOL_03078,O=c1[n-]c2[nH]c(=O)[nH]c(=O)c2[nH]1,,,,,,,,0.0,,0.0,,
MOL_03079,CCCCCCCCC1CO1,0.0,0.0,0.0,0.0,0.0,0.0,0.0,0.0,0.0,0.0,0.0,0.0
MOL_03080,CNC(=O)[C@H](Cc1c[nH]c2ccccc12)NC(=O)[C@@H](CC(=O)NO)CC(C)C,0.0,0.0,,0.0,0.0,0.0,0.0,,,,0.0,0.0
MOL_03081,C[Se]CC[C@H](N)C(=O)O,0.0,0.0,0.0,0.0,0.0,0.0,0.0,,0.0,,0.0,0.0
MOL_03082,O=C(O[C@@H]1C[C@@H]2C[C@@H]3C[C@H](C1)N2CC3=O)c1c[nH]c2ccccc12,0.0,0.0,0.0,0.0,0.0,0.0,0.0,,0.0,,,0.0
MOL_03083,CCCCCCCCOc1ccccc1C(=O)Nc1ccc(C(=O)OCC[N+](C)(CC)CC)cc1,0.0,0.0,0.0,0.0,0.0,0.0,,,0.0,,,
MOL_03084,O[C@@H]1[C@H](O)CN2CCC[C@@H](O)[C@H]12,0.0,0.0,0.0,0.0,0.0,0.0,0.0,,0.0,,0.0,0.0
MOL_03085,CCCC(=O)O[C@]1(C(=O)CCl)[C@@H](C)C[C@H]2[C@@H]3CCC4=CC(=O)C=C[C@]4(C)[C@@]3(F)C(=O)C[C@@]21C,,,,,,,,1.0,,0.0,,
MOL_03086,C=CC[C@@H]1C=C(C)C[C@H](C)C[C@H](OC)[C@H]2O[C@@](O)(C(=O)C(=O)N3CCCC[C@H]3C(=O)O[C@H](/C(C)=C/[C@@H]3CC[C@@H](O)[C@H](OC)C3)[C@H](C)[C@@H](O)CC1=O)[C@H](C)C[C@@H]2OC,0.0,0.0,0.0,,0.0,0.0,,,,,1.0,0.0
MOL_03087,Nc1ncnc2c1ncn2[C@@H]1O[C@H](COP(=O)(O)O)[C@@H](O)[C@H]1O,0.0,0.0,0.0,0.0,0.0,0.0,0.0,0.0,0.0,0.0,,0.0
MOL_03088,CCOC(=O)N(C)C(=O)CSP(=S)(OCC)OCC,0.0,0.0,1.0,0.0,0.0,0.0,0.0,0.0,0.0,0.0,0.0,0.0
MOL_03089,CC/C=C\CC/C=C/CO,0.0,0.0,0.0,0.0,0.0,0.0,0.0,0.0,0.0,0.0,0.0,0.0
MOL_03090,C=C(C)CCC[C@H](C)CCO,0.0,0.0,0.0,0.0,0.0,0.0,0.0,0.0,0.0,0.0,0.0,0.0
MOL_03091,CCCCCCCCC1CCC(=O)O1,1.0,0.0,0.0,,,0.0,0.0,0.0,0.0,0.0,0.0,0.0
MOL_03092,C=CC(C)(CCC=C(C)C)OC(=O)c1ccccc1,0.0,0.0,0.0,0.0,1.0,1.0,0.0,0.0,0.0,0.0,1.0,0.0
MOL_03093,CC1CCc2nccnc21,,0.0,0.0,0.0,0.0,0.0,0.0,0.0,0.0,0.0,0.0,0.0
MOL_03094,CCCCCCCCCCCCCCC1CO1,0.0,0.0,,0.0,0.0,0.0,0.0,0.0,0.0,0.0,0.0,0.0
MOL_03095,CC1CCC(C(C)(C)S)C(=O)C1,0.0,0.0,0.0,0.0,0.0,0.0,0.0,0.0,0.0,0.0,0.0,0.0
MOL_03096,CCCC(C)C(=O)OCC,0.0,0.0,0.0,0.0,0.0,0.0,0.0,0.0,0.0,,0.0,0.0
MOL_03097,CCCc1ccc(O)c(OC)c1,0.0,0.0,0.0,0.0,0.0,0.0,0.0,0.0,0.0,0.0,0.0,0.0
MOL_03098,CN(C)C(=S)SC(=S)N(C)C,0.0,0.0,,,,1.0,,,1.0,1.0,,0.0
MOL_03099,CN(C)C(=S)SSC(=S)N(C)C,0.0,,0.0,,,0.0,,,1.0,1.0,1.0,0.0
MOL_03100,OC[P+](CO)(CO)CO.OC[P+](CO)(CO)CO,0.0,0.0,0.0,,0.0,0.0,0.0,1.0,0.0,,,0.0
MOL_03101,OC[P+](CO)(CO)CO,0.0,0.0,0.0,0.0,0.0,0.0,0.0,1.0,0.0,0.0,,0.0
MOL_03102,c1ccc2[nH]c(-c3cscn3)nc2c1,0.0,0.0,1.0,,1.0,0.0,0.0,0.0,1.0,0.0,0.0,0.0
MOL_03103,Cn1c(=O)c2[nH]cnc2n(C)c1=O,0.0,0.0,0.0,0.0,1.0,0.0,0.0,0.0,0.0,0.0,0.0,0.0
MOL_03104,CN(C)CCN(Cc1ccsc1)c1ccccn1,,,,,,,,0.0,,0.0,,
MOL_03105,O=[N+]([O-])C([N+](=O)[O-])([N+](=O)[O-])[N+](=O)[O-],0.0,0.0,0.0,0.0,0.0,0.0,0.0,1.0,0.0,0.0,0.0,0.0
MOL_03106,S=P(N1CC1)(N1CC1)N1CC1,0.0,0.0,0.0,0.0,0.0,0.0,0.0,,0.0,0.0,0.0,1.0
MOL_03107,CS(=O)(=O)c1ccc([C@@H](O)[C@@H](CO)NC(=O)C(Cl)Cl)cc1,0.0,0.0,0.0,0.0,0.0,0.0,0.0,0.0,0.0,0.0,0.0,0.0
MOL_03108,Cc1ccc(S(N)(=O)=O)cc1,0.0,0.0,0.0,0.0,0.0,0.0,0.0,0.0,0.0,0.0,0.0,0.0
MOL_03109,CO/N=C1/C[C@]2(C[C@@H]3C[C@@H](CC=C(C)C[C@@H](C)C=CC=C4CO[C@@H]5[C@H](O)C(C)=C[C@@H](C(=O)O3)[C@]45O)O2)O[C@H](/C(C)=C/C(C)C)[C@H]1C,1.0,1.0,0.0,0.0,,,,,0.0,,1.0,
MOL_03110,CON(C)C(=O)Nc1ccc(Cl)cc1,0.0,0.0,1.0,,0.0,0.0,0.0,0.0,0.0,0.0,0.0,0.0
MOL_03111,O=C(O)c1cc(C(=O)O)cc(C(=O)O)c1,0.0,0.0,0.0,0.0,0.0,0.0,0.0,0.0,0.0,0.0,0.0,0.0
MOL_03112,COP(=O)(OC)Oc1ccc([N+](=O)[O-])cc1,0.0,0.0,0.0,1.0,0.0,0.0,0.0,,0.0,,0.0,0.0
MOL_03113,CNC(=O)N(C)c1nc2ccccc2s1,0.0,0.0,1.0,,1.0,0.0,0.0,,1.0,0.0,0.0,0.0
MOL_03114,O=C(O)c1cccc(C(=O)O)c1,0.0,0.0,0.0,0.0,0.0,0.0,0.0,0.0,0.0,0.0,0.0,0.0
MOL_03115,O=C(O)c1ccccc1C(=O)O,0.0,0.0,0.0,0.0,0.0,0.0,0.0,0.0,0.0,0.0,0.0,0.0
MOL_03116,O=C(O)c1ccc(C(=O)O)c(C(=O)O)c1,0.0,0.0,0.0,0.0,0.0,0.0,0.0,0.0,0.0,0.0,0.0,0.0
MOL_03117,O=C(O)c1cccc(C(=O)O)c1C(=O)O,0.0,0.0,0.0,0.0,0.0,0.0,0.0,0.0,0.0,0.0,0.0,0.0
MOL_03118,CC(C)OC(=O)c1cc(C(=O)OC(C)C)cc([N+](=O)[O-])c1,0.0,0.0,,,0.0,0.0,0.0,0.0,0.0,0.0,,0.0
MOL_03119,CC1CCCO1,0.0,0.0,0.0,0.0,0.0,0.0,0.0,0.0,0.0,0.0,,0.0
MOL_03120,O=C(O)c1ccc(S(=O)(=O)O)cc1C(=O)O,0.0,0.0,0.0,0.0,0.0,0.0,0.0,0.0,0.0,0.0,0.0,0.0
MOL_03121,Nn1cnnc1,0.0,0.0,0.0,0.0,0.0,0.0,0.0,0.0,0.0,0.0,0.0,0.0
MOL_03122,O=C1O[C@H]([C@H](O)CO)C(O)=C1O,0.0,0.0,0.0,0.0,,0.0,0.0,0.0,0.0,0.0,0.0,0.0
MOL_03123,C[N+]1(C)[C@H]2CC(OC(=O)C(O)(c3cccs3)c3cccs3)C[C@@H]1[C@H]1O[C@@H]21,0.0,0.0,0.0,0.0,,0.0,0.0,,0.0,,0.0,
MOL_03124,COc1ccnc(CS(=O)c2nc3cc(OC(F)F)ccc3[n-]2)c1OC,0.0,0.0,1.0,0.0,0.0,0.0,0.0,1.0,0.0,0.0,0.0,0.0
MOL_03125,CCCCc1ncc(/C=C(\Cc2cccs2)C(=O)O)n1Cc1ccc(C(=O)O)cc1,0.0,0.0,0.0,0.0,0.0,0.0,0.0,0.0,0.0,0.0,,0.0
MOL_03126,CC(C)[C@H](N)C(=O)OCCOCn1cnc2c(=O)[nH]c(N)nc21,0.0,0.0,0.0,0.0,0.0,0.0,0.0,0.0,0.0,0.0,0.0,0.0
MOL_03127,CNC(=O)Oc1cc(C)cc(C(C)C)c1,0.0,0.0,0.0,0.0,0.0,0.0,0.0,0.0,0.0,0.0,,0.0
MOL_03128,Cc1ccsc1C(=CCCN1CCC[C@@H](C(=O)O)C1)c1sccc1C,0.0,0.0,0.0,0.0,1.0,0.0,0.0,0.0,0.0,0.0,,0.0
MOL_03129,COc1cc(C)nc(-n2nc(C)cc2OC)n1,0.0,0.0,,0.0,0.0,0.0,0.0,0.0,0.0,1.0,0.0,0.0
MOL_03130,CCN(CC)CC#CCOC(=O)C(O)(c1ccccc1)C1CCCCC1,0.0,0.0,0.0,0.0,0.0,0.0,0.0,,0.0,,,0.0
MOL_03131,OC(CCN1CCCC1)(c1ccccc1)C1CCCCC1,0.0,0.0,0.0,0.0,0.0,0.0,0.0,0.0,0.0,0.0,,0.0
MOL_03132,Cc1ccc(C(=O)Oc2ccc(C(O)CNC(C)(C)C)cc2OC(=O)c2ccc(C)cc2)cc1,,,,,,,,,,0.0,,
MOL_03133,CC(=O)Oc1ccc(C(c2ccc(OC(C)=O)cc2)c2ccccn2)cc1,0.0,0.0,0.0,,,,0.0,0.0,0.0,0.0,1.0,1.0
MOL_03134,Cc1cc2c(OCC(CNC(C)(C)C)OC(=O)c3ccccc3)cccc2[nH]1,0.0,0.0,0.0,0.0,0.0,0.0,0.0,0.0,0.0,0.0,,0.0
MOL_03135,CC[N+](C)(C)Cc1ccccc1Br,0.0,0.0,0.0,0.0,0.0,0.0,0.0,,0.0,,0.0,0.0
MOL_03136,CN(C)CCOC(c1ccccc1)c1ccc(Br)cc1,,,,,,,,,,0.0,,
MOL_03137,CSC(=O)c1cccc2nnsc12,0.0,0.0,0.0,0.0,0.0,0.0,0.0,0.0,0.0,0.0,0.0,0.0
MOL_03138,CCCCC1CCC(O)CC1,0.0,0.0,0.0,0.0,0.0,0.0,0.0,0.0,0.0,0.0,0.0,0.0
MOL_03139,CCC(=O)c1ccc(Cl)cc1,0.0,0.0,0.0,0.0,0.0,0.0,0.0,0.0,0.0,0.0,0.0,0.0
MOL_03140,Cc1cc(C)c(C(=O)O)c(C)c1,0.0,0.0,0.0,0.0,0.0,0.0,0.0,0.0,0.0,0.0,0.0,0.0
MOL_03141,CCCCOc1ccc(N)cc1,0.0,0.0,,0.0,,0.0,0.0,0.0,0.0,0.0,0.0,0.0
MOL_03142,CC(C)C(=O)c1ccccc1,0.0,0.0,,0.0,0.0,0.0,0.0,0.0,0.0,0.0,0.0,0.0
MOL_03143,O=C(c1ccccc1)C1CCC1,0.0,0.0,0.0,0.0,0.0,0.0,0.0,0.0,0.0,1.0,0.0,0.0
MOL_03144,CC(C)(C)c1ccc(S)cc1,0.0,0.0,0.0,,,0.0,0.0,0.0,0.0,0.0,0.0,0.0
MOL_03145,CCCCCCOc1ccc(O)cc1,0.0,0.0,,,1.0,0.0,,1.0,1.0,0.0,1.0,1.0
MOL_03146,CCCC1CCC(=O)CC1,0.0,0.0,0.0,0.0,0.0,0.0,0.0,0.0,0.0,0.0,0.0,0.0
MOL_03147,CCCC(CC)CCCCCCCN,0.0,0.0,0.0,0.0,0.0,0.0,0.0,0.0,0.0,0.0,,0.0
MOL_03148,CC(=O)OC[C@H]1O[C@@H](O)[C@H](OC(=O)c2ccccc2C(=O)O)[C@@H](O)[C@@H]1O[C@@H]1O[C@H](COC(C)=O)[C@@H](O)[C@H](OC(=O)c2ccccc2C(=O)O)[C@H]1O,0.0,0.0,0.0,0.0,0.0,0.0,0.0,,0.0,,0.0,0.0
MOL_03149,C=C(C)C(=O)OCC,0.0,0.0,0.0,0.0,0.0,0.0,0.0,0.0,0.0,0.0,0.0,0.0
MOL_03150,CCOS(C)(=O)=O,0.0,0.0,0.0,0.0,0.0,0.0,0.0,0.0,0.0,0.0,0.0,0.0
MOL_03151,CC=C1CC2C=CC1C2,0.0,0.0,0.0,0.0,0.0,0.0,0.0,0.0,0.0,0.0,0.0,0.0
MOL_03152,COP(=O)(O)OP(=O)(O)OC,0.0,0.0,0.0,,0.0,0.0,0.0,,0.0,0.0,0.0,0.0
MOL_03153,CCCCC(CC)COCCCN,0.0,0.0,0.0,0.0,,0.0,0.0,0.0,0.0,,,0.0
MOL_03154,CCCCC(CC)COC(=O)C=Cc1ccc(OC)cc1,0.0,0.0,0.0,0.0,0.0,0.0,0.0,0.0,0.0,0.0,0.0,0.0
MOL_03155,CCCCC(CC)COCCC#N,0.0,0.0,0.0,0.0,0.0,0.0,0.0,0.0,0.0,0.0,0.0,0.0
MOL_03156,CCCCC(CC)COP(=O)(Oc1ccccc1)Oc1ccccc1,0.0,0.0,0.0,0.0,0.0,0.0,0.0,0.0,0.0,,,0.0
MOL_03157,Oc1ccc(CCNCCCCCCNCCc2ccccc2)cc1O,0.0,0.0,0.0,0.0,0.0,0.0,,,0.0,0.0,0.0,0.0
MOL_03158,O=NN(CCCl)C(=O)NC1CCCCC1,,,,,,,,0.0,,0.0,,
MOL_03159,CC(Oc1c(Cl)cccc1Cl)C1=NCCN1,,,,,,,,,,0.0,,
MOL_03160,C#C[C@]1(OC(=O)CCCCCC)CC[C@H]2[C@@H]3CCC4=CC(=O)CC[C@@H]4[C@H]3CC[C@@]21C,1.0,1.0,0.0,,1.0,1.0,0.0,,0.0,,1.0,
MOL_03161,CCCCc1nc(Cl)c(CO)n1Cc1ccc(-c2ccccc2-c2nnn[nH]2)cc1,0.0,0.0,0.0,0.0,0.0,0.0,1.0,0.0,0.0,0.0,,0.0
MOL_03162,O=C1Nc2ccc(Cl)cc2C(c2ccccc2Cl)=NC1O,0.0,0.0,0.0,0.0,0.0,0.0,0.0,,0.0,,0.0,0.0
MOL_03163,CCOC(=O)N1CCC(=C2c3ccc(Cl)cc3CCc3cccnc32)CC1,0.0,0.0,0.0,0.0,,0.0,0.0,1.0,,,,1.0
MOL_03164,COc1cc(OC)nc(Sc2cccc(Cl)c2C(=O)[O-])n1,0.0,0.0,0.0,0.0,0.0,0.0,0.0,0.0,0.0,0.0,0.0,0.0
MOL_03165,CCCSP(=S)(OCC)Oc1ccc(SC)cc1,0.0,0.0,1.0,0.0,0.0,0.0,0.0,0.0,0.0,,,0.0
MOL_03166,Cc1cnc(C2=NC(=O)C(C)(C(C)C)N2)c(C(=O)O)c1,0.0,0.0,0.0,0.0,,0.0,0.0,0.0,0.0,0.0,,0.0
MOL_03167,Cc1cc(Cl)ccc1OCC(=O)[O-],0.0,0.0,0.0,0.0,0.0,0.0,0.0,0.0,0.0,0.0,0.0,0.0
MOL_03168,O=C(CS)Nc1ccccc1,0.0,,1.0,0.0,1.0,0.0,0.0,0.0,0.0,,,1.0
MOL_03169,COc1ccc(CCN(C)CCCC(C#N)(c2ccc(OC)c(OC)c2)C(C)C)cc1OC,0.0,0.0,0.0,0.0,,0.0,,0.0,0.0,0.0,,0.0
MOL_03170,C[Si](C)(C)O[Si](C)(C)C,0.0,0.0,0.0,0.0,0.0,0.0,0.0,0.0,0.0,0.0,0.0,0.0
MOL_03171,C=C(C)CC(C)(C)C,0.0,0.0,0.0,0.0,0.0,0.0,0.0,0.0,0.0,0.0,0.0,0.0
MOL_03172,CC(C)=CC(C)(C)C,0.0,0.0,0.0,0.0,0.0,0.0,0.0,0.0,0.0,0.0,0.0,0.0
MOL_03173,CC(=O)OCC1=C(C(=O)O)N2C(=O)[C@@H](NC(=O)Cc3ccccc3)[C@H]2SC1,0.0,0.0,,0.0,0.0,0.0,0.0,,0.0,,0.0,0.0
MOL_03174,COc1cc(C(=S)N2CCOCC2)ccc1O,0.0,0.0,0.0,0.0,0.0,0.0,0.0,0.0,0.0,0.0,0.0,0.0
MOL_03175,Cn1c(=N)[nH]c2[nH]cnc2c1=O,0.0,0.0,,0.0,0.0,0.0,0.0,0.0,0.0,0.0,0.0,0.0
MOL_03176,O=C(O)c1ccc(NC2OC[C@@H](O)[C@H](O)[C@H]2O)cc1,0.0,0.0,0.0,,0.0,0.0,0.0,,0.0,,0.0,0.0
MOL_03177,O=C(O)COc1ccc(CCNS(=O)(=O)c2ccccc2)s1,0.0,0.0,0.0,0.0,0.0,0.0,0.0,,0.0,,0.0,0.0
MOL_03178,COc1cc2[nH]c(=O)[nH]c(=O)c2cc1OC,0.0,0.0,0.0,0.0,,0.0,0.0,0.0,0.0,0.0,0.0,0.0
MOL_03179,C[C@H]1[C@@H](c2ccccc2)N=C(O)N1C,0.0,0.0,0.0,0.0,0.0,0.0,0.0,0.0,0.0,0.0,,0.0
MOL_03180,CCOC(=O)CC(=O)c1cc(F)c(Cl)nc1Cl,0.0,0.0,0.0,0.0,0.0,0.0,0.0,0.0,0.0,0.0,0.0,0.0
MOL_03181,CCC(C=O)CC,0.0,0.0,0.0,0.0,0.0,0.0,0.0,0.0,0.0,0.0,0.0,0.0
MOL_03182,CC(=O)NC(=O)c1ccccc1O,0.0,0.0,0.0,0.0,0.0,0.0,0.0,0.0,0.0,0.0,0.0,0.0
MOL_03183,CCCCN1CCCC1C(=O)Nc1c(C)cc(C)cc1C,0.0,0.0,,0.0,0.0,0.0,0.0,0.0,0.0,0.0,,0.0
MOL_03184,BrCC(Br)C1CCC(Br)C(Br)C1,1.0,0.0,0.0,0.0,0.0,0.0,0.0,,0.0,0.0,1.0,0.0
MOL_03185,CNc1cnn(-c2cccc(C(F)(F)F)c2)c(=O)c1Cl,0.0,0.0,1.0,,1.0,0.0,0.0,0.0,1.0,0.0,0.0,0.0
MOL_03186,Brc1cc(Oc2cc(Br)c(Br)c(Br)c2Br)c(Br)c(Br)c1Br,0.0,0.0,0.0,0.0,0.0,0.0,0.0,0.0,0.0,0.0,0.0,0.0
MOL_03187,OCC(Br)=C(Br)CO,0.0,0.0,,0.0,,0.0,0.0,0.0,0.0,0.0,,0.0
MOL_03188,BrC/C=C/CBr,0.0,0.0,0.0,0.0,0.0,0.0,0.0,,0.0,0.0,0.0,0.0
MOL_03189,N#CC(Br)Br,0.0,0.0,0.0,0.0,0.0,0.0,0.0,1.0,1.0,0.0,0.0,0.0
MOL_03190,CC(C)Oc1cc(-n2nc(C(C)(C)C)oc2=O)c(Cl)cc1Cl,0.0,0.0,,,,0.0,,1.0,0.0,,1.0,0.0
MOL_03191,CCCN(CCC)c1c([N+](=O)[O-])cc(S(N)(=O)=O)cc1[N+](=O)[O-],0.0,1.0,0.0,,,0.0,,,0.0,0.0,1.0,
MOL_03192,O=C1C(I)=CC(=C(c2cc(I)c(O)c(I)c2)c2ccccc2C(=O)O)C=C1I,0.0,0.0,0.0,0.0,0.0,0.0,,,0.0,,1.0,
MOL_03193,CCCCCCCCCCCCCCCCCC[N+](C)(C)CCC[Si](OC)(OC)OC,0.0,0.0,0.0,0.0,1.0,1.0,0.0,,0.0,,0.0,0.0
MOL_03194,C=C(C#N)CCC#N,0.0,0.0,0.0,0.0,0.0,0.0,0.0,1.0,0.0,0.0,0.0,0.0
MOL_03195,BrCc1cccc(Oc2ccccc2)c1,0.0,0.0,0.0,0.0,1.0,,0.0,,0.0,0.0,,0.0
MOL_03196,CC1(C)Cc2cccc(O)c2O1,0.0,0.0,0.0,0.0,0.0,0.0,0.0,0.0,0.0,0.0,0.0,0.0
MOL_03197,SC1CCCCC1,0.0,0.0,0.0,0.0,0.0,0.0,0.0,0.0,0.0,0.0,,0.0
MOL_03198,CCCCOCCOCCOCCOCCO,0.0,0.0,0.0,0.0,,0.0,0.0,0.0,0.0,0.0,0.0,0.0
MOL_03199,O=S(=O)([O-])CCO,0.0,0.0,0.0,0.0,0.0,0.0,0.0,0.0,0.0,0.0,0.0,0.0
MOL_03200,Cc1ccc(OC(=O)c2ccccc2O)cc1,0.0,0.0,0.0,,0.0,0.0,0.0,0.0,0.0,0.0,0.0,0.0
MOL_03201,C=CCOCC(O)CS(=O)(=O)[O-],0.0,0.0,0.0,0.0,0.0,0.0,0.0,0.0,0.0,0.0,,0.0
MOL_03202,N[C@@H](Cc1cc(I)c(Oc2ccc(O)c(I)c2)c(I)c1)C(=O)[O-],0.0,0.0,1.0,0.0,1.0,,,,0.0,0.0,,0.0
MOL_03203,COC(=O)CCCCC(CCSS/C(CCO)=C(\C)N(C=O)Cc1cnc(C)nc1N)SC(C)=O,,,,,,,,0.0,,0.0,,
MOL_03204,Cc1cc(=O)oc2cc(O[C@@H]3SC[C@@H](O)[C@H](O)[C@H]3O)ccc12,,,,,,,,0.0,,0.0,,
MOL_03205,COc1ccc(C)cc1N,0.0,0.0,1.0,0.0,0.0,0.0,0.0,0.0,0.0,0.0,0.0,0.0
MOL_03206,CC(C)NC(=O)c1ccc(C=O)cc1,,,,,,,,0.0,,0.0,,
MOL_03207,CCCCOCCOC(=O)c1cccnc1,,,,,,,,0.0,,0.0,,
MOL_03208,Cc1ccc([N+](=O)[O-])c2c1O[Hg]2,,,,,,,,,,1.0,,
MOL_03209,COc1cc(CC#N)cc(OC)c1OC,,,,,,,,0.0,,0.0,,
MOL_03210,CC(=O)OC[C@H]1O[C@@H](OC(C)=O)[C@H](OC(C)=O)[C@@H]1OC(C)=O,,,,,,,,0.0,,0.0,,
MOL_03211,CCC(=O)O[C@]1(C(=O)COC)[C@@H](C)C[C@H]2[C@@H]3CCC4=CC(=O)C=C[C@]4(C)C3(F)[C@@H](O)C[C@@]21C,,,,,,,,0.0,,0.0,,
MOL_03212,C#CC(C)(CC)OC(=O)c1ccccc1C(=O)O,,,,,,,,0.0,,0.0,,
MOL_03213,CCCCCOc1ccccc1/C(=C\SC)n1ccnc1,,,,,,,,1.0,,1.0,,
MOL_03214,CC[Hg]Sc1ccccc1C(=O)[O-],0.0,1.0,,,,1.0,1.0,1.0,1.0,1.0,,1.0
MOL_03215,C=C(C)C(=O)O,0.0,0.0,0.0,0.0,0.0,0.0,0.0,0.0,0.0,0.0,0.0,0.0
MOL_03216,CC(C/N=C/c1ccccc1O)/N=C/c1ccccc1O,0.0,0.0,1.0,0.0,0.0,0.0,0.0,,0.0,0.0,0.0,0.0
MOL_03217,CN1CCC(CN2c3ccccc3Sc3ccccc32)C1,0.0,0.0,0.0,0.0,0.0,0.0,,,0.0,,,0.0
MOL_03218,CC1(C)[C@H](C=C(Cl)Cl)[C@@H]1C(=O)O[C@@H](C#N)c1cccc(Oc2ccccc2)c1,0.0,0.0,0.0,0.0,,0.0,,0.0,0.0,,,0.0
MOL_03219,O=C(O)c1cc(Br)c(O)c(Br)c1,0.0,0.0,0.0,,0.0,0.0,0.0,0.0,0.0,0.0,0.0,0.0
MOL_03220,CCCCC(CC)COC(=O)c1ccccc1,0.0,0.0,,0.0,0.0,0.0,0.0,0.0,0.0,0.0,,0.0
MOL_03221,COC(=O)c1c(C)cc(O)c(C)c1O,0.0,,0.0,0.0,1.0,,0.0,0.0,0.0,0.0,1.0,0.0
MOL_03222,CCCCCC1CCCC(=O)O1,0.0,0.0,0.0,0.0,0.0,0.0,0.0,0.0,0.0,0.0,0.0,0.0
MOL_03223,N#Cc1ccc(C(=O)O)cc1,0.0,0.0,0.0,0.0,0.0,0.0,0.0,0.0,0.0,0.0,0.0,0.0
MOL_03224,NCCc1cc[nH]n1,0.0,0.0,0.0,0.0,0.0,0.0,0.0,0.0,0.0,0.0,0.0,0.0
MOL_03225,O=C(O)c1cn(C2CC2)c2cc(N3CCNCC3)c(F)cc2c1=O,0.0,0.0,0.0,0.0,0.0,0.0,0.0,,0.0,0.0,0.0,0.0
MOL_03226,CN1CCC[C@@H]1CCO[C@](C)(c1ccccc1)c1ccc(Cl)cc1,0.0,0.0,0.0,0.0,0.0,0.0,0.0,,0.0,0.0,,0.0
MOL_03227,Cc1c(-c2ccccc2)oc2c(C(=O)OCCN3CCCCC3)cccc2c1=O,0.0,0.0,0.0,0.0,0.0,0.0,0.0,0.0,0.0,0.0,0.0,0.0
MOL_03228,COc1cc(N)c(Cl)cc1C(=O)NC1CCN(Cc2ccccc2)CC1,0.0,0.0,0.0,0.0,0.0,0.0,0.0,0.0,0.0,0.0,0.0,0.0
MOL_03229,CCOC(=O)Nc1ccc2c(c1)N(C(=O)CCN1CCOCC1)c1ccccc1S2,1.0,0.0,,0.0,0.0,0.0,0.0,1.0,0.0,0.0,,0.0
MOL_03230,N[C@@H]1C[C@H]1c1ccccc1,0.0,0.0,0.0,0.0,0.0,0.0,0.0,0.0,0.0,0.0,,0.0
MOL_03231,CNC(C)(C)Cc1ccccc1.CNC(C)(C)Cc1ccccc1,0.0,0.0,0.0,0.0,0.0,0.0,0.0,0.0,0.0,0.0,0.0,0.0
MOL_03232,CC(=O)c1ccc2c(c1)N(CCCN(C)C)c1ccccc1S2,0.0,0.0,0.0,0.0,0.0,0.0,0.0,0.0,0.0,0.0,,0.0
MOL_03233,c1ccc(CN(CC2=NCCN2)c2ccccc2)cc1,0.0,0.0,0.0,0.0,0.0,0.0,0.0,0.0,0.0,0.0,0.0,
MOL_03234,NS(=O)(=O)C(F)(F)C(F)(F)C(F)(F)C(F)(F)C(F)(F)C(F)(F)C(F)(F)C(F)(F)F,0.0,,0.0,,0.0,1.0,0.0,,0.0,1.0,1.0,1.0
MOL_03235,CCC(C)c1cc(C(C)(C)C)c(O)c(C(C)(C)C)c1,0.0,0.0,0.0,0.0,0.0,0.0,1.0,0.0,0.0,0.0,1.0,0.0
MOL_03236,C=CC(C)CCCC(C)(C)O,0.0,0.0,0.0,0.0,0.0,0.0,0.0,0.0,0.0,0.0,0.0,0.0
MOL_03237,Cc1cccc(C#N)c1,0.0,0.0,0.0,0.0,1.0,0.0,0.0,0.0,0.0,0.0,,0.0
MOL_03238,CC(C)(C)CC(C)(C)c1ccc(Nc2ccc(C(C)(C)CC(C)(C)C)cc2)cc1,0.0,0.0,0.0,0.0,0.0,0.0,0.0,0.0,0.0,0.0,0.0,0.0
MOL_03239,Cc1ccccc1N,0.0,0.0,0.0,0.0,1.0,0.0,0.0,0.0,0.0,0.0,0.0,0.0
MOL_03240,NCc1cccc(CN)c1,0.0,0.0,0.0,0.0,0.0,0.0,0.0,0.0,0.0,0.0,0.0,0.0
MOL_03241,COC(=O)CCC(=O)OC,0.0,0.0,0.0,0.0,0.0,0.0,0.0,0.0,0.0,0.0,0.0,0.0
MOL_03242,COP(=O)(O)OC,0.0,0.0,0.0,0.0,0.0,0.0,0.0,0.0,0.0,0.0,0.0,0.0
MOL_03243,CNC(=O)NC,0.0,0.0,0.0,0.0,0.0,0.0,0.0,0.0,0.0,0.0,0.0,0.0
MOL_03244,Cl[Dy](Cl)Cl,0.0,0.0,0.0,0.0,0.0,0.0,,0.0,0.0,0.0,,0.0
MOL_03245,CC1CCc2cc(F)cc3c(=O)c(C(=O)O)cn1c23,0.0,0.0,0.0,0.0,0.0,0.0,0.0,0.0,0.0,0.0,,0.0
MOL_03246,O=C(O)CCNC(=O)c1ccccc1,0.0,0.0,0.0,,,0.0,0.0,0.0,0.0,0.0,0.0,0.0
MOL_03247,OCC(O)CN1CCN(c2ccccc2)CC1,0.0,0.0,0.0,0.0,0.0,0.0,0.0,0.0,0.0,0.0,0.0,0.0
MOL_03248,CCCOc1ccc2[nH]c(NC(=O)OC)nc2c1,0.0,,,0.0,0.0,,0.0,1.0,1.0,0.0,0.0,1.0
MOL_03249,Cc1cc(C)c(C=C2C(=O)Nc3ccccc32)[nH]1,0.0,,1.0,0.0,0.0,,0.0,1.0,0.0,0.0,1.0,
MOL_03250,CCC[C@@H]1C[C@@H](C(=O)N[C@H]([C@H](C)Cl)[C@H]2O[C@H](SC)[C@H](O)[C@@H](O)[C@H]2O)N(C)C1,0.0,0.0,0.0,0.0,0.0,0.0,0.0,,0.0,,0.0,0.0
MOL_03251,O=c1cc(CO)occ1O,0.0,0.0,0.0,0.0,0.0,0.0,0.0,0.0,0.0,0.0,0.0,0.0
MOL_03252,Nc1nc(N)nc(-c2cc(Cl)ccc2Cl)n1,0.0,0.0,0.0,0.0,0.0,0.0,0.0,0.0,0.0,0.0,0.0,0.0
MOL_03253,NC(=S)Nc1cccc2ccccc12,0.0,0.0,0.0,0.0,0.0,0.0,0.0,0.0,0.0,0.0,0.0,0.0
MOL_03254,c1ccc2cc(Nc3ccc(Nc4ccc5ccccc5c4)cc3)ccc2c1,0.0,,1.0,0.0,0.0,,,0.0,0.0,0.0,0.0,0.0
MOL_03255,c1ccc2ccccc2c1,0.0,0.0,0.0,0.0,0.0,0.0,0.0,0.0,0.0,0.0,0.0,0.0
MOL_03256,CCn1cc(C(=O)O)c(=O)c2ccc(C)nc21,0.0,0.0,0.0,0.0,0.0,0.0,0.0,0.0,0.0,0.0,0.0,0.0
MOL_03257,CC(C)(Oc1ccc(C2CCCc3ccccc32)cc1)C(=O)O,0.0,0.0,0.0,0.0,1.0,0.0,1.0,,0.0,,0.0,0.0
MOL_03258,CS(=O)(=O)OCCCCOS(C)(=O)=O,0.0,0.0,0.0,0.0,1.0,0.0,0.0,0.0,0.0,0.0,0.0,0.0
MOL_03259,NCCNc1cccc2ccccc12,0.0,0.0,1.0,1.0,0.0,0.0,0.0,0.0,0.0,0.0,,1.0
MOL_03260,Nc1cccc2c(N)cccc12,0.0,0.0,1.0,0.0,,0.0,0.0,1.0,0.0,0.0,1.0,0.0
MOL_03261,O=C(O)Cc1cccc2ccccc12,0.0,0.0,0.0,0.0,0.0,0.0,1.0,0.0,0.0,0.0,0.0,0.0
MOL_03262,NC(=O)Cc1cccc2ccccc12,0.0,0.0,0.0,0.0,0.0,0.0,0.0,,0.0,0.0,0.0,0.0
MOL_03263,CCOC(=O)C1=C[C@@H](OC(CC)CC)[C@H](NC(C)=O)[C@@H](N)C1,0.0,0.0,0.0,0.0,0.0,0.0,0.0,,0.0,,0.0,0.0
MOL_03264,CCCSSCCC,0.0,0.0,0.0,0.0,0.0,0.0,0.0,0.0,0.0,0.0,0.0,0.0
MOL_03265,C=Cc1c(C)c2cc3nc(c(CC(=O)[O-])c4[n-]c(cc5nc(cc1[n-]2)c(C)c5CC)c(C)c4C(=O)[O-])C(CCC(=O)[O-])C3C.[Cu+2],0.0,0.0,1.0,0.0,0.0,0.0,0.0,,0.0,,0.0,0.0
MOL_03266,CCC1(c2cccc(O)c2)CCCCN(C)C1,0.0,0.0,0.0,0.0,0.0,0.0,0.0,0.0,0.0,0.0,,0.0
MOL_03267,CC(C)C[C@H](CN)CC(=O)O,0.0,0.0,0.0,0.0,1.0,0.0,0.0,,0.0,,0.0,0.0
MOL_03268,CCC(=O)NCCC1CCc2ccc3c(c21)CCO3,0.0,0.0,0.0,0.0,1.0,0.0,0.0,,0.0,,,0.0
MOL_03269,NC[C@H]1O[C@H](O[C@@H]2[C@@H](N)C[C@@H](N)C(O)[C@H]2O[C@@H]2O[C@H](CO)[C@@H](O)[C@H]2O)[C@H](N)[C@@H](O)[C@@H]1O,0.0,0.0,0.0,0.0,0.0,0.0,0.0,0.0,0.0,0.0,0.0,0.0
MOL_03270,CCc1c2c(nc3ccc(OC(=O)N4CCC(N5CCCCC5)CC4)cc13)-c1cc3c(c(=O)n1C2)COC(=O)[C@]3(O)CC,0.0,0.0,0.0,,,0.0,,,0.0,0.0,1.0,1.0
MOL_03271,CCN(CC)CCOc1ccc2c(c1)C(=O)c1cc(OCCN(CC)CC)ccc1-2,,,,,,,,,,0.0,,
MOL_03272,O=C(CCCCCCCCCCCCC1CCCC1)Nc1ccc(S(=O)(=O)c2ccc(NC(=O)CCCCCCCCCCCCC3CCCC3)cc2)cc1,0.0,0.0,0.0,0.0,0.0,0.0,0.0,,0.0,,0.0,0.0
MOL_03273,Nc1cc(C(Cl)=C(Cl)Cl)c(S(N)(=O)=O)cc1S(N)(=O)=O,0.0,0.0,0.0,0.0,0.0,0.0,0.0,0.0,0.0,0.0,0.0,0.0
MOL_03274,CC(=O)Oc1ccc(C2(c3ccc(OC(C)=O)cc3)C(=O)Nc3ccccc32)cc1,0.0,0.0,0.0,,,0.0,0.0,0.0,0.0,0.0,1.0,1.0
MOL_03275,CC(=O)O[C@H]1C(=O)[C@]2(C)[C@@H](O)C[C@H]3OC[C@@]3(OC(C)=O)[C@H]2[C@H](OC(=O)c2ccccc2)[C@]2(O)C[C@H](OC(=O)[C@H](O)[C@@H](NC(=O)c3ccccc3)c3ccccc3)C(C)=C1C2(C)C,0.0,,0.0,0.0,,0.0,0.0,,0.0,,,
MOL_03276,NCCC(O)(P(=O)(O)O)P(=O)(O)O,,,,,,,,0.0,,0.0,,
MOL_03277,CC(=O)O[C@H]1C[C@@H]2CC[C@@H]3[C@H](CC[C@@]4(C)[C@H]3C[C@H]([N+]3(C)CCCCC3)[C@@H]4OC(C)=O)[C@@]2(C)C[C@@H]1[N+]1(C)CCCCC1,0.0,0.0,0.0,0.0,0.0,0.0,0.0,,0.0,,0.0,0.0
MOL_03278,COc1ccnc(CS(=O)c2nc3cc(OC(F)F)ccc3[nH]2)c1OC,0.0,0.0,1.0,,,0.0,0.0,1.0,0.0,0.0,0.0,0.0
MOL_03279,CC1(C)NC(=O)NC1=O,0.0,0.0,0.0,0.0,0.0,0.0,0.0,0.0,0.0,0.0,0.0,0.0
MOL_03280,CC1OC(C)OC(C)O1,0.0,0.0,0.0,0.0,0.0,0.0,0.0,0.0,0.0,0.0,0.0,0.0
MOL_03281,CCN(CC)CCCC(C)Nc1ccnc2cc(Cl)ccc12,0.0,0.0,0.0,0.0,0.0,0.0,0.0,0.0,0.0,0.0,0.0,0.0
MOL_03282,NCCCN(CCO)CCO,0.0,0.0,0.0,0.0,0.0,0.0,0.0,0.0,0.0,0.0,0.0,0.0
MOL_03283,Nc1ccccn1,0.0,0.0,0.0,0.0,0.0,0.0,0.0,0.0,0.0,0.0,,0.0
MOL_03284,CCOc1ccc(OCC)c(Cl)c1,0.0,0.0,0.0,0.0,0.0,0.0,0.0,0.0,0.0,0.0,,0.0
MOL_03285,O=C([O-])C1=NN(c2ccc(S(=O)(=O)O)cc2)C(=O)C1,0.0,0.0,0.0,0.0,0.0,0.0,0.0,0.0,0.0,0.0,0.0,0.0
MOL_03286,N#CC(Cl)(Cl)Cl,0.0,0.0,0.0,0.0,0.0,0.0,0.0,0.0,0.0,0.0,,0.0
MOL_03287,NC(=O)C(Cl)(Cl)Cl,0.0,0.0,0.0,0.0,1.0,0.0,0.0,1.0,0.0,0.0,0.0,0.0
MOL_03288,Nc1nc(-c2ccccc2)cs1,0.0,0.0,1.0,,1.0,0.0,0.0,1.0,,0.0,1.0,0.0
MOL_03289,CC(=O)C(Cl)(Cl)Cl,0.0,0.0,0.0,,,,,,0.0,0.0,1.0,0.0
MOL_03290,C(=C(c1ccccc1)c1ccccc1)c1ccccc1,0.0,0.0,,0.0,1.0,1.0,0.0,0.0,0.0,0.0,1.0,0.0
MOL_03291,CCOCCOC(C)=O,0.0,0.0,0.0,0.0,0.0,0.0,0.0,0.0,0.0,0.0,0.0,0.0
MOL_03292,CCCCCCBr,0.0,0.0,0.0,0.0,0.0,0.0,0.0,0.0,0.0,0.0,0.0,0.0
MOL_03293,Oc1ccc(C(c2ccc(O)cc2)C(Cl)(Cl)Cl)cc1,0.0,0.0,,,1.0,,,1.0,0.0,1.0,1.0,
MOL_03294,C[C@@H]1O[C@@H](OC[C@H]2O[C@@H](Oc3c(-c4ccc(O)c(O)c4)oc4cc(O)cc(O)c4c3=O)[C@H](O)[C@@H](O)[C@@H]2O)[C@H](O)[C@H](O)[C@H]1O,0.0,0.0,0.0,0.0,1.0,0.0,0.0,0.0,0.0,0.0,0.0,0.0
MOL_03295,CCNCCO,0.0,0.0,0.0,0.0,1.0,0.0,0.0,0.0,0.0,0.0,0.0,0.0
MOL_03296,C1CCCCC1,0.0,0.0,0.0,0.0,0.0,0.0,0.0,0.0,0.0,0.0,0.0,0.0
MOL_03297,Nc1cc(S(=O)(=O)O)ccc1O,0.0,0.0,0.0,0.0,0.0,0.0,0.0,0.0,0.0,0.0,0.0,0.0
MOL_03298,c1ccncc1,0.0,0.0,0.0,0.0,0.0,0.0,0.0,0.0,0.0,0.0,0.0,0.0
MOL_03299,C1OCOCO1,0.0,0.0,0.0,,,0.0,0.0,0.0,0.0,0.0,0.0,0.0
MOL_03300,O=S(=O)([O-])c1ccc(Nc2nc(Nc3ccc(/C=C/c4ccc(Nc5nc(Nc6ccc(S(=O)(=O)[O-])cc6)nc(N(CCO)CCO)n5)cc4S(=O)(=O)[O-])c(S(=O)(=O)[O-])c3)nc(N(CCO)CCO)n2)cc1,0.0,,0.0,0.0,0.0,,,0.0,0.0,,0.0,1.0
MOL_03301,FB(F)F,0.0,0.0,0.0,0.0,0.0,0.0,0.0,0.0,0.0,0.0,0.0,0.0
MOL_03302,Clc1ccccc1-c1ccccc1Cl,0.0,0.0,0.0,,1.0,1.0,0.0,0.0,0.0,0.0,1.0,
MOL_03303,CCCCOCCCC,0.0,0.0,0.0,0.0,0.0,0.0,0.0,0.0,0.0,0.0,0.0,0.0
MOL_03304,O=C1c2ccccc2C(=O)c2cc(S(=O)(=O)[O-])ccc21,0.0,0.0,0.0,0.0,0.0,0.0,0.0,,0.0,0.0,0.0,0.0
MOL_03305,CC(=O)Oc1ccc(C(C)=O)cc1,0.0,0.0,0.0,0.0,0.0,0.0,0.0,0.0,0.0,0.0,,0.0
MOL_03306,CC(C)c1ccc2c(C(C)C)cc(C(C)C)c(S(=O)(=O)[O-])c2c1,0.0,0.0,0.0,0.0,0.0,0.0,0.0,1.0,0.0,0.0,0.0,0.0
MOL_03307,CC(=O)c1cc(C(C)(C)C)cc2c1CCC2(C)C,0.0,0.0,0.0,,0.0,0.0,0.0,0.0,0.0,,1.0,
MOL_03308,CCN(CCC#N)c1ccc(N=Nc2c(Cl)cc([N+](=O)[O-])cc2Cl)cc1,0.0,0.0,,,0.0,0.0,0.0,1.0,0.0,0.0,,
MOL_03309,CCCCC(CC)CNCC(CC)CCCC,,,0.0,0.0,,0.0,0.0,0.0,0.0,0.0,0.0,0.0
MOL_03310,CCCCn1cc[n+](C)c1C,0.0,0.0,0.0,0.0,0.0,0.0,0.0,,0.0,0.0,0.0,0.0
MOL_03311,CCCCCCCC[N+](C)(CCCCCCCC)CCCCCCCC.O=S(=O)([O-])C(F)(F)F,0.0,,,,,,,,,,1.0,
MOL_03312,CN(C)N=O,0.0,0.0,0.0,0.0,0.0,0.0,0.0,0.0,0.0,0.0,0.0,0.0
MOL_03313,CCN(CC)N=O,0.0,0.0,0.0,0.0,1.0,0.0,0.0,0.0,0.0,0.0,0.0,0.0
MOL_03314,CCCCCCCCCCn1cc[n+](C)c1.O=S(=O)([N-]S(=O)(=O)C(F)(F)F)C(F)(F)F,0.0,0.0,0.0,1.0,,,0.0,1.0,0.0,1.0,,
MOL_03315,CCC(Cl)CCC(Cl)C(Cl)CC(Cl)C(Cl)C(Cl)CCl,0.0,0.0,0.0,0.0,0.0,0.0,0.0,0.0,0.0,,,0.0
MOL_03316,O=C(O)C1C(C(=O)O)C2(Cl)C(Cl)=C(Cl)C1(Cl)C2(Cl)Cl,0.0,0.0,,0.0,0.0,0.0,0.0,0.0,0.0,0.0,0.0,0.0
MOL_03317,OC(O)C(Cl)(Cl)Cl,0.0,0.0,0.0,,0.0,0.0,0.0,0.0,0.0,0.0,0.0,0.0
MOL_03318,C[C@H](CCC(=O)O)[C@H]1CC[C@H]2[C@H]3[C@H](CC[C@@]21C)[C@@]1(C)CC[C@@H](O)C[C@H]1C[C@H]3O,1.0,0.0,0.0,0.0,0.0,0.0,0.0,,0.0,0.0,,0.0
MOL_03319,O=C(O)CCCc1ccc(N(CCCl)CCCl)cc1,0.0,0.0,0.0,0.0,0.0,0.0,0.0,1.0,1.0,0.0,0.0,1.0
MOL_03320,Nc1cc(Cl)cc(C(=O)O)c1Cl,0.0,0.0,0.0,0.0,0.0,0.0,0.0,0.0,0.0,0.0,0.0,0.0
MOL_03321,O=C(N[C@H](CO)[C@H](O)c1ccc([N+](=O)[O-])cc1)C(Cl)Cl,0.0,0.0,0.0,0.0,0.0,0.0,0.0,0.0,0.0,0.0,0.0,0.0
MOL_03322,ClC1=C(Cl)[C@@]2(Cl)[C@H]3[C@H](CC(Cl)[C@@H]3Cl)C1(Cl)C2(Cl)Cl,0.0,,0.0,,,,,1.0,0.0,1.0,1.0,
MOL_03323,O=C1C(Cl)=C(Cl)C(=O)C(Cl)=C1Cl,0.0,,1.0,,0.0,1.0,,,0.0,1.0,1.0,1.0
MOL_03324,CCCCCCCCCCCCn1cc[n+](C)c1.F[B-](F)(F)F,0.0,,,1.0,,,,1.0,,,1.0,
MOL_03325,CCCCCCn1cc[n+](C)c1.F[B-](F)(F)F,0.0,0.0,0.0,0.0,,0.0,0.0,1.0,0.0,0.0,0.0,0.0
MOL_03326,CCCn1cc[n+](C)c1.F[B-](F)(F)F,0.0,0.0,0.0,0.0,0.0,0.0,0.0,0.0,0.0,0.0,0.0,0.0
MOL_03327,CCCn1cc[n+](C)c1C,0.0,0.0,0.0,0.0,0.0,0.0,0.0,0.0,0.0,0.0,,0.0
MOL_03328,c1ccc2cc3c4ccccc4c4ccccc4c3cc2c1,0.0,0.0,1.0,1.0,,0.0,0.0,1.0,0.0,,,0.0
MOL_03329,CCCC[P+](CC)(CCCC)CCCC.CCOP(=O)([O-])OCC,0.0,0.0,0.0,0.0,0.0,0.0,0.0,0.0,0.0,0.0,0.0,0.0
MOL_03330,CCC(C)(CCCC(C)C)OC(C)=O,0.0,0.0,0.0,0.0,0.0,0.0,0.0,0.0,0.0,0.0,0.0,0.0
MOL_03331,CC/C=C\CCOC(C)=O,0.0,0.0,0.0,0.0,0.0,0.0,0.0,0.0,0.0,0.0,0.0,0.0
MOL_03332,CC(C)=C1CC[C@@H](C)CC1=O,,,0.0,,,0.0,0.0,0.0,0.0,0.0,0.0,0.0
MOL_03333,CC/C=C1/OC(=O)c2ccccc21,0.0,0.0,0.0,0.0,,0.0,0.0,0.0,0.0,,0.0,0.0
MOL_03334,Cc1ccccc1C(=O)O,,,0.0,,0.0,0.0,0.0,0.0,0.0,0.0,0.0,0.0
MOL_03335,CN1CCN(c2cc3c(cc2F)c(=O)c(C(=O)O)cn3-c2ccc(F)cc2)CC1,1.0,0.0,0.0,0.0,0.0,0.0,0.0,0.0,0.0,0.0,,0.0
MOL_03336,Cc1ncc(COP(=O)(O)O)c(C=O)c1O,,,,,,,,0.0,,0.0,,
MOL_03337,N=C(N)NCCC[C@H](NC(=O)[C@@H]1CCCN1C(=O)[C@@H]1CSSC[C@H](N)C(=O)N[C@@H](Cc2ccc(O)cc2)C(=O)N[C@@H](Cc2ccccc2)C(=O)N[C@@H](CCC(N)=O)C(=O)N[C@@H](CC(N)=O)C(=O)N1)C(=O)NCC(N)=O,0.0,0.0,0.0,0.0,1.0,1.0,0.0,,0.0,,0.0,0.0
MOL_03338,CCN1C(=CC=Cc2sc3ccccc3[n+]2CC)Sc2ccccc21,0.0,,,,,,,1.0,,0.0,,1.0
MOL_03339,CC(C)=CCC/C(C)=C/C=C\C(C)=C\C=C\C(C)=C\C=C/C=C(C)/C=C/C=C(C)/C=C\C=C(/C)CCC=C(C)C,0.0,1.0,0.0,0.0,1.0,1.0,0.0,,0.0,,0.0,0.0
MOL_03340,O=C1c2ccccc2C(=O)N1CO,0.0,0.0,0.0,0.0,0.0,0.0,0.0,0.0,0.0,0.0,0.0,0.0
MOL_03341,O=c1[nH]c2ccccc2c(=O)o1,0.0,0.0,,0.0,0.0,0.0,0.0,0.0,0.0,0.0,0.0,0.0
MOL_03342,O=C(O)c1ccc2cc(O)ccc2c1,0.0,0.0,,0.0,,0.0,0.0,0.0,0.0,0.0,0.0,0.0
MOL_03343,C[C@@H]1CC[C@H]2[C@@H](C)[C@H](OC(=O)CCC(=O)O)O[C@@H]3O[C@]4(C)CC[C@@H]1C23OO4,0.0,0.0,0.0,,0.0,0.0,,,,,,
MOL_03344,CCn1cc(C(=O)O)c(=O)c2cnc(N3CCCC3)nc21,0.0,0.0,0.0,0.0,0.0,0.0,0.0,0.0,0.0,0.0,0.0,0.0
MOL_03345,Cc1ccc(C#N)cc1,0.0,0.0,0.0,0.0,0.0,0.0,0.0,0.0,0.0,0.0,,0.0
MOL_03346,Oc1ccc(Cc2ccccc2)cc1,0.0,0.0,0.0,0.0,1.0,1.0,0.0,,0.0,0.0,1.0,0.0
MOL_03347,COc1cc(C(=O)OCCCN2CCCN(CCCOC(=O)c3cc(OC)c(OC)c(OC)c3)CC2)cc(OC)c1OC,,,,,,,,1.0,,0.0,,
MOL_03348,CCC(O)C(C)(C)C,0.0,0.0,0.0,0.0,,0.0,0.0,0.0,0.0,0.0,0.0,0.0
MOL_03349,CCC(C)(C)C(=O)O,,,0.0,0.0,,0.0,0.0,0.0,0.0,0.0,0.0,0.0
MOL_03350,Cc1cc(O)c2c3c4c(cc(O)c13)C(C)(C)C(=O)c1c(O)cc(O)c(c1-4)C2=O,0.0,,0.0,0.0,,0.0,0.0,,0.0,0.0,1.0,1.0
MOL_03351,CC1CN(c2ccccc2)NC1=O,0.0,0.0,1.0,,1.0,0.0,,,0.0,0.0,0.0,0.0
MOL_03352,CCN1CCCC1=O,0.0,0.0,0.0,0.0,0.0,0.0,0.0,0.0,0.0,0.0,0.0,0.0
MOL_03353,O=S(=O)([O-])c1cc(O)ccc1O,0.0,0.0,,0.0,0.0,0.0,0.0,,0.0,0.0,0.0,0.0
MOL_03354,ClC(Cl)=C(Cl)Cl,0.0,0.0,0.0,0.0,,,0.0,0.0,0.0,0.0,0.0,0.0
MOL_03355,ClC(Cl)C(Cl)Cl,0.0,0.0,0.0,0.0,0.0,0.0,0.0,0.0,0.0,0.0,0.0,0.0
MOL_03356,Clc1cc2c(cc1Cl)Oc1cc(Cl)c(Cl)cc1O2,0.0,0.0,1.0,,0.0,0.0,0.0,1.0,0.0,0.0,,0.0
MOL_03357,Nc1cc(Cl)c(-c2cc(Cl)c(N)cc2Cl)cc1Cl,0.0,,1.0,1.0,,0.0,,1.0,1.0,1.0,1.0,1.0
MOL_03358,ClCC(Cl)(Cl)Cl,0.0,0.0,0.0,0.0,0.0,0.0,0.0,0.0,0.0,0.0,0.0,0.0
MOL_03359,O=S(=O)(c1ccc(Cl)cc1)c1cc(Cl)c(Cl)cc1Cl,0.0,0.0,0.0,1.0,,0.0,,,0.0,0.0,1.0,1.0
MOL_03360,O=C=NCCCCCCN=C=O,0.0,0.0,0.0,0.0,0.0,0.0,0.0,0.0,0.0,0.0,0.0,0.0
MOL_03361,Nc1ccc(-c2ccc(N)c(N)c2)cc1N,0.0,0.0,1.0,1.0,0.0,0.0,0.0,1.0,0.0,,1.0,0.0
MOL_03362,OCC1CCCO1,0.0,0.0,0.0,0.0,0.0,0.0,0.0,0.0,0.0,0.0,0.0,0.0
MOL_03363,O=C(OC(=O)c1ccccc1)c1ccccc1,0.0,0.0,0.0,0.0,0.0,0.0,0.0,0.0,0.0,0.0,0.0,0.0
MOL_03364,Oc1ccc(-c2ccc(O)cc2)cc1,0.0,0.0,0.0,,1.0,1.0,,1.0,1.0,0.0,1.0,1.0
MOL_03365,CCOC(=O)C(C)O,0.0,0.0,0.0,0.0,0.0,0.0,0.0,0.0,0.0,0.0,0.0,0.0
MOL_03366,Cc1cc(C)c(C)cc1C,0.0,0.0,0.0,0.0,0.0,0.0,0.0,0.0,0.0,0.0,0.0,0.0
MOL_03367,CC(C)[C@@H](Nc1ccc(C(F)(F)F)cc1Cl)C(=O)OC(C#N)c1cccc(Oc2ccccc2)c1,0.0,0.0,0.0,0.0,0.0,,,0.0,0.0,,1.0,
MOL_03368,CN(C)C(=O)Nc1ccccc1,0.0,0.0,0.0,0.0,0.0,0.0,0.0,0.0,0.0,0.0,0.0,0.0
MOL_03369,Nc1nc(N)nc(Cl)n1,0.0,0.0,0.0,0.0,0.0,0.0,0.0,0.0,0.0,0.0,0.0,0.0
MOL_03370,O=[N+]([O-])c1ccc(Oc2ccc(C(F)(F)F)cc2[N+](=O)[O-])cc1,0.0,0.0,1.0,,,0.0,0.0,,0.0,,1.0,0.0
MOL_03371,Nc1ccc(O)cc1,0.0,0.0,1.0,,0.0,0.0,1.0,,1.0,1.0,1.0,1.0
MOL_03372,Nc1ccccc1O,0.0,0.0,1.0,,,0.0,,1.0,0.0,0.0,1.0,
MOL_03373,CC(C)(c1cc(Br)c(OCCO)c(Br)c1)c1cc(Br)c(OCCO)c(Br)c1,0.0,0.0,0.0,1.0,,0.0,,,0.0,1.0,1.0,1.0
MOL_03374,Nc1nc2ccc([N+](=O)[O-])cc2s1,0.0,0.0,1.0,0.0,0.0,0.0,0.0,,0.0,0.0,1.0,0.0
MOL_03375,Nc1cccc(O)c1,,,,,,0.0,,0.0,0.0,0.0,0.0,0.0
MOL_03376,CC(C)(C)C1=CC(=O)C=C(C(C)(C)C)C1=O,0.0,0.0,0.0,,0.0,0.0,0.0,,0.0,0.0,1.0,0.0
MOL_03377,COC(=O)c1cc(Cl)ccc1[N+](=O)[O-],0.0,0.0,0.0,0.0,0.0,0.0,0.0,0.0,0.0,0.0,0.0,0.0
MOL_03378,CCC1(CO)COCOC1,0.0,0.0,0.0,0.0,0.0,0.0,0.0,0.0,0.0,0.0,,0.0
MOL_03379,Clc1ccc(Nc2nnc(Cc3ccncc3)c3ccccc23)cc1,0.0,0.0,1.0,1.0,0.0,0.0,0.0,1.0,0.0,0.0,1.0,0.0
MOL_03380,COc1ccc(C[C@@H](C)NC[C@H](O)c2ccc(O)c(NC=O)c2)cc1.COc1ccc(C[C@@H](C)NC[C@H](O)c2ccc(O)c(NC=O)c2)cc1,0.0,0.0,0.0,0.0,0.0,0.0,0.0,,,,0.0,0.0
MOL_03381,C=CC(=O)OCC1CC2CC1C1CCC(COC(=O)C=C)C21,0.0,0.0,0.0,,,0.0,0.0,1.0,,1.0,,1.0
MOL_03382,CC[C@@H]([C@H](C)O)n1ncn(-c2ccc(N3CCN(c4ccc(OCC5CO[C@@](Cn6cncn6)(c6ccc(F)cc6F)C5)cc4)CC3)cc2)c1=O,0.0,0.0,0.0,0.0,,0.0,0.0,1.0,0.0,0.0,0.0,0.0
MOL_03383,O[C@@H](CNC[C@H](O)[C@H]1CCc2cc(F)ccc2O1)[C@@H]1CCc2cc(F)ccc2O1,0.0,0.0,0.0,,0.0,0.0,,,,0.0,,0.0
MOL_03384,CNS(=O)(=O)CCc1ccc2[nH]cc(C3CCN(C)CC3)c2c1,0.0,0.0,0.0,0.0,0.0,0.0,0.0,0.0,0.0,0.0,,0.0
MOL_03385,Cc1cc(CCC(=O)OCCOCCOCCOC(=O)CCc2cc(C)c(O)c(C(C)(C)C)c2)cc(C(C)(C)C)c1O,0.0,0.0,0.0,0.0,0.0,0.0,0.0,0.0,0.0,0.0,1.0,0.0
MOL_03386,OCCSCSCCO,0.0,0.0,0.0,0.0,0.0,0.0,0.0,0.0,0.0,0.0,0.0,0.0
MOL_03387,C=CC(=O)N1CCOCC1,0.0,0.0,0.0,0.0,0.0,0.0,0.0,0.0,0.0,0.0,0.0,0.0
MOL_03388,C[C@H]1C[C@H]2[C@@H]3CCC4=CC(=O)C=C[C@]4(C)[C@@]3(F)[C@@H](O)C[C@]2(C)[C@@]1(O)C(=O)CO,1.0,1.0,1.0,,0.0,0.0,0.0,0.0,0.0,0.0,0.0,0.0
MOL_03389,CC(C)COCC(CN(Cc1ccccc1)c1ccccc1)N1CCCC1,0.0,0.0,0.0,,0.0,0.0,0.0,,,0.0,,
MOL_03390,Cl[Zr](Cl)(C1=CC=CC1)C1C=CC=C1,0.0,0.0,0.0,0.0,0.0,0.0,0.0,0.0,0.0,0.0,0.0,0.0
MOL_03391,CC(=O)N1CCN(c2ccc(OC[C@H]3CO[C@](Cn4ccnc4)(c4ccc(Cl)cc4Cl)O3)cc2)CC1,0.0,0.0,1.0,0.0,,0.0,0.0,1.0,0.0,1.0,,0.0
MOL_03392,Clc1ccccc1C(c1ccccc1)(c1ccccc1)n1ccnc1,0.0,,1.0,1.0,,,,1.0,0.0,1.0,,
MOL_03393,[O-][n+]1ccccc1S[Zn]Sc1cccc[n+]1[O-],0.0,1.0,,,,1.0,1.0,,1.0,1.0,1.0,1.0
MOL_03394,O=S1(=O)OC(c2ccc(O)cc2)(c2ccc(O)cc2)c2ccccc21,0.0,0.0,0.0,0.0,1.0,0.0,0.0,0.0,0.0,0.0,0.0,0.0
MOL_03395,O=S(=O)(c1ccc(O)cc1)c1ccc(O)cc1,0.0,0.0,0.0,0.0,1.0,1.0,0.0,0.0,0.0,0.0,,0.0
MOL_03396,C=C(C)C(=O)OCC1CO1,0.0,0.0,0.0,0.0,0.0,0.0,0.0,0.0,0.0,0.0,0.0,0.0
MOL_03397,COc1ccc(C(=O)c2ccccc2O)c(O)c1,0.0,0.0,0.0,1.0,0.0,0.0,0.0,0.0,0.0,0.0,1.0,0.0
MOL_03398,O=C(c1ccccc1O)c1ccccc1O,0.0,0.0,0.0,1.0,0.0,0.0,0.0,1.0,0.0,0.0,1.0,0.0
MOL_03399,COc1ccc(C(=O)c2ccccc2)c(O)c1,0.0,0.0,1.0,0.0,1.0,1.0,0.0,0.0,0.0,0.0,0.0,0.0
MOL_03400,O=C(c1ccccc1)c1ccc(O)cc1O,0.0,0.0,0.0,0.0,1.0,1.0,0.0,1.0,0.0,0.0,,0.0
MOL_03401,Nc1nnc(N)[nH]1,0.0,0.0,0.0,0.0,0.0,0.0,0.0,0.0,0.0,0.0,,0.0
MOL_03402,O=C(Nc1ccccc1)Nc1cnns1,0.0,0.0,1.0,,,0.0,0.0,,0.0,0.0,1.0,
MOL_03403,CC1(C)CCC(=Cc2ccc(Cl)cc2)C1(O)Cn1cncn1,1.0,0.0,1.0,0.0,0.0,0.0,0.0,0.0,0.0,0.0,0.0,0.0
MOL_03404,C=C(C)CN(CC)c1c([N+](=O)[O-])cc(C(F)(F)F)cc1[N+](=O)[O-],0.0,0.0,0.0,0.0,0.0,0.0,0.0,0.0,0.0,0.0,1.0,0.0
MOL_03405,CC(=O)[C@H]1CC[C@H]2[C@@H]3CC=C4C[C@@H](O)CC[C@]4(C)[C@H]3CC[C@]12C,0.0,0.0,0.0,0.0,1.0,1.0,0.0,1.0,0.0,0.0,0.0,0.0
MOL_03406,C[N+]1(CCCCC[N+]2(C)CCCC2)CCCC1,0.0,0.0,0.0,0.0,0.0,0.0,0.0,,0.0,,0.0,0.0
MOL_03407,Cc1cccc(C)c1NC(=O)C(C)N,0.0,0.0,0.0,0.0,0.0,0.0,0.0,0.0,0.0,0.0,0.0,0.0
MOL_03408,CCCc1ncc(C[n+]2ccccc2C)c(N)n1,0.0,0.0,0.0,0.0,0.0,0.0,0.0,0.0,0.0,0.0,,0.0
MOL_03409,O=C1OC2(c3cc(Br)c([O-])cc3Oc3c2cc(Br)c([O-])c3[Hg]O)c2ccccc21,0.0,0.0,0.0,0.0,0.0,0.0,0.0,,0.0,,,0.0
MOL_03410,C[C@@H](Cc1ccccc1)NCCC(c1ccccc1)c1ccccc1.C[C@H](O)C(=O)O,0.0,0.0,0.0,,0.0,0.0,0.0,,0.0,,,0.0
MOL_03411,COC1=CC(=O)OC(CCc2ccccc2)C1,0.0,0.0,0.0,0.0,0.0,0.0,0.0,0.0,0.0,0.0,0.0,0.0
MOL_03412,COc1cc(OC)nc(NC(=O)NS(=O)(=O)c2ncccc2C(=O)N(C)C)n1,0.0,0.0,0.0,0.0,0.0,0.0,0.0,0.0,0.0,0.0,0.0,0.0
MOL_03413,C[C@H](CCC(=O)[O-])[C@H]1CC[C@H]2[C@@H]3CC[C@@H]4C[C@H](O)CC[C@]4(C)[C@H]3C[C@H](O)[C@@]21C,0.0,0.0,0.0,,0.0,0.0,0.0,,0.0,0.0,,0.0
MOL_03414,CCCCCCCCC(=O)NCc1ccc(O)c(OC)c1,1.0,0.0,0.0,1.0,0.0,0.0,0.0,0.0,0.0,0.0,0.0,0.0
MOL_03415,O=P1(N(CCCl)CCCl)NC(OO)CCO1,0.0,0.0,0.0,0.0,0.0,0.0,0.0,,0.0,,0.0,0.0
MOL_03416,CC(=O)/C(C)=C/C1C(C)=CCCC1(C)C,0.0,,0.0,0.0,0.0,0.0,0.0,0.0,0.0,0.0,0.0,0.0
MOL_03417,CC(=O)[O-].[Na+],0.0,0.0,0.0,0.0,0.0,0.0,0.0,0.0,0.0,0.0,0.0,0.0
MOL_03418,CC(=O)[O-].[K+],0.0,0.0,0.0,0.0,0.0,0.0,0.0,0.0,0.0,0.0,0.0,0.0
MOL_03419,CC(C)CC(C)(O)C#CC(C)(O)CC(C)C,0.0,0.0,0.0,1.0,,0.0,0.0,0.0,0.0,0.0,1.0,0.0
MOL_03420,C=C1CCC2CC1C2(C)C,0.0,0.0,0.0,0.0,0.0,0.0,0.0,0.0,0.0,0.0,0.0,0.0
MOL_03421,O=[N+]([O-])c1cccc(S(=O)(=O)[O-])c1,0.0,0.0,0.0,0.0,0.0,0.0,0.0,0.0,0.0,0.0,,0.0
MOL_03422,C=CCN1CC[C@]23CCCC[C@H]2[C@H]1Cc1ccc(O)cc13,0.0,0.0,0.0,0.0,0.0,,0.0,0.0,0.0,0.0,0.0,0.0
MOL_03423,CN(C)CCOC1=Cc2ccccc2Sc2ccc(Cl)cc21,0.0,0.0,,,0.0,0.0,,0.0,0.0,0.0,,0.0
MOL_03424,O=C1Cc2cc(CCN3CCN(c4nsc5ccccc45)CC3)c(Cl)cc2N1,1.0,0.0,1.0,,0.0,0.0,0.0,0.0,0.0,,0.0,0.0
MOL_03425,CC(c1cc2ccccc2s1)N(O)C(N)=O,0.0,0.0,,0.0,0.0,0.0,1.0,0.0,0.0,0.0,0.0,0.0
MOL_03426,N#Cc1ccc(C(c2ccc(C#N)cc2)n2cncn2)cc1,0.0,0.0,0.0,1.0,0.0,0.0,0.0,0.0,0.0,0.0,0.0,0.0
MOL_03427,CCCCCCCCCCCC(=O)O[Sn](CCCC)(CCCC)OC(=O)CCCCCCCCCCC,0.0,0.0,0.0,0.0,0.0,0.0,0.0,1.0,0.0,1.0,0.0,0.0
MOL_03428,O=C(Cl)C(Cl)Cl,0.0,0.0,0.0,0.0,0.0,0.0,0.0,0.0,0.0,0.0,,0.0
MOL_03429,Nc1cc(Cl)ccc1Cl,,0.0,0.0,0.0,0.0,0.0,0.0,0.0,0.0,0.0,0.0,0.0
MOL_03430,Nc1ccc(Cl)cc1Cl,0.0,0.0,0.0,0.0,0.0,0.0,0.0,0.0,0.0,0.0,0.0,0.0
MOL_03431,CC12CC1(C)C(=O)N(c1cc(Cl)cc(Cl)c1)C2=O,0.0,0.0,0.0,0.0,0.0,0.0,0.0,0.0,0.0,0.0,0.0,0.0
MOL_03432,CCCCCCCCCCCC[N+](C)(C)CCCCCCCCCCCC,0.0,,,,,,,1.0,,,,
MOL_03433,CC(C(=O)O)c1ccc(-c2ccccc2)c(F)c1,0.0,0.0,0.0,0.0,1.0,0.0,,0.0,0.0,0.0,0.0,0.0
MOL_03434,CC(=O)OC/C=C(\C)CC/C=C(\C)CCC=C(C)C,0.0,0.0,0.0,0.0,0.0,0.0,0.0,1.0,0.0,0.0,0.0,0.0
MOL_03435,N[C@H]1C(O)O[C@H](CO)[C@@H](O)[C@@H]1O,0.0,0.0,0.0,0.0,1.0,0.0,0.0,0.0,0.0,0.0,0.0,0.0
MOL_03436,COc1ccc(Cl)cc1C(=O)NCCc1ccc(S(=O)(=O)NC(=O)NC2CCCCC2)cc1,0.0,0.0,0.0,0.0,0.0,0.0,,,0.0,0.0,,0.0
MOL_03437,C=C[C@](C)(O)CC[C@@H]1[C@@]2(C)CCCC(C)(C)[C@@H]2CC[C@@]1(C)O,0.0,,0.0,,,0.0,,,0.0,,,
MOL_03438,C=C(C)[C@@H]1CC[C@@H](C)C[C@@H]1O,0.0,0.0,0.0,0.0,0.0,0.0,0.0,0.0,0.0,0.0,0.0,0.0
MOL_03439,O=[PH](O)c1ccccc1,0.0,0.0,0.0,0.0,0.0,0.0,0.0,0.0,0.0,0.0,0.0,0.0
MOL_03440,CN(C)CCC#N,0.0,0.0,0.0,0.0,0.0,0.0,0.0,0.0,0.0,0.0,0.0,0.0
MOL_03441,CO[Si](CCCNCCN)(OC)OC,0.0,0.0,0.0,0.0,0.0,0.0,0.0,0.0,0.0,0.0,0.0,0.0
MOL_03442,CC(C)=CCCC(C)=CC(=O)O,0.0,0.0,0.0,0.0,0.0,0.0,0.0,0.0,0.0,0.0,0.0,0.0
MOL_03443,CCCCO[PH](=O)OCCCC,0.0,0.0,0.0,0.0,0.0,0.0,0.0,0.0,0.0,0.0,0.0,0.0
MOL_03444,Cc1c([N+](=O)[O-])cc2c(c1[N+](=O)[O-])C(C)(C)CC2(C)C,0.0,0.0,,1.0,,1.0,0.0,,,0.0,,0.0
MOL_03445,CCCCCCCCCCCCn1cc[n+](C)c1,0.0,0.0,0.0,0.0,0.0,0.0,0.0,0.0,0.0,0.0,1.0,0.0
MOL_03446,N[C@H](C(=O)O)[C@@H](O)c1ccc(O)c(O)c1,,,,,,,,,,0.0,,
MOL_03447,c1csc(C2(N3CCCCC3)CCCCC2)c1,0.0,0.0,0.0,0.0,0.0,0.0,0.0,,0.0,,0.0,0.0
MOL_03448,CCCCCCCCCCCCCCCC(=O)OCC(COC(=O)CCCCCCCCCCCCCCC)OC(=O)CCCCCCCCCCCCCCC,0.0,0.0,0.0,0.0,,0.0,0.0,,0.0,,0.0,0.0
MOL_03449,Cc1cccc(C)c1NC(=O)NC1=CCCN1C,0.0,0.0,0.0,0.0,0.0,0.0,0.0,,0.0,,0.0,0.0
MOL_03450,[O-][n+]1cc[n+]([O-])c2ccccc21,0.0,0.0,,0.0,0.0,0.0,0.0,,0.0,,0.0,0.0
MOL_03451,N=C(N)NCC1COc2ccccc2O1,0.0,0.0,0.0,0.0,0.0,0.0,0.0,,0.0,,0.0,0.0
MOL_03452,CCCCCCCCCCn1cc[n+](CCCCCCCCCC)c1C,0.0,,,1.0,,,,1.0,,1.0,1.0,
MOL_03453,CCOC(=O)Cc1ccc(-c2ccccc2)cc1,0.0,0.0,,0.0,0.0,0.0,1.0,,0.0,,0.0,0.0
MOL_03454,O=C(O)CNC(=O)c1ccccc1I,0.0,0.0,0.0,0.0,0.0,0.0,0.0,0.0,0.0,0.0,0.0,0.0
MOL_03455,CC(C)(C)C(=O)NCCCC(=O)O,0.0,0.0,,0.0,0.0,0.0,0.0,0.0,0.0,0.0,0.0,0.0
MOL_03456,CCNC(=O)NCc1cccc(Cl)c1,0.0,0.0,0.0,0.0,0.0,0.0,0.0,0.0,0.0,0.0,0.0,0.0
MOL_03457,Oc1ccc2c(c1)Cc1ccccc1-2,1.0,0.0,,,1.0,1.0,0.0,1.0,,0.0,,1.0
MOL_03458,Cc1nnc(-c2ccccc2)c(=O)n1N,0.0,0.0,1.0,0.0,,,0.0,0.0,0.0,0.0,0.0,0.0
MOL_03459,CCC(C)C(=O)OCCc1ccccc1,0.0,0.0,0.0,0.0,0.0,0.0,0.0,0.0,0.0,0.0,0.0,0.0
MOL_03460,FC(F)(F)C(F)(F)C(F)(F)C(F)(F)C(F)(F)C(F)(F)CCI,0.0,0.0,0.0,0.0,0.0,0.0,0.0,0.0,0.0,0.0,0.0,0.0
MOL_03461,C/C=C(\C)C(=O)OCC/C=C\CC,0.0,0.0,0.0,0.0,0.0,0.0,0.0,0.0,0.0,0.0,0.0,0.0
MOL_03462,CC/C=C\CCOC(=O)CCCCC,0.0,0.0,0.0,0.0,0.0,0.0,0.0,0.0,0.0,0.0,0.0,0.0
MOL_03463,Cc1cc(C(C)(C)C)c(O)c(C)c1Cn1c(=O)n(Cc2c(C)cc(C(C)(C)C)c(O)c2C)c(=O)n(Cc2c(C)cc(C(C)(C)C)c(O)c2C)c1=O,0.0,0.0,0.0,1.0,0.0,0.0,0.0,0.0,0.0,,1.0,
MOL_03464,Cc1ccccc1C(N)=O,0.0,0.0,0.0,0.0,0.0,0.0,0.0,0.0,0.0,0.0,0.0,0.0
MOL_03465,CC(=O)O[C@@H]1CC2CCC1(C)C2(C)C,0.0,0.0,0.0,0.0,0.0,0.0,0.0,0.0,0.0,0.0,0.0,0.0
MOL_03466,COC(=O)c1ccccc1N,0.0,0.0,0.0,0.0,0.0,0.0,0.0,0.0,0.0,0.0,0.0,0.0
MOL_03467,CNc1ccc(O)cc1.CNc1ccc(O)cc1,0.0,0.0,1.0,,0.0,,,1.0,,,1.0,
MOL_03468,CC1=CC[C@@H]2C[C@H]1C2(C)C,0.0,0.0,0.0,0.0,0.0,0.0,0.0,0.0,0.0,,0.0,0.0
MOL_03469,COc1c2ccoc2cc2oc(=O)ccc12,0.0,0.0,1.0,,0.0,0.0,0.0,0.0,0.0,0.0,0.0,0.0
MOL_03470,CC(C)(c1ccc(Oc2ccc3c(c2)C(=O)OC3=O)cc1)c1ccc(Oc2ccc3c(c2)C(=O)OC3=O)cc1,0.0,0.0,0.0,0.0,0.0,0.0,0.0,0.0,0.0,0.0,0.0,0.0
MOL_03471,CC1(C)S[C@@H]2[C@H](NC(=O)Cc3ccccc3)C(=O)N2[C@H]1C(=O)O.CC1(C)S[C@@H]2[C@H](NC(=O)Cc3ccccc3)C(=O)N2[C@H]1C(=O)O.c1ccc(CNCCNCc2ccccc2)cc1,0.0,0.0,0.0,0.0,0.0,0.0,0.0,0.0,0.0,0.0,0.0,0.0
MOL_03472,CCC[C@@H]1C[C@@H](C(=O)N[C@H]([C@@H](C)O)[C@H]2O[C@H](SC)[C@H](O)[C@@H](O)[C@H]2O)N(C)C1,0.0,0.0,0.0,0.0,0.0,0.0,0.0,0.0,0.0,0.0,0.0,0.0
MOL_03473,CN[C@]1(c2ccccc2Cl)CCCCC1=O,0.0,0.0,0.0,0.0,0.0,0.0,0.0,,0.0,,0.0,0.0
MOL_03474,CC(CN(C)C)C(C)(O)Cc1ccc(Cl)cc1,0.0,0.0,0.0,0.0,0.0,0.0,0.0,0.0,0.0,0.0,0.0,0.0
MOL_03475,CCN(CCO)CCCC(C)Nc1ccnc2cc(Cl)ccc12,,,,,,,,0.0,,0.0,,
MOL_03476,C#C[C@]1(O)CC[C@H]2[C@@H]3CCC4=C/C(=N/O)CC[C@@H]4[C@H]3CC[C@@]21CC,1.0,1.0,,,1.0,1.0,,,0.0,,1.0,
MOL_03477,CC1(C)NC(=O)N(c2ccc([N+](=O)[O-])c(C(F)(F)F)c2)C1=O,0.0,0.0,0.0,0.0,,0.0,0.0,1.0,0.0,0.0,0.0,0.0
MOL_03478,NC(=O)C(c1ccccc1)(c1ccccc1)[C@@H]1CCN(CCc2ccc3c(c2)CCO3)C1,0.0,0.0,,0.0,0.0,0.0,,0.0,0.0,0.0,,0.0
MOL_03479,C#C[C@]1(O)CC[C@H]2[C@@H]3CCC4=CC(=O)CC[C@@H]4[C@H]3C(=C)C[C@@]21CC,1.0,1.0,0.0,,1.0,1.0,0.0,,0.0,,0.0,0.0
MOL_03480,O=C(O[C@H]1CN2CCC1CC2)N1CCc2ccccc2[C@@H]1c1ccccc1,0.0,0.0,,0.0,0.0,0.0,0.0,,0.0,,,0.0
MOL_03481,CC(C)[C@H](N)C(=O)OCC(CO)OCn1cnc2c(=O)nc(N)[nH]c21,0.0,0.0,0.0,0.0,0.0,0.0,0.0,,0.0,,0.0,0.0
MOL_03482,CCN(CC)C(=O)[C@]1(c2ccccc2)C[C@@H]1CN,0.0,0.0,0.0,0.0,0.0,0.0,0.0,,0.0,,0.0,0.0
MOL_03483,CN1CC(=O)N2[C@H](Cc3c([nH]c4ccccc34)[C@H]2c2ccc3c(c2)OCO3)C1=O,0.0,0.0,0.0,0.0,0.0,0.0,0.0,0.0,0.0,0.0,,0.0
MOL_03484,N#CC(c1ccc(Cl)cc1)c1c(Cl)cc(-n2ncc(=O)[nH]c2=O)cc1Cl,0.0,,0.0,,0.0,0.0,,,,,1.0,1.0
MOL_03485,CCCCCCCCCCCCN(CCO)CCO,0.0,,0.0,,,0.0,,,,,,
MOL_03486,CC(C)=CCC[C@](C)(O)[C@@H]1CC=C(C)CC1,0.0,0.0,0.0,,0.0,0.0,0.0,0.0,0.0,0.0,,0.0
MOL_03487,OC[C@H](O)[C@H](O)[C@@H](O)[C@H](O)CO,0.0,0.0,0.0,0.0,0.0,0.0,0.0,0.0,0.0,0.0,,0.0
MOL_03488,O=C(O)C=Cc1ccc(C=CC(=O)O)cc1,0.0,0.0,0.0,0.0,0.0,0.0,0.0,0.0,0.0,0.0,0.0,0.0
MOL_03489,CN1C(C(=O)Nc2ccccn2)=C(O)c2sccc2S1(=O)=O,0.0,0.0,0.0,0.0,0.0,0.0,0.0,0.0,0.0,0.0,1.0,0.0
MOL_03490,CC(C)[C@]12CC(=O)[C@H](C)[C@H]1C2,0.0,0.0,0.0,0.0,0.0,0.0,0.0,0.0,0.0,0.0,0.0,0.0
MOL_03491,CCCCCNC(=N)N/N=C/c1c[nH]c2ccc(OC)cc12,,,,,,,,0.0,,,,
MOL_03492,CC(CO)Oc1ccccc1,0.0,0.0,0.0,0.0,0.0,0.0,0.0,0.0,0.0,0.0,,0.0
MOL_03493,COc1ccc(CN(CCN(C)C)c2ncccn2)cc1,0.0,0.0,0.0,0.0,0.0,0.0,0.0,0.0,0.0,0.0,,0.0
MOL_03494,CC(CCO)CC(C)(C)C,0.0,0.0,0.0,0.0,0.0,0.0,0.0,0.0,0.0,0.0,0.0,0.0
MOL_03495,CCN[C@@H]1C[C@H](N)[C@@H](OC2OC(CN)=CCC2N)[C@H](O)[C@H]1O[C@H]1OC[C@](C)(O)[C@H](NC)[C@H]1O.CCN[C@@H]1C[C@H](N)[C@@H](OC2OC(CN)=CCC2N)[C@H](O)[C@H]1O[C@H]1OC[C@](C)(O)[C@H](NC)[C@H]1O,,,,,,,,0.0,,0.0,,
MOL_03496,CCCCCCCC[Sn](Cl)(Cl)CCCCCCCC,0.0,,,,,,0.0,1.0,,1.0,,
MOL_03497,COc1ccc2cc1Oc1ccc(cc1)C[C@H]1c3c(cc4c(c3Oc3cc5c(cc3OC)CCN(C)[C@@H]5C2)OCO4)CCN1C,,,,,,,,,,0.0,,
MOL_03498,N=C(Nc1ccccc1)Nc1ccccc1,0.0,0.0,1.0,,,0.0,0.0,1.0,0.0,0.0,,0.0
MOL_03499,Cc1ccc(C)o1,0.0,0.0,,0.0,0.0,0.0,0.0,0.0,0.0,0.0,0.0,0.0
MOL_03500,C=CC(C)(O)CC/C=C(\C)CCC=C(C)C,0.0,0.0,0.0,0.0,0.0,0.0,0.0,,0.0,,1.0,0.0
MOL_03501,CC(=O)c1cc2c(cc1C)C(C)(C)C(C)CC2(C)C,0.0,0.0,0.0,,0.0,0.0,0.0,0.0,0.0,,1.0,0.0
MOL_03502,CC[C@@]1(O)C(=O)OCc2c1cc1n(c2=O)Cc2cc3c(CN(C)C)c(O)ccc3nc2-1,0.0,,0.0,1.0,,0.0,,,0.0,,0.0,1.0
MOL_03503,OCCN1CCOCC1,0.0,0.0,0.0,0.0,0.0,0.0,0.0,0.0,0.0,0.0,,0.0
MOL_03504,CCSC(=O)N(CC)CC,0.0,0.0,0.0,0.0,0.0,0.0,0.0,0.0,0.0,0.0,0.0,0.0
MOL_03505,CCCCc1c(C)nc(NCC)nc1O,0.0,0.0,0.0,0.0,0.0,0.0,0.0,0.0,0.0,0.0,0.0,0.0
MOL_03506,CCCCC(CC)COCCO,0.0,0.0,0.0,0.0,0.0,0.0,0.0,0.0,0.0,0.0,0.0,0.0
MOL_03507,COCCCOCCCOC,0.0,0.0,0.0,0.0,0.0,0.0,0.0,0.0,0.0,0.0,0.0,0.0
MOL_03508,CC(=O)CC(c1ccccc1)c1c([O-])c2ccccc2oc1=O,1.0,1.0,0.0,0.0,1.0,0.0,1.0,0.0,0.0,0.0,1.0,0.0
MOL_03509,CCCc1ccc(OC)cc1,0.0,0.0,0.0,0.0,,0.0,0.0,0.0,0.0,0.0,0.0,0.0
MOL_03510,CCCCCC[C@@H](O)C/C=C\CCCCCCCC(=O)[O-],0.0,0.0,0.0,0.0,0.0,0.0,0.0,,0.0,,1.0,0.0
MOL_03511,O=N[O-],0.0,0.0,0.0,0.0,0.0,0.0,0.0,0.0,0.0,0.0,0.0,0.0
MOL_03512,O=C(CBr)c1ccc(O)cc1,0.0,0.0,0.0,,0.0,0.0,0.0,,0.0,,,0.0
MOL_03513,O=[N+]([O-])c1ccc(Oc2ccc(N=C=S)cc2)cc1,0.0,0.0,0.0,1.0,,0.0,,,0.0,,,1.0
MOL_03514,CCO[C@H](Cc1ccc(OCCc2ccc(OS(C)(=O)=O)cc2)cc1)C(=O)O,0.0,0.0,0.0,0.0,0.0,0.0,1.0,,0.0,0.0,0.0,0.0
MOL_03515,C1CCNCC1.O=c1[nH]cnc2[nH]cc(CN3CCCCC3)c12,0.0,0.0,0.0,0.0,0.0,0.0,0.0,,0.0,,0.0,0.0
MOL_03516,CCOc1ccc(/N=C(\C)Nc2ccc(OCC)cc2)cc1,0.0,0.0,0.0,0.0,0.0,0.0,0.0,,0.0,,0.0,0.0
MOL_03517,c1ccc2c(c1)Sc1ccccc1N2C[C@@H]1CN2CCC1CC2,0.0,0.0,0.0,0.0,0.0,0.0,0.0,,0.0,,0.0,0.0
MOL_03518,COC(=O)[C@]12CCC(C)(C)C[C@H]1[C@H]1C(=O)C=C3[C@@](C)(CC[C@H]4C(C)(C)C(=O)C(C#N)=C[C@]34C)[C@]1(C)CC2,0.0,,,,,1.0,,,1.0,,1.0,
MOL_03519,CC(=O)[C@@]1(O)CC[C@H]2[C@@H]3CCC4=CC(=O)CC[C@]4(C)C3(F)[C@@H](O)C[C@@]21C,,1.0,0.0,,0.0,0.0,0.0,,0.0,,0.0,0.0
MOL_03520,CCCCCCCCCC(=O)N[O-],0.0,0.0,0.0,,0.0,0.0,0.0,,0.0,,0.0,0.0
MOL_03521,CN(C)CCOc1ccccc1Cc1ccccc1.Nc1ccc(C(=O)O)c(O)c1,0.0,0.0,0.0,0.0,0.0,0.0,,,0.0,,,0.0
MOL_03522,FC(F)(F)c1ccccc1Cl,0.0,0.0,0.0,0.0,0.0,0.0,0.0,0.0,0.0,0.0,0.0,0.0
MOL_03523,ClCCBr,0.0,0.0,0.0,0.0,0.0,0.0,0.0,0.0,0.0,0.0,0.0,0.0
MOL_03524,O=C(O)c1cccc(Cl)c1,0.0,0.0,0.0,0.0,0.0,0.0,0.0,0.0,0.0,0.0,,0.0
MOL_03525,O=C(O)c1ccccc1Cl,0.0,0.0,0.0,0.0,0.0,0.0,0.0,0.0,0.0,0.0,,0.0
MOL_03526,O=C(O)c1ccc(Cl)cc1,0.0,0.0,0.0,0.0,0.0,0.0,0.0,0.0,0.0,0.0,0.0,0.0
MOL_03527,FC(F)(F)c1cccc(Cl)c1,0.0,0.0,0.0,0.0,0.0,0.0,0.0,0.0,0.0,0.0,0.0,0.0
MOL_03528,CC(=O)Oc1cccc(C)c1,,,,,,,,0.0,,0.0,,
MOL_03529,C1COCCO1,0.0,0.0,0.0,0.0,0.0,0.0,0.0,0.0,0.0,0.0,0.0,0.0
MOL_03530,Cc1cc([N+](=O)[O-])c(O)c([N+](=O)[O-])c1,0.0,,,0.0,,0.0,0.0,1.0,0.0,0.0,1.0,0.0
MOL_03531,COC(=O)C(C)(C)C,0.0,0.0,0.0,0.0,0.0,0.0,0.0,0.0,0.0,0.0,0.0,0.0
MOL_03532,Cc1cccc([N+](=O)[O-])c1[N+](=O)[O-],0.0,0.0,0.0,0.0,0.0,0.0,0.0,1.0,0.0,0.0,,0.0
MOL_03533,CC(Br)C(=O)O,0.0,0.0,0.0,0.0,0.0,0.0,0.0,0.0,0.0,0.0,0.0,0.0
MOL_03534,Brc1ccc(Oc2ccccc2)cc1,0.0,0.0,0.0,0.0,0.0,0.0,0.0,0.0,0.0,0.0,0.0,0.0
MOL_03535,CC(=O)CCCCn1c(=O)c2c(ncn2C)n(C)c1=O,0.0,0.0,0.0,0.0,0.0,0.0,0.0,0.0,0.0,0.0,0.0,0.0
MOL_03536,O=C(O)CN(CCN(CC(=O)O)CC(=O)O)CCN(CC(=O)O)CC(=O)O,0.0,0.0,0.0,0.0,0.0,0.0,,,1.0,0.0,0.0,
MOL_03537,CCCC(C)C1(CC)C(=O)N=C(O)NC1=O,0.0,0.0,0.0,0.0,0.0,0.0,0.0,,0.0,,0.0,0.0
MOL_03538,CCCCCCCCCCC(=O)O,0.0,0.0,0.0,0.0,0.0,0.0,0.0,0.0,0.0,0.0,0.0,0.0
MOL_03539,O=C(O)c1ccccc1Nc1cccc(C(F)(F)F)c1,0.0,,0.0,0.0,0.0,0.0,,1.0,0.0,0.0,1.0,1.0
MOL_03540,COc1nc(NC(C)C)nc(NC(C)C)n1,0.0,0.0,0.0,0.0,0.0,0.0,0.0,0.0,0.0,0.0,0.0,0.0
MOL_03541,CC(C)(Oc1ccc(CCNC(=O)c2ccc(Cl)cc2)cc1)C(=O)O,0.0,0.0,0.0,0.0,0.0,0.0,1.0,0.0,0.0,0.0,0.0,0.0
MOL_03542,Clc1ccc(C(c2ccccc2Cl)C(Cl)(Cl)Cl)cc1,0.0,0.0,0.0,0.0,1.0,1.0,0.0,,0.0,,1.0,
MOL_03543,CC(=O)CCc1ccccc1,0.0,0.0,0.0,0.0,0.0,0.0,0.0,0.0,0.0,0.0,0.0,0.0
MOL_03544,CCO[C@@H]1O[C@H](C(COCc2ccccc2)OCc2ccccc2)[C@H](OCc2ccccc2)[C@H]1O,,,,,,,,,,0.0,,
MOL_03545,Cc1ccc(N)cc1C,0.0,0.0,1.0,0.0,1.0,0.0,0.0,0.0,0.0,0.0,0.0,0.0
MOL_03546,CCOC(=O)[C@H](CCc1ccccc1)N[C@@H](C)C(=O)N1[C@H](C(=O)O)C[C@H]2CCCC[C@@H]21,0.0,0.0,0.0,0.0,0.0,0.0,0.0,,0.0,,0.0,0.0
MOL_03547,COc1ccc(/C=C/C(=O)Nc2ccccc2C(=O)O)cc1OC,0.0,,,,0.0,0.0,,,1.0,,,0.0
MOL_03548,Cc1cccc(Nc2ccncc2S(=O)(=O)NC(=O)NC(C)C)c1,0.0,0.0,0.0,0.0,0.0,0.0,,0.0,0.0,0.0,0.0,0.0
MOL_03549,COc1cccc([C@@]2(O)CCCC[C@@H]2CN(C)C)c1,0.0,0.0,0.0,0.0,0.0,0.0,0.0,0.0,0.0,0.0,0.0,0.0
MOL_03550,CCOC(=O)CC(SP(=S)(OC)OC)C(=O)OCC,0.0,0.0,0.0,0.0,0.0,0.0,0.0,,0.0,0.0,0.0,0.0
MOL_03551,CCOC(=O)CC(SP(=O)(OC)OC)C(=O)OCC,0.0,0.0,0.0,0.0,0.0,0.0,0.0,1.0,0.0,0.0,0.0,0.0
MOL_03552,O=c1ccc(=O)[nH][nH]1,0.0,0.0,0.0,0.0,0.0,0.0,0.0,0.0,0.0,0.0,0.0,0.0
MOL_03553,S=C([S-])NCCNC(=S)[S-].[Mn+2],0.0,0.0,0.0,0.0,0.0,0.0,0.0,1.0,0.0,0.0,0.0,0.0
MOL_03554,NS(=O)(=O)c1cc2c(cc1Cl)NC(C(Cl)Cl)NS2(=O)=O,0.0,0.0,0.0,0.0,0.0,0.0,0.0,,0.0,0.0,0.0,0.0
MOL_03555,CN(C)C(=O)Oc1cccc([N+](C)(C)C)c1,0.0,0.0,0.0,0.0,0.0,0.0,0.0,0.0,0.0,0.0,,0.0
MOL_03556,O=C([O-])c1cc(=O)c2c(OCC(O)COc3cccc4oc(C(=O)[O-])cc(=O)c34)cccc2o1,0.0,0.0,0.0,0.0,0.0,0.0,0.0,0.0,0.0,0.0,,0.0
MOL_03557,Cc1ccccc1S(=O)(=O)[O-],0.0,0.0,0.0,0.0,0.0,0.0,0.0,0.0,0.0,0.0,0.0,0.0
MOL_03558,CC(=O)O[AlH3](O)OC(C)=O,0.0,0.0,0.0,0.0,1.0,0.0,0.0,0.0,0.0,0.0,0.0,0.0
MOL_03559,COc1c(C)c2c(c(O)c1C/C=C(\C)CCC(=O)O)C(=O)OC2,0.0,,,,,,,,0.0,0.0,,1.0
MOL_03560,CCCN(CC1CC1)c1c([N+](=O)[O-])cc(C(F)(F)F)cc1[N+](=O)[O-],0.0,0.0,0.0,0.0,0.0,0.0,0.0,0.0,0.0,0.0,1.0,0.0
MOL_03561,C[C@H]1CC[C@]2(NC1)O[C@H]1C[C@H]3[C@@H]4CC[C@H]5C[C@@H](O)CC[C@]5(C)[C@H]4CC[C@]3(C)[C@H]1[C@@H]2C,0.0,0.0,0.0,0.0,0.0,0.0,0.0,,0.0,,,0.0
MOL_03562,OC[C@@H](O)C(O)[C@H](O)CO,0.0,0.0,0.0,0.0,0.0,0.0,0.0,,0.0,,0.0,0.0
MOL_03563,C=C(C)C(=O)NCCC[N+](C)(C)C,0.0,0.0,0.0,0.0,0.0,0.0,0.0,0.0,0.0,0.0,0.0,0.0
MOL_03564,Oc1ccc(Cl)c2cccnc12,0.0,0.0,1.0,,0.0,0.0,0.0,1.0,0.0,1.0,1.0,0.0
MOL_03565,CC(=O)Oc1cccc(C(=O)O)c1OC(C)=O,0.0,0.0,,0.0,0.0,0.0,0.0,,0.0,,0.0,0.0
MOL_03566,COc1ccc(-c2cc(C(F)F)nn2-c2ccc(S(N)(=O)=O)cc2)cc1F,0.0,0.0,0.0,0.0,0.0,0.0,0.0,1.0,0.0,0.0,,0.0
MOL_03567,O=C1C2CC=CCC2C(=O)N1SC(Cl)(Cl)Cl,0.0,0.0,0.0,,,0.0,0.0,1.0,0.0,1.0,1.0,1.0
MOL_03568,O=C1C2CC=CCC2C(=O)N1SC(Cl)(Cl)C(Cl)Cl,0.0,,0.0,,1.0,,,,,1.0,1.0,
MOL_03569,COc1cc(CNC(=O)CCCC/C=C/C(C)C)ccc1O,0.0,0.0,0.0,1.0,0.0,0.0,0.0,1.0,0.0,0.0,0.0,0.0
MOL_03570,O=C1CCCCCN1,0.0,0.0,0.0,0.0,0.0,0.0,0.0,0.0,0.0,0.0,0.0,0.0
MOL_03571,CNC(=O)Oc1cccc2ccccc12,0.0,0.0,1.0,0.0,0.0,0.0,0.0,1.0,0.0,0.0,,0.0
MOL_03572,NC(=O)Nc1ccc([As](=O)(O)O)cc1,0.0,0.0,0.0,0.0,0.0,0.0,0.0,0.0,0.0,0.0,0.0,0.0
MOL_03573,NC(=O)NNc1ccccc1,0.0,0.0,0.0,0.0,0.0,0.0,0.0,0.0,0.0,0.0,0.0,0.0
MOL_03574,NNC(N)=O,0.0,0.0,0.0,0.0,0.0,0.0,0.0,0.0,0.0,0.0,0.0,0.0
MOL_03575,CNC(=O)Oc1cccc2c1OC(C)(C)C2,0.0,0.0,0.0,0.0,1.0,0.0,0.0,0.0,0.0,0.0,0.0,0.0
MOL_03576,c1ccc2c(c1)[nH]c1ccccc12,0.0,0.0,,0.0,0.0,0.0,0.0,0.0,0.0,0.0,,0.0
MOL_03577,N#CC(c1ccccc1)c1ccccc1,0.0,0.0,0.0,0.0,0.0,0.0,0.0,0.0,0.0,0.0,,0.0
MOL_03578,O=C(Nc1cccc2c(=O)cc(-c3nnn[nH]3)oc12)c1ccc(OCCCCc2ccccc2)cc1,0.0,0.0,,0.0,0.0,0.0,0.0,,0.0,0.0,,0.0
MOL_03579,COc1cc(S(=O)(=O)Nc2ccccc2)c(OC)cc1N,0.0,0.0,0.0,0.0,0.0,0.0,0.0,0.0,0.0,0.0,,0.0
MOL_03580,O=C(O)c1cc(I)cc(I)c1I,0.0,0.0,,,0.0,0.0,1.0,1.0,0.0,0.0,0.0,0.0
MOL_03581,O=C(CC(=O)C(F)(F)F)c1ccccc1,0.0,0.0,0.0,,1.0,0.0,,0.0,0.0,,1.0,0.0
MOL_03582,O=C1CCCc2c1cc1ccc3cccc4ccc2c1c34,0.0,1.0,1.0,,1.0,,1.0,,,1.0,1.0,1.0
MOL_03583,O=Cc1cc(O)ccc1Br,0.0,0.0,0.0,,1.0,0.0,,,0.0,0.0,,0.0
MOL_03584,CCn1cc[n+](C)c1C.F[B-](F)(F)F,0.0,0.0,0.0,0.0,0.0,0.0,0.0,0.0,0.0,0.0,,0.0
MOL_03585,OCCCCCCCCCCCCBr,0.0,0.0,,0.0,0.0,0.0,,,0.0,,1.0,1.0
MOL_03586,COS(=O)(=O)C(F)(F)F,0.0,0.0,0.0,,0.0,0.0,0.0,0.0,0.0,1.0,,0.0
MOL_03587,CO[C@@H]1[C@@H](O[C@@H]2O[C@H](C)[C@@H](O[C@H]3C[C@@](C)(O)[C@@H](OC(=O)CC(C)C)[C@H](C)O3)[C@H](N(C)C)[C@H]2O)[C@@H](CC=O)C[C@@H](C)[C@@H](O)C=CC=CC[C@@H](C)OC(=O)C[C@H]1O,1.0,0.0,0.0,,1.0,,0.0,,0.0,,0.0,0.0
MOL_03588,Cc1ccc2cc(C)ccc2c1,,0.0,0.0,0.0,0.0,0.0,0.0,0.0,0.0,0.0,0.0,0.0
MOL_03589,CC(C)(C)c1cc(Cc2cc(C(C)(C)C)c(O)c(C(C)(C)C)c2)cc(C(C)(C)C)c1O,0.0,0.0,0.0,0.0,0.0,0.0,0.0,0.0,0.0,0.0,0.0,0.0
MOL_03590,CCCCNc1c(C(=O)OCC)c(C)nc2c1cnn2CC,0.0,0.0,,,0.0,0.0,0.0,,0.0,0.0,0.0,0.0
MOL_03591,Cc1scc2c1N(C(=O)CN1CCN(C)CC1)c1ccccc1NC2=O,0.0,0.0,,0.0,0.0,0.0,0.0,0.0,0.0,0.0,0.0,0.0
MOL_03592,Cc1c(C(N)=O)cc([N+](=O)[O-])cc1[N+](=O)[O-],0.0,0.0,0.0,0.0,0.0,0.0,0.0,0.0,0.0,0.0,0.0,0.0
MOL_03593,CN/C(=N\c1ccc(C2=NNC(=O)CC2C)cc1)NC#N,0.0,0.0,0.0,0.0,0.0,0.0,0.0,0.0,0.0,0.0,0.0,0.0
MOL_03594,CC(C)COC(=O)OCN1C(=O)CN(CCN2CC(=O)N(COC(=O)OCC(C)C)C(=O)C2)CC1=O,0.0,0.0,0.0,,0.0,0.0,0.0,,0.0,,0.0,1.0
MOL_03595,C[n+]1cc2c3c(ccc2c2ccc4cc5c(cc4c21)OCO5)OCO3,0.0,,1.0,,,1.0,,,,1.0,,
MOL_03596,O=C(CCCN1CCC2(CC1)C(=O)NCN2c1ccccc1)c1ccc(F)cc1,0.0,0.0,0.0,,,0.0,0.0,1.0,0.0,0.0,1.0,0.0
MOL_03597,O=c1[nH]oc2c1CCNC2,0.0,0.0,0.0,0.0,0.0,0.0,0.0,0.0,0.0,0.0,0.0,0.0
MOL_03598,CC(COCCO)OCCO,0.0,0.0,0.0,0.0,0.0,0.0,0.0,0.0,0.0,0.0,0.0,0.0
MOL_03599,CCCCCCCCc1ccc(S(=O)(=O)[O-])cc1,0.0,0.0,0.0,0.0,0.0,0.0,0.0,,0.0,0.0,0.0,0.0
MOL_03600,CC1=C(/C=C/C(C)=C/C=C/C(C)=C/C=O)C(C)(C)CCC1,0.0,,0.0,,,1.0,,,,,,
MOL_03601,CC1=C(/C=C/C(C)=C/C=C/C(C)=C\C=O)C(C)(C)CCC1,0.0,0.0,0.0,1.0,0.0,1.0,,,0.0,,1.0,
MOL_03602,Oc1cc2ccccc2c2ccccc12,0.0,,1.0,,,1.0,,,,,1.0,
MOL_03603,O=Nc1ccc(O)cc1,0.0,0.0,1.0,0.0,0.0,0.0,0.0,0.0,0.0,0.0,1.0,0.0
MOL_03604,O=[N+]([O-])c1cc(I)c(O)c(I)c1,0.0,,0.0,0.0,,0.0,,,,,,
MOL_03605,N#CCC(=O)NN,,,,,,,,0.0,,0.0,,
MOL_03606,O=C(Cn1ccnc1[N+](=O)[O-])NCc1ccccc1,0.0,0.0,0.0,0.0,0.0,0.0,0.0,0.0,0.0,0.0,0.0,0.0
MOL_03607,CN(C)c1ccc(C(=C2C=CC(=[N+](C)C)C=C2)c2c(O)c(S(=O)(=O)[O-])cc3cc(S(=O)(=O)[O-])ccc23)cc1,0.0,0.0,,,,0.0,0.0,,,,0.0,0.0
MOL_03608,O=C(OCCc1ccccc1)c1ccccc1,0.0,0.0,0.0,,1.0,0.0,0.0,0.0,1.0,0.0,0.0,0.0
MOL_03609,OC[C@@H](O)[C@H]1O[C@@H]2O[C@@H](C(Cl)(Cl)Cl)O[C@@H]2[C@H]1O,0.0,0.0,0.0,0.0,0.0,0.0,0.0,,0.0,,0.0,0.0
MOL_03610,Cc1cn([C@H]2C[C@H](F)[C@@H](CO)O2)c(=O)[nH]c1=O,0.0,0.0,,0.0,0.0,0.0,0.0,0.0,0.0,0.0,0.0,0.0
MOL_03611,O=S(=O)([O-])c1cc(O)c2c(N=Nc3ccc(Nc4ccccc4)c4c(S(=O)(=O)[O-])cccc34)cc(S(=O)(=O)[O-])cc2c1,0.0,0.0,0.0,,,0.0,0.0,,0.0,,,0.0
MOL_03612,CC(C)CCCCCCc1ccc(OCCOCCO)cc1,0.0,0.0,0.0,0.0,0.0,0.0,0.0,0.0,0.0,0.0,0.0,0.0
MOL_03613,OCC#CCO,0.0,0.0,0.0,0.0,0.0,0.0,0.0,0.0,0.0,0.0,0.0,0.0
MOL_03614,CCCN1CCC[C@@H]2Cc3nc(N)ncc3C[C@H]21,0.0,0.0,,0.0,0.0,0.0,0.0,,0.0,0.0,0.0,0.0
MOL_03615,O=C1CC[C@@]2(O)[C@H]3Cc4ccc(O)c5c4[C@@]2(CCN3CC2CC2)[C@H]1O5,0.0,0.0,0.0,0.0,0.0,0.0,0.0,,0.0,0.0,0.0,0.0
MOL_03616,O=C(O)C(Br)CBr,0.0,0.0,0.0,,0.0,0.0,,,0.0,0.0,0.0,0.0
MOL_03617,CCN1C[C@@]2(COC)[C@H]3[C@@H](OC)[C@H]4C1[C@]3([C@@H](OC)C[C@H]2O)[C@@H]1C[C@]2(O)[C@@H](OC)[C@H](O)[C@@]4(OC(C)=O)[C@H]1[C@H]2OC(=O)c1ccccc1,0.0,0.0,0.0,0.0,0.0,0.0,0.0,,0.0,,0.0,0.0
MOL_03618,COC(=O)C1=C(C)NC(C)=C(C(=O)OCCCN2CCC(c3ccccc3)(c3ccccc3)CC2)C1c1cccc([N+](=O)[O-])c1,0.0,,,,,0.0,,,,,,
MOL_03619,CCNS(=O)(=O)C(F)(F)C(F)(F)C(F)(F)C(F)(F)C(F)(F)C(F)(F)C(F)(F)C(F)(F)F,0.0,0.0,0.0,,0.0,0.0,0.0,1.0,0.0,0.0,,0.0
MOL_03620,N#CSCSc1nc2ccccc2s1,0.0,1.0,,,0.0,0.0,1.0,,1.0,1.0,1.0,1.0
MOL_03621,C=CC(=O)NC(C)(C)CS(=O)(=O)[O-],0.0,0.0,0.0,0.0,0.0,0.0,,0.0,0.0,0.0,,0.0
MOL_03622,Clc1ccc(C(Cl)(Cl)Cl)cc1,0.0,0.0,0.0,0.0,1.0,0.0,0.0,0.0,0.0,0.0,0.0,0.0
MOL_03623,CCCCCCCCS(=O)(=O)[O-],0.0,0.0,0.0,0.0,0.0,0.0,0.0,0.0,0.0,0.0,0.0,0.0
MOL_03624,Cc1ccc(/N=N/c2c(O)c(C(=O)[O-])cc3ccccc23)c(S(=O)(=O)[O-])c1,0.0,0.0,1.0,,0.0,0.0,0.0,1.0,0.0,0.0,,0.0
MOL_03625,CCc1cccc(C)c1N,0.0,0.0,,0.0,0.0,0.0,0.0,0.0,0.0,0.0,0.0,0.0
MOL_03626,O=C([O-])CS,0.0,0.0,0.0,,0.0,0.0,0.0,0.0,0.0,0.0,0.0,0.0
MOL_03627,CC(C)OB(OC(C)C)OC(C)C,0.0,0.0,0.0,0.0,0.0,0.0,0.0,0.0,0.0,0.0,0.0,0.0
MOL_03628,C[C@]12C(=O)OC(=O)[C@H]1[C@H]1C=C[C@@H]2C1,0.0,0.0,0.0,0.0,,0.0,0.0,0.0,0.0,0.0,0.0,0.0
MOL_03629,CC(C)CCCCCOC(=O)CS,0.0,0.0,,,0.0,0.0,0.0,,0.0,0.0,0.0,0.0
MOL_03630,CC(COc1ccc(Oc2ccccc2)cc1)Oc1ccccn1,0.0,0.0,,,,0.0,0.0,1.0,0.0,0.0,,0.0
MOL_03631,O=C(O)c1c(Cl)ccc2cc(Cl)cnc12,0.0,0.0,,0.0,0.0,0.0,0.0,0.0,0.0,0.0,0.0,0.0
MOL_03632,CCC(O)OCC(C)OC(O)CC,0.0,0.0,0.0,0.0,0.0,0.0,0.0,0.0,0.0,0.0,0.0,0.0
MOL_03633,COc1ccc(/C=N/NC(=O)c2ccncc2)cc1OC,0.0,0.0,1.0,0.0,0.0,0.0,0.0,0.0,0.0,0.0,0.0,0.0
MOL_03634,C=CC(=O)OCCC(=O)O,0.0,0.0,0.0,0.0,0.0,0.0,,1.0,0.0,0.0,0.0,0.0
MOL_03635,CCOCC(O)COc1ccc(NC(=O)CC[S+](C)C)cc1,0.0,0.0,,0.0,0.0,0.0,0.0,,0.0,0.0,0.0,0.0
MOL_03636,CCOC(=O)C(C)OC(=O)c1cc(Oc2ccc(C(F)(F)F)cc2Cl)ccc1[N+](=O)[O-],0.0,0.0,0.0,0.0,,0.0,0.0,,0.0,0.0,1.0,0.0
MOL_03637,CC[C@@]1(c2ccccc2)NC(=O)N(C)C1=O,0.0,0.0,0.0,0.0,0.0,0.0,0.0,0.0,0.0,0.0,0.0,0.0
MOL_03638,COC(=O)c1ccccc1CS(=O)(=O)NC(=O)Nc1nc(OC)cc(OC)n1,0.0,0.0,0.0,0.0,0.0,0.0,0.0,0.0,0.0,0.0,0.0,0.0
MOL_03639,O=C1C=CC(=O)O1,0.0,0.0,0.0,0.0,0.0,0.0,0.0,0.0,0.0,0.0,0.0,0.0
MOL_03640,CC(C)=CC1C(C(=O)OCN2C(=O)C3=C(CCCC3)C2=O)C1(C)C,0.0,0.0,0.0,,0.0,0.0,,,0.0,1.0,,
MOL_03641,C[C@H](CSC(=O)c1ccccc1)C(=O)N1C[C@@H](Sc2ccccc2)C[C@H]1C(=O)[O-].C[C@H](CSC(=O)c1ccccc1)C(=O)N1C[C@@H](Sc2ccccc2)C[C@H]1C(=O)[O-],0.0,0.0,0.0,0.0,0.0,0.0,0.0,,0.0,,0.0,0.0
MOL_03642,CC(C)NCC(O)c1ccc2ccccc2c1,0.0,0.0,,0.0,0.0,0.0,0.0,0.0,0.0,0.0,0.0,0.0
MOL_03643,CC(CN1c2ccccc2Sc2ccccc21)N(C)C,0.0,0.0,0.0,0.0,0.0,0.0,0.0,0.0,0.0,0.0,,0.0
MOL_03644,Nc1ccc2cc3ccc(N)cc3nc2c1,0.0,1.0,1.0,1.0,1.0,,,1.0,0.0,0.0,1.0,1.0
MOL_03645,CNNCc1ccc(C(=O)NC(C)C)cc1,0.0,0.0,,0.0,0.0,0.0,0.0,0.0,0.0,0.0,0.0,0.0
MOL_03646,CC(C)Nc1nc(Cl)nc(NC(C)C)n1,0.0,0.0,0.0,0.0,0.0,0.0,0.0,0.0,0.0,0.0,0.0,0.0
MOL_03647,O=S1(=O)CCCO1,0.0,0.0,0.0,0.0,0.0,0.0,0.0,0.0,0.0,0.0,0.0,0.0
MOL_03648,CCC(C)(CCC(C)C)C(=O)[O-].CCC(C)(CCC(C)C)C(=O)[O-].[Zn+2],0.0,0.0,0.0,0.0,0.0,0.0,0.0,0.0,0.0,0.0,0.0,0.0
MOL_03649,C=CCON/C(CCC)=C1\C(=O)CC(C)(C)C(C(=O)OC)=C1[O-],0.0,0.0,0.0,0.0,0.0,0.0,0.0,0.0,0.0,0.0,,0.0
MOL_03650,CC(=O)/C=C/C1C(C)=CCC(C)C1(C)C,0.0,0.0,0.0,0.0,0.0,0.0,0.0,0.0,0.0,0.0,0.0,0.0
MOL_03651,O=S(=O)([O-])SSS(=O)(=O)[O-],0.0,0.0,0.0,0.0,0.0,0.0,0.0,,0.0,0.0,0.0,0.0
MOL_03652,CCCCCCCCCCCC(=O)OCC,0.0,0.0,0.0,0.0,0.0,0.0,0.0,0.0,0.0,0.0,0.0,0.0
MOL_03653,C=C1[C@H]2CC[C@@H]3[C@H]2C(C)(C)CCC[C@]13C,0.0,0.0,0.0,0.0,0.0,0.0,0.0,0.0,0.0,0.0,0.0,0.0
MOL_03654,CCCCOC(=O)C(C)CC,0.0,0.0,0.0,0.0,0.0,0.0,0.0,0.0,0.0,,0.0,0.0
MOL_03655,CCCCCCCCCCCCOCCOCCOCCOCCOCCOCCOCCOCCOCCO,0.0,,0.0,,,0.0,,1.0,0.0,,,
MOL_03656,COC(=O)Nc1nc2cc(C(=O)c3cccs3)ccc2[nH]1,,,1.0,,0.0,,,1.0,1.0,0.0,1.0,1.0
MOL_03657,Nc1c(S(=O)(=O)O)cc(Br)c2c1C(=O)c1ccccc1C2=O,0.0,0.0,1.0,0.0,0.0,0.0,0.0,1.0,0.0,0.0,,0.0
MOL_03658,Cc1cc(Cl)c(C)cc1Cl,0.0,0.0,0.0,0.0,0.0,0.0,0.0,0.0,0.0,0.0,,0.0
MOL_03659,Clc1nc(C(Cl)(Cl)Cl)c(Cl)c(Cl)c1Cl,0.0,0.0,1.0,,,0.0,,1.0,,1.0,,0.0
MOL_03660,O=S(=O)(O)c1cc(O)c2ccc(Nc3ccccc3)cc2c1,0.0,0.0,,0.0,,0.0,0.0,0.0,0.0,0.0,,0.0
MOL_03661,C=C(C)C(=O)OCCC(C)OC(=O)C(=C)C,0.0,0.0,0.0,0.0,0.0,0.0,0.0,0.0,0.0,0.0,,0.0
MOL_03662,CC1=NN(c2cccc(S(=O)(=O)O)c2)C(=O)C1,0.0,0.0,0.0,0.0,0.0,0.0,0.0,,0.0,0.0,0.0,0.0
MOL_03663,CC(C)CC(C)N(c1ccccc1)c1ccc(N)cc1,0.0,,1.0,,,,,1.0,0.0,,1.0,1.0
MOL_03664,OCC1(CO)COCOC1,0.0,0.0,0.0,0.0,0.0,0.0,0.0,0.0,0.0,0.0,,0.0
MOL_03665,O=S(=O)(O)c1ccc2ccccc2c1,0.0,0.0,0.0,0.0,0.0,0.0,0.0,0.0,0.0,0.0,,0.0
MOL_03666,Nc1cccc(S(=O)(=O)c2cccc(N)c2)c1,0.0,0.0,0.0,0.0,0.0,0.0,0.0,0.0,0.0,0.0,,0.0
MOL_03667,CC1=NN(c2ccc(C(=O)O)cc2)C(=O)C1,0.0,,1.0,,0.0,0.0,0.0,0.0,0.0,0.0,0.0,0.0
MOL_03668,Nc1ccc(C(=O)OCCCOC(=O)c2ccc(N)cc2)cc1,0.0,,1.0,1.0,,0.0,0.0,,0.0,0.0,,0.0
MOL_03669,CC(C)C1OCCN1CCOC(=O)NCCCCCCNC(=O)OCCN1CCOC1C(C)C,0.0,0.0,0.0,0.0,0.0,0.0,0.0,0.0,0.0,0.0,0.0,0.0
MOL_03670,Clc1ccc(Cl)c(Cl)c1Cl,0.0,0.0,0.0,0.0,0.0,0.0,0.0,0.0,0.0,0.0,0.0,0.0
MOL_03671,NS(=O)(=O)c1cc2c(cc1C(F)(F)F)NC(Cc1ccccc1)NS2(=O)=O,0.0,0.0,0.0,0.0,0.0,0.0,0.0,0.0,0.0,0.0,0.0,0.0
MOL_03672,CCN(CC)CCOC(=O)C(O)(c1ccccc1)c1ccccc1,0.0,0.0,0.0,0.0,0.0,0.0,0.0,0.0,0.0,0.0,0.0,0.0
MOL_03673,CCC1(CC)C(=O)NC(=O)NC1=O,0.0,0.0,0.0,0.0,0.0,0.0,0.0,0.0,0.0,0.0,0.0,0.0
MOL_03674,C[C@H]1[C@H](NC(=O)C(=NOC(C)(C)C(=O)O)c2csc(N)n2)C(=O)N1S(=O)(=O)O,0.0,0.0,0.0,0.0,0.0,0.0,0.0,0.0,0.0,0.0,0.0,0.0
MOL_03675,Nc1nc(=O)c2c([nH]1)NCC(CNc1ccc(C(=O)N[C@@H](CCC(=O)[O-])C(=O)[O-])cc1)N2C=O,0.0,0.0,0.0,0.0,0.0,0.0,0.0,,0.0,,0.0,0.0
MOL_03676,O=C(O)c1ccc(C(=O)O)cc1,0.0,0.0,0.0,0.0,0.0,0.0,0.0,0.0,0.0,0.0,0.0,0.0
MOL_03677,CC(C)(c1cc(Br)c(O)c(Br)c1)c1cc(Br)c(O)c(Br)c1,0.0,0.0,0.0,1.0,0.0,1.0,1.0,1.0,0.0,1.0,1.0,1.0
MOL_03678,BrCC(Br)(Br)Br,0.0,0.0,0.0,,0.0,0.0,0.0,,,1.0,,1.0
MOL_03679,BrC(Br)C(Br)Br,0.0,0.0,,0.0,0.0,0.0,0.0,0.0,0.0,0.0,0.0,0.0
MOL_03680,O=C1OC(=O)c2c(Br)c(Br)c(Br)c(Br)c21,0.0,0.0,0.0,0.0,0.0,0.0,0.0,,0.0,0.0,0.0,0.0
MOL_03681,CC(=O)Nc1ccc(OC(=O)c2ccccc2OC(C)=O)cc1,1.0,0.0,0.0,0.0,0.0,0.0,0.0,,0.0,0.0,,0.0
MOL_03682,CC(=O)c1c(C)c([N+](=O)[O-])c(C(C)(C)C)c([N+](=O)[O-])c1C,0.0,0.0,0.0,0.0,,0.0,0.0,0.0,0.0,0.0,,0.0
MOL_03683,C=CC(=C)CCC=C(C)C,0.0,0.0,0.0,0.0,0.0,0.0,0.0,0.0,0.0,1.0,,0.0
MOL_03684,C=CCc1cc(OC)c2c(c1)OCO2,0.0,0.0,0.0,0.0,0.0,0.0,0.0,0.0,0.0,0.0,0.0,0.0
MOL_03685,Nc1ccc(N)c2ccccc12,0.0,0.0,1.0,,,0.0,,,,,1.0,
MOL_03686,CS(C)=O,0.0,0.0,0.0,0.0,0.0,0.0,0.0,1.0,0.0,0.0,0.0,0.0
MOL_03687,CO,0.0,0.0,0.0,0.0,0.0,0.0,0.0,0.0,0.0,0.0,0.0,0.0
MOL_03688,CCCO,0.0,0.0,0.0,0.0,0.0,0.0,0.0,0.0,0.0,0.0,0.0,0.0
MOL_03689,CNC(=O)OCC[N+](C)(C)C,0.0,0.0,,0.0,0.0,0.0,0.0,,0.0,,0.0,0.0
MOL_03690,c1ccc2cc(CC3=NCCN3)ccc2c1,0.0,0.0,1.0,0.0,0.0,0.0,0.0,0.0,0.0,0.0,0.0,0.0
MOL_03691,C[C@]12N[C@H](Cc3ccccc31)c1ccccc12,0.0,0.0,0.0,0.0,0.0,0.0,0.0,,0.0,,,0.0
MOL_03692,CC1(C)CCC(NC(=O)[C@@H](N)CCC(=O)O)CC1,0.0,0.0,0.0,0.0,0.0,0.0,0.0,,0.0,,0.0,0.0
MOL_03693,Cc1c(C)c2c(c(C)c1O)CC[C@@](C)(CCC[C@H](C)CCC[C@H](C)CCCC(C)C)O2,0.0,0.0,0.0,0.0,0.0,0.0,0.0,0.0,0.0,0.0,0.0,0.0
MOL_03694,CC[N+](CC)(CC)CCOc1ccc(/C=C/c2ccccc2)cc1,0.0,0.0,0.0,1.0,,0.0,,1.0,,0.0,0.0,0.0
MOL_03695,Cc1cccc(C)c1OCC(C)N,0.0,0.0,0.0,0.0,0.0,0.0,0.0,0.0,0.0,0.0,0.0,0.0
MOL_03696,COc1ccc(OC)c(C(O)C(C)N)c1,0.0,,,0.0,0.0,0.0,0.0,,0.0,,0.0,0.0
MOL_03697,Nc1ccc(Cc2ccc(N)cc2)cc1,0.0,0.0,1.0,0.0,0.0,0.0,0.0,0.0,0.0,0.0,0.0,0.0
MOL_03698,CN1CCN(CCCN2c3ccccc3Sc3ccccc32)CC1,0.0,0.0,0.0,,0.0,0.0,,,0.0,,,0.0
MOL_03699,COc1ccc2[nH]cc(CCNC(C)=O)c2c1,0.0,0.0,1.0,0.0,1.0,0.0,0.0,0.0,0.0,0.0,0.0,0.0
MOL_03700,CC(=O)OCc1ccco1,0.0,0.0,0.0,0.0,0.0,0.0,0.0,0.0,0.0,0.0,0.0,0.0
MOL_03701,OCc1ccco1,0.0,0.0,0.0,0.0,0.0,0.0,0.0,0.0,0.0,0.0,0.0,0.0
MOL_03702,O=C(c1ccc(O)cc1)c1ccc(O)cc1,0.0,0.0,1.0,,1.0,1.0,0.0,0.0,0.0,0.0,,0.0
MOL_03703,CN1CCCC(OC(=O)C(O)(c2ccccc2)c2ccccc2)C1,0.0,0.0,,0.0,0.0,0.0,0.0,,0.0,,,0.0
MOL_03704,COC(=O)N(OC)c1ccccc1COc1ccn(-c2ccc(Cl)cc2)n1,0.0,,,,,,,1.0,0.0,0.0,1.0,1.0
MOL_03705,CC1=NNC(=O)N(/N=C/c2cccnc2)C1,0.0,0.0,,0.0,,0.0,0.0,0.0,0.0,0.0,0.0,0.0
MOL_03706,CC[C@@H](C(=O)[C@@H](C)[C@@H](O)[C@H](C)[C@@H]1O[C@@H]([C@@H](CC)C(=O)O)[C@@H](C)C[C@@H]1C)[C@H]1O[C@]2(C=C[C@@H](O)[C@]3(CC[C@@](C)([C@H]4CC[C@](O)(CC)[C@H](C)O4)O3)O2)[C@H](C)C[C@@H]1C,0.0,,0.0,0.0,,0.0,,,0.0,,,1.0
MOL_03707,COCC(=O)N(c1c(C)cccc1C)N1CCOC1=O,0.0,0.0,0.0,0.0,0.0,0.0,0.0,0.0,0.0,0.0,0.0,0.0
MOL_03708,c1ccc(CNc2[nH]cnc3ncnc2-3)cc1,0.0,0.0,1.0,0.0,,0.0,0.0,0.0,0.0,0.0,,0.0
MOL_03709,CC1(C)S[C@@H]2[C@H](NC(=O)[C@H](C(=O)[O-])c3ccsc3)C(=O)N2[C@H]1C(=O)[O-],0.0,0.0,0.0,0.0,0.0,0.0,0.0,,0.0,,0.0,0.0
MOL_03710,C[C@@H](CN(C)C)CN1c2ccccc2Sc2ccccc21.C[C@@H](CN(C)C)CN1c2ccccc2Sc2ccccc21,0.0,0.0,0.0,0.0,0.0,0.0,0.0,,0.0,0.0,,0.0
MOL_03711,CCC(=O)O[C@@](Cc1ccccc1)(c1ccccc1)[C@@H](C)CN(C)C.O=S(=O)(O)c1ccc2ccccc2c1,0.0,0.0,0.0,0.0,0.0,0.0,0.0,,0.0,,0.0,0.0
MOL_03712,CCN(CCCc1ccccc1)CCCc1ccccc1.O=C(O)CC(O)(CC(=O)O)C(=O)O,0.0,0.0,0.0,0.0,0.0,0.0,0.0,0.0,0.0,0.0,0.0,0.0
MOL_03713,Cc1ccc(Cl)c(Nc2ccccc2C(=O)[O-])c1Cl,0.0,0.0,0.0,0.0,0.0,0.0,,0.0,0.0,0.0,0.0,1.0
MOL_03714,CN1CCc2c(c3ccccc3n2Cc2ccccc2)C1.CN1CCc2c(c3ccccc3n2Cc2ccccc2)C1.O=S(=O)(O)c1cccc2c(S(=O)(=O)O)cccc12,0.0,0.0,0.0,,0.0,0.0,0.0,,0.0,,,0.0
MOL_03715,COc1ccc2c(c1)[C@@]13CCCCC1[C@@H](C2)N(C)CC3,0.0,0.0,0.0,0.0,0.0,0.0,0.0,,0.0,,0.0,0.0
MOL_03716,CCN(CC)Cc1cc(Nc2ccnc3cc(Cl)ccc23)ccc1O,0.0,0.0,0.0,0.0,0.0,0.0,0.0,,0.0,,0.0,0.0
MOL_03717,CCN(CC)c1ccc(N=Nc2ccc(S(=O)(=O)N(C)C)cc2)c(S(=O)(=O)NCC[n+]2ccccc2)c1,0.0,0.0,,0.0,,0.0,0.0,,0.0,,0.0,0.0
MOL_03718,CC[C@H]1O[C@]2(CC[C@@H]1C)C[C@@H]1C[C@@H](CC=C(C)C[C@@H](C)C=CC=C3CO[C@@H]4[C@H](O)C(C)=C[C@@H](C(=O)O1)[C@]34O)O2,0.0,,0.0,,,,,,,1.0,,
MOL_03719,CO[C@@H]1[C@@H](O[C@@H]2O[C@H](C)[C@@H](O[C@H]3C[C@@](C)(O)[C@@H](O)[C@H](C)O3)[C@H](N(C)C)[C@H]2O)[C@@H](CC=O)C[C@@H](C)[C@@H](O[C@@H]2CC[C@H](N(C)C)[C@@H](C)O2)C=CC=CC[C@@H](C)OC(=O)C[C@H]1O,0.0,0.0,0.0,0.0,0.0,0.0,0.0,,0.0,,0.0,0.0
MOL_03720,C1CCN2C[C@@H]3C[C@@H](CN4CCCC[C@H]34)[C@@H]2C1,0.0,0.0,0.0,0.0,0.0,0.0,0.0,0.0,0.0,0.0,0.0,0.0
MOL_03721,C[C@H]1CN(c2c(F)c(N)c3c(=O)c(C(=O)O)cn(C4CC4)c3c2F)C[C@@H](C)N1,1.0,0.0,0.0,0.0,0.0,0.0,0.0,0.0,0.0,0.0,0.0,0.0
MOL_03722,O=C1CSC2(CCN(CCCN3c4ccccc4Sc4ccc(Cl)cc43)CC2)N1,0.0,0.0,1.0,,,0.0,,,0.0,,1.0,
MOL_03723,CC1(C)OC[C@@H](COC(=O)CCc2ccc(OC[C@@H](O)CNCCNC(=O)N3CCOCC3)cc2)O1,0.0,0.0,0.0,0.0,0.0,0.0,0.0,,0.0,0.0,0.0,0.0
MOL_03724,CCCCOC(=O)CCCCCCCCC(=O)OCCCC,0.0,0.0,0.0,0.0,0.0,0.0,0.0,0.0,0.0,0.0,0.0,0.0
MOL_03725,N#C/C(=C1/SC[C@@H](c2ccc(Cl)cc2Cl)S1)n1ccnc1,0.0,0.0,1.0,1.0,,0.0,,1.0,0.0,,0.0,0.0
MOL_03726,O=C([O-])c1ccccc1Nc1cc(Cl)ccc1C(=O)[O-],0.0,0.0,0.0,0.0,0.0,0.0,0.0,0.0,0.0,1.0,0.0,0.0
MOL_03727,CCCCCCCCN(C)C,0.0,0.0,0.0,0.0,0.0,0.0,0.0,0.0,0.0,0.0,0.0,0.0
MOL_03728,Oc1ccc2ccccc2c1,0.0,0.0,1.0,0.0,1.0,1.0,0.0,1.0,0.0,0.0,1.0,0.0
MOL_03729,CCCCCCCCCCCC(=O)N(C)CC(=O)[O-],0.0,0.0,0.0,0.0,0.0,0.0,0.0,0.0,0.0,0.0,0.0,0.0
MOL_03730,CCC(C)CO,0.0,0.0,0.0,0.0,0.0,0.0,0.0,1.0,0.0,0.0,0.0,0.0
MOL_03731,Nc1ncnc2c1ncn2[C@H]1CC[C@@H](CO)O1,0.0,0.0,0.0,0.0,0.0,0.0,0.0,0.0,0.0,0.0,0.0,0.0
MOL_03732,O=C1[N-]C(=O)C(c2ccccc2)(c2ccccc2)N1,0.0,0.0,0.0,0.0,0.0,0.0,0.0,0.0,0.0,0.0,0.0,0.0
MOL_03733,O=C(OCC1(COC(=O)c2cccnc2)CCCC(COC(=O)c2cccnc2)(COC(=O)c2cccnc2)C1O)c1cccnc1,0.0,0.0,0.0,0.0,0.0,0.0,0.0,0.0,0.0,0.0,0.0,0.0
MOL_03734,CN1CSC(=S)N(C)C1,0.0,0.0,0.0,,0.0,0.0,,1.0,0.0,1.0,0.0,0.0
MOL_03735,O=C1c2ccccc2C(=O)C1c1ccc2ccccc2n1,,0.0,1.0,,,0.0,0.0,1.0,1.0,0.0,1.0,0.0
MOL_03736,CCOC(=O)OC1=C(c2cc(C)ccc2C)C(=O)NC12CCC(OC)CC2,0.0,0.0,0.0,,,0.0,0.0,0.0,0.0,0.0,,1.0
MOL_03737,[O-]c1cc(Cl)c(Cl)cc1Cl,0.0,0.0,1.0,0.0,,0.0,0.0,1.0,0.0,0.0,1.0,0.0
MOL_03738,CCCCCC/C=C\CCCCCCCC(=O)O,0.0,0.0,0.0,0.0,0.0,0.0,1.0,0.0,0.0,,0.0,0.0
MOL_03739,C=C(C)[C@@H]1CC=C(C=O)CC1,0.0,0.0,0.0,0.0,0.0,0.0,0.0,,0.0,0.0,0.0,0.0
MOL_03740,COc1ccc(C(C)=O)cc1,0.0,0.0,0.0,0.0,1.0,0.0,0.0,0.0,0.0,0.0,0.0,0.0
MOL_03741,COc1cc(Cl)ccc1Cl,0.0,0.0,0.0,0.0,0.0,0.0,0.0,0.0,0.0,0.0,0.0,0.0
MOL_03742,CC(=O)CC(=O)N(C)C,0.0,0.0,0.0,0.0,0.0,0.0,0.0,0.0,0.0,0.0,0.0,0.0
MOL_03743,Cc1cccc(C)c1NC(=O)CN1CCCCCC1,0.0,0.0,0.0,0.0,0.0,0.0,0.0,0.0,0.0,0.0,0.0,0.0
MOL_03744,Cc1nc2ccccc2n1Cc1ccc(Cl)cc1,0.0,,0.0,0.0,,0.0,0.0,1.0,0.0,0.0,,
MOL_03745,C[C@@H](Cc1ccccc1)N(C)C,0.0,0.0,0.0,0.0,1.0,0.0,0.0,,0.0,,0.0,0.0
MOL_03746,O=C(CN1CCNCC1)NC1CCCCC1,0.0,0.0,0.0,0.0,0.0,0.0,0.0,0.0,0.0,0.0,0.0,0.0
MOL_03747,CCCCNCC(O)c1ccc(O)cc1,0.0,0.0,0.0,0.0,0.0,0.0,0.0,,0.0,,0.0,0.0
MOL_03748,CC(Cc1ccccc1)NCc1ccccc1Cl,0.0,0.0,0.0,0.0,1.0,0.0,0.0,0.0,0.0,0.0,,0.0
MOL_03749,COC(=O)C1=C(C)NC(C)=C(C(=O)OC)C1c1ccccc1OC(F)F,0.0,0.0,,0.0,0.0,0.0,0.0,0.0,0.0,0.0,,0.0
MOL_03750,CCCCCCCCCCCSCC(=O)O,0.0,0.0,0.0,0.0,,0.0,1.0,0.0,0.0,,0.0,
MOL_03751,COC(CC(C)CCCC(C)(C)O)OC,0.0,0.0,0.0,0.0,0.0,0.0,0.0,0.0,0.0,0.0,0.0,0.0
MOL_03752,Oc1ccc2c(c1)-c1ccccc1C2,0.0,0.0,1.0,0.0,1.0,1.0,0.0,1.0,0.0,0.0,1.0,
MOL_03753,COC(=O)C(C)N(C(=O)c1ccco1)c1c(C)cccc1C,0.0,0.0,0.0,0.0,0.0,0.0,0.0,0.0,0.0,0.0,0.0,0.0
MOL_03754,CO/C=C(/C(=O)OC)c1ccccc1COc1cccc(C(F)(F)F)n1,0.0,,0.0,,,,,1.0,0.0,0.0,,1.0
MOL_03755,C=CC(C)(O)CC/C=C(/C)CCC=C(C)C,0.0,0.0,0.0,,0.0,0.0,0.0,,0.0,0.0,0.0,0.0
MOL_03756,CCOC(=O)CC1(C)OCC(C)O1,0.0,0.0,0.0,0.0,0.0,0.0,0.0,0.0,0.0,0.0,0.0,0.0
MOL_03757,O=C(O)CCCCC1CCSS1,0.0,0.0,0.0,0.0,0.0,0.0,0.0,1.0,0.0,0.0,0.0,0.0
MOL_03758,COC(=O)CC(C(C)=O)C(=O)OC,0.0,0.0,0.0,0.0,0.0,0.0,0.0,,0.0,0.0,0.0,0.0
MOL_03759,CC(C)N(Cc1ccccc1)C(=O)C(C)(C)C,0.0,0.0,0.0,0.0,1.0,0.0,0.0,0.0,0.0,0.0,,0.0
MOL_03760,CC1CCC(C(C)CS)CC1S,0.0,0.0,0.0,0.0,0.0,0.0,0.0,,0.0,,0.0,
MOL_03761,C=CC(C)(O)CCC=C(C)C,0.0,0.0,0.0,0.0,0.0,0.0,0.0,0.0,0.0,0.0,0.0,0.0
MOL_03762,C=CC(C)(CCC=C(C)C)OC(=O)c1ccccc1N,0.0,0.0,0.0,0.0,0.0,0.0,0.0,0.0,0.0,0.0,0.0,0.0
MOL_03763,CCCCC/C=C\C/C=C\CCCCCCCC(=O)O,0.0,0.0,0.0,0.0,0.0,0.0,0.0,0.0,0.0,1.0,0.0,0.0
MOL_03764,CC/C=C\C/C=C\C/C=C\CCCCCCCC(=O)O,0.0,0.0,0.0,0.0,0.0,0.0,1.0,1.0,0.0,1.0,0.0,0.0
MOL_03765,COCCC#N,0.0,0.0,0.0,0.0,0.0,0.0,0.0,0.0,0.0,0.0,0.0,0.0
MOL_03766,O=C(O)CCSSCCC(=O)O,0.0,0.0,0.0,0.0,0.0,0.0,0.0,0.0,0.0,0.0,0.0,0.0
MOL_03767,CCCC[n+]1ccccc1,0.0,0.0,0.0,0.0,0.0,0.0,0.0,0.0,0.0,0.0,0.0,0.0
MOL_03768,CCOP(=S)(OCC)Oc1ncn(-c2ccccc2)n1,0.0,0.0,1.0,0.0,1.0,0.0,0.0,0.0,0.0,0.0,,0.0
MOL_03769,CSc1ccc(C=O)cc1,0.0,0.0,0.0,0.0,0.0,0.0,0.0,0.0,0.0,0.0,0.0,0.0
MOL_03770,Cc1c([N+](=O)[O-])c(C)c([N+](=O)[O-])c(C(C)(C)C)c1[N+](=O)[O-],0.0,0.0,0.0,,0.0,0.0,0.0,0.0,0.0,0.0,1.0,0.0
MOL_03771,CNC(=S)N(C)C,0.0,0.0,0.0,0.0,0.0,0.0,0.0,0.0,0.0,0.0,0.0,0.0
MOL_03772,CCCOCCC,0.0,0.0,0.0,0.0,0.0,0.0,0.0,0.0,0.0,0.0,0.0,0.0
MOL_03773,CCCSP(=S)(OCC)Oc1ccc(Cl)cc1Cl,0.0,0.0,1.0,0.0,1.0,,0.0,,0.0,0.0,,0.0
MOL_03774,COP(=S)(Oc1cc(Cl)c(Br)cc1Cl)c1ccccc1,0.0,0.0,1.0,,0.0,0.0,,,0.0,0.0,,
MOL_03775,CSC(C)(C)/C=N\O,0.0,0.0,0.0,0.0,,0.0,0.0,0.0,0.0,0.0,0.0,0.0
MOL_03776,N#Cc1sc2c(=O)c3ccccc3c(=O)c=2sc1C#N,0.0,,1.0,,,,,1.0,0.0,,,
MOL_03777,Cc1ccc2ccccc2n1,0.0,0.0,,0.0,0.0,0.0,0.0,0.0,0.0,0.0,0.0,0.0
MOL_03778,CCOP(=S)(OCC)Oc1ccc(Cl)cc1Cl,0.0,0.0,1.0,0.0,,0.0,0.0,0.0,0.0,0.0,,0.0
MOL_03779,N#CCCCl,0.0,0.0,0.0,0.0,0.0,0.0,0.0,0.0,0.0,0.0,0.0,0.0
MOL_03780,ClCBr,0.0,0.0,0.0,0.0,,0.0,0.0,0.0,0.0,0.0,0.0,0.0
MOL_03781,O=C([O-])C(=O)[O-].[Ca+2],0.0,0.0,0.0,0.0,0.0,0.0,0.0,0.0,0.0,0.0,0.0,0.0
MOL_03782,C=CC(C)(C)C,0.0,0.0,0.0,0.0,0.0,0.0,0.0,0.0,0.0,0.0,,0.0
MOL_03783,CCc1cccc(CC)c1N,0.0,0.0,0.0,0.0,0.0,0.0,0.0,0.0,0.0,0.0,0.0,0.0
MOL_03784,O=C([O-])c1ccccc1,0.0,0.0,0.0,0.0,0.0,0.0,0.0,0.0,0.0,0.0,0.0,0.0
MOL_03785,c1ccc2c(c1)-c1cccc3c1c-2cc1ccccc13,0.0,1.0,1.0,0.0,0.0,,1.0,1.0,0.0,1.0,,1.0
MOL_03786,c1ccc2cc3c(ccc4ccccc43)cc2c1,1.0,0.0,1.0,,1.0,1.0,0.0,1.0,1.0,0.0,1.0,0.0
MOL_03787,CCCCNC(=O)n1c(NC(=O)OC)nc2ccccc21,0.0,0.0,1.0,,,0.0,0.0,0.0,0.0,,,1.0
MOL_03788,CC(C)N1C(=O)c2ccccc2NS1(=O)=O,0.0,0.0,0.0,0.0,0.0,0.0,0.0,0.0,0.0,0.0,1.0,0.0
MOL_03789,c1cc2ccc3ccc4ccc5cccc6c(c1)c2c3c4c56,0.0,1.0,,0.0,0.0,0.0,0.0,1.0,0.0,0.0,0.0,1.0
MOL_03790,c1ccc2cc3c(cc2c1)-c1cccc2cccc-3c12,0.0,,1.0,,0.0,,,,0.0,,,1.0
MOL_03791,CCCCCCCCCCCCCCCC[N+](C)(C)C,0.0,,0.0,,1.0,1.0,,,0.0,0.0,1.0,
MOL_03792,Cc1ccc(C)c(S(=O)(=O)[O-])c1,0.0,0.0,0.0,0.0,,0.0,0.0,0.0,0.0,0.0,,0.0
MOL_03793,O=C(C(Cl)Cl)N1CCOC12CCCCC2,0.0,0.0,0.0,0.0,0.0,0.0,0.0,1.0,0.0,0.0,0.0,0.0
MOL_03794,CC1=CC(C)C(C=O)CC1,0.0,0.0,0.0,0.0,,0.0,0.0,0.0,0.0,0.0,0.0,0.0
MOL_03795,Br[Ca]Br,0.0,0.0,0.0,0.0,,0.0,0.0,0.0,0.0,0.0,,0.0
MOL_03796,CCOC(=O)CC(CC(=O)OCC)(OC(C)=O)C(=O)OCC,0.0,0.0,0.0,0.0,0.0,0.0,0.0,0.0,0.0,0.0,,0.0
MOL_03797,CC(C)c1cccc(O)c1,0.0,0.0,0.0,0.0,0.0,0.0,0.0,0.0,0.0,0.0,1.0,0.0
MOL_03798,NCCN,0.0,0.0,0.0,0.0,0.0,0.0,0.0,0.0,0.0,0.0,0.0,0.0
MOL_03799,CCC(C)(C)C1CCCCC1OC(C)=O,0.0,0.0,0.0,0.0,0.0,0.0,0.0,1.0,0.0,,0.0,0.0
MOL_03800,OCCC(F)(F)C(F)(F)C(F)(F)C(F)(F)C(F)(F)C(F)(F)F,0.0,0.0,0.0,0.0,0.0,0.0,0.0,0.0,0.0,0.0,0.0,0.0
MOL_03801,COc1ccc(CCN(C)CCCC(C#N)(c2cc(OC)c(OC)c(OC)c2)C(C)C)cc1OC,0.0,0.0,0.0,0.0,0.0,0.0,0.0,0.0,0.0,0.0,0.0,0.0
MOL_03802,COc1cc2c(cc1OC)-c1cc3ccc(OC)c(OC)c3c[n+]1CC2,0.0,0.0,,0.0,0.0,0.0,0.0,0.0,0.0,0.0,1.0,0.0
MOL_03803,CCCC[P+](C)(CCCC)CCCC.COS(=O)(=O)[O-],0.0,0.0,,0.0,,,0.0,,0.0,0.0,,0.0
MOL_03804,CCCCCCn1cc[n+](C)c1.O=S(=O)([O-])C(F)(F)F,0.0,0.0,0.0,0.0,,0.0,0.0,1.0,0.0,0.0,,0.0
MOL_03805,C[n+]1ccn(CCO)c1,0.0,0.0,,0.0,0.0,0.0,0.0,,0.0,0.0,0.0,0.0
MOL_03806,CCCCCCCCn1cc[n+](C)c1,0.0,0.0,0.0,1.0,,,0.0,1.0,,0.0,1.0,
MOL_03807,C[C@@H]([C@H](O)c1ccccc1)N(C)C,0.0,0.0,0.0,0.0,0.0,0.0,0.0,,0.0,,0.0,0.0
MOL_03808,OC[C@H]1O[C@@H](n2cnc3c(O)ncnc32)[C@H](O)[C@@H]1O,0.0,0.0,0.0,0.0,0.0,0.0,0.0,0.0,0.0,0.0,0.0,0.0
MOL_03809,Cc1ccc(C(C)C)cc2c(C)ccc1-2,,,,,,,,,,0.0,,
MOL_03810,CO[C@H]1C=CO[C@@]2(C)Oc3c(C)c(O)c4c(O)c(c5c(nc6cc(C)ccn65)c4c3C2=O)NC(=O)C(C)=CC=C[C@H](C)[C@H](O)[C@@H](C)[C@@H](O)[C@@H](C)[C@H](OC(C)=O)[C@@H]1C,0.0,0.0,,0.0,0.0,0.0,0.0,,0.0,,,0.0
MOL_03811,CN(C)N,0.0,0.0,0.0,0.0,0.0,0.0,0.0,0.0,0.0,0.0,0.0,0.0
MOL_03812,CN(C)C=O,0.0,0.0,0.0,0.0,0.0,0.0,0.0,0.0,0.0,0.0,0.0,0.0
MOL_03813,CN(C)C(=O)Cl,0.0,0.0,0.0,0.0,0.0,0.0,0.0,0.0,0.0,0.0,0.0,0.0
MOL_03814,Cc1c2ccccc2c(C)c2c1ccc1ccccc12,0.0,0.0,1.0,1.0,1.0,,1.0,1.0,0.0,1.0,,1.0
MOL_03815,O=C1NCN(c2ccccc2)C12CCN(CC1COc3ccccc3O1)CC2,0.0,0.0,0.0,0.0,,0.0,0.0,0.0,0.0,0.0,0.0,0.0
MOL_03816,c1ccc2nc(N3CCNCC3)ccc2c1,,,,,,,,0.0,,0.0,,
MOL_03817,CN/C(=C\[N+](=O)[O-])NCCSCc1ccc(CN(C)C)o1,0.0,0.0,0.0,0.0,0.0,0.0,0.0,0.0,0.0,0.0,0.0,0.0
MOL_03818,Nc1nc2ccc(OC(F)(F)F)cc2s1,0.0,0.0,1.0,,1.0,,0.0,0.0,1.0,0.0,0.0,1.0
MOL_03819,Cc1nc2n(c(=O)c1CCN1CCC(c3noc4cc(F)ccc34)CC1)CCCC2,0.0,0.0,0.0,0.0,0.0,0.0,0.0,,0.0,0.0,0.0,0.0
MOL_03820,C1COC(NC(C2CC2)C2CC2)=N1,,,,,,,,0.0,,0.0,,
MOL_03821,CCCN(CCC)CCc1cccc2c1CC(=O)N2,0.0,0.0,0.0,0.0,0.0,0.0,0.0,0.0,0.0,0.0,0.0,0.0
MOL_03822,COc1ccccc1OCC(O)CN1CCN(CC(=O)Nc2c(C)cccc2C)CC1,0.0,0.0,0.0,0.0,0.0,0.0,0.0,0.0,0.0,0.0,0.0,0.0
MOL_03823,C[C@]12CC[C@H]3[C@@H](CC[C@H]4CC(=O)CC[C@@]43C)[C@@H]1CC[C@@H]2O,1.0,1.0,0.0,,1.0,1.0,0.0,1.0,0.0,0.0,1.0,0.0
MOL_03824,C[C@]12CC[C@@H]3c4ccc(O)cc4CC[C@H]3[C@@H]1CCC2=O,1.0,0.0,0.0,0.0,1.0,1.0,0.0,0.0,0.0,0.0,1.0,0.0
MOL_03825,C[C@]12CC[C@@H]3c4ccc(O)cc4CC[C@H]3[C@@H]1C[C@@H](O)[C@@H]2O,0.0,0.0,0.0,0.0,1.0,1.0,0.0,0.0,0.0,0.0,0.0,0.0
MOL_03826,C=CC1(C)OC(=O)N(c2cc(Cl)cc(Cl)c2)C1=O,0.0,0.0,0.0,0.0,0.0,0.0,0.0,0.0,0.0,0.0,0.0,0.0
MOL_03827,CC(C)(C)CC(C)(C)c1ccc(O)cc1,0.0,0.0,0.0,,1.0,1.0,0.0,,0.0,,1.0,
MOL_03828,C[C@]12CC[C@@H]3c4ccc(O)cc4C[C@@H](CCCCCCCCCS(=O)CCCC(F)(F)C(F)(F)F)[C@H]3[C@@H]1CC[C@@H]2O,0.0,,,1.0,,0.0,0.0,1.0,0.0,0.0,1.0,0.0
MOL_03829,CC(=O)NC(Cc1ccccc1)C(=O)O,0.0,0.0,,0.0,0.0,0.0,0.0,0.0,0.0,0.0,0.0,0.0
MOL_03830,C#C[C@]1(O)CC[C@H]2[C@@H]3CCC4=CC(=O)CC[C@]4(C)[C@H]3CC[C@@]21C,1.0,1.0,0.0,0.0,1.0,1.0,0.0,0.0,0.0,0.0,0.0,0.0
MOL_03831,C#CC(O)(/C=C\Cl)CC,,,,,,,,0.0,,0.0,,
MOL_03832,CCN(CC)S(=O)(=O)c1ccc(C(=O)O)cc1,0.0,0.0,0.0,0.0,0.0,0.0,0.0,0.0,0.0,0.0,0.0,0.0
MOL_03833,CCC1(C)CC(=O)NC1=O,0.0,0.0,0.0,0.0,0.0,0.0,0.0,0.0,0.0,0.0,0.0,0.0
MOL_03834,BrCCCCCCBr,0.0,0.0,0.0,0.0,0.0,0.0,0.0,,0.0,0.0,0.0,0.0
MOL_03835,O=c1[nH]c(=O)c2[nH]c(=O)[nH]c2[nH]1,0.0,0.0,0.0,0.0,0.0,0.0,0.0,,0.0,,0.0,0.0
MOL_03836,CC(C)CC(=O)C1C(=O)c2ccccc2C1=O,0.0,0.0,1.0,0.0,0.0,0.0,,0.0,,0.0,1.0,0.0
MOL_03837,O=C([O-])c1cc2cc(Cc3cccnc3)ccc2o1,0.0,0.0,,0.0,1.0,,0.0,,0.0,,0.0,0.0
MOL_03838,NC(=O)Nc1ccccc1,0.0,0.0,0.0,0.0,0.0,0.0,0.0,0.0,0.0,0.0,0.0,0.0
MOL_03839,CCCOc1ccccc1-c1nc2[nH]nnc2c(=O)[nH]1,0.0,,0.0,0.0,0.0,0.0,0.0,0.0,0.0,0.0,0.0,0.0
MOL_03840,O=P([O-])(O)C(Cl)(Cl)P(=O)([O-])O,0.0,0.0,0.0,0.0,0.0,0.0,0.0,,0.0,,0.0,0.0
MOL_03841,O=C(NCCNCC(O)COc1ccc(O)cc1)N1CCOCC1,0.0,0.0,0.0,0.0,0.0,0.0,0.0,,0.0,,0.0,0.0
MOL_03842,CCCCOC(CC)OC(C)COC(O)CC,0.0,0.0,0.0,0.0,0.0,0.0,0.0,0.0,0.0,0.0,0.0,0.0
MOL_03843,CCN(Cc1ccncc1)C(=O)C(CO)c1ccccc1,0.0,0.0,0.0,1.0,0.0,0.0,0.0,0.0,0.0,0.0,0.0,0.0
MOL_03844,CC(C)(C)C1CCC(O)CC1,0.0,0.0,0.0,0.0,0.0,0.0,0.0,0.0,0.0,0.0,0.0,0.0
MOL_03845,O=c1[nH]cnc2c1ncn2[C@H]1CC[C@@H](CO)O1,0.0,0.0,0.0,0.0,0.0,0.0,0.0,0.0,0.0,0.0,0.0,0.0
MOL_03846,CCc1nc(C)c[nH]1,0.0,0.0,0.0,0.0,0.0,0.0,0.0,0.0,0.0,0.0,0.0,0.0
MOL_03847,Cc1ccc(Cl)c(O)c1,,,,,,,,0.0,,0.0,,
MOL_03848,CC1(C)C(=O)C(C)(C)C1=O,0.0,0.0,0.0,0.0,0.0,0.0,0.0,0.0,0.0,0.0,0.0,0.0
MOL_03849,NC(=O)C1c2ccccc2CCc2ccccc21,0.0,0.0,0.0,0.0,0.0,0.0,0.0,,0.0,,0.0,0.0
MOL_03850,NCCOCCOCCN,0.0,0.0,0.0,0.0,0.0,0.0,0.0,,0.0,0.0,,0.0
MOL_03851,C#C[C@]1(O)CC[C@H]2[C@@H]3CCc4cc(OC5CCCC5)ccc4[C@H]3CC[C@@]21C,0.0,0.0,0.0,0.0,1.0,1.0,0.0,,0.0,0.0,,0.0
MOL_03852,CC[C@H](C)[C@@H]1NC(=O)[C@H](Cc2ccc(O)cc2)NC(=O)[C@@H](N)CSSC[C@@H](C(=O)N2CCC[C@H]2C(=O)N[C@@H](CC(C)C)C(=O)NCC(N)=O)NC(=O)[C@H](CC(N)=O)NC(=O)[C@H](CCC(N)=O)NC1=O,0.0,0.0,0.0,0.0,1.0,1.0,0.0,,0.0,,0.0,0.0
MOL_03853,CC(C)(C)C(=O)C(Oc1ccc(Cl)cc1)n1ccnc1,0.0,0.0,1.0,1.0,0.0,0.0,0.0,0.0,0.0,1.0,,0.0
MOL_03854,O=C(O)Cn1c2ccccc2c(=O)c2ccccc21,0.0,,0.0,0.0,1.0,,,,0.0,,0.0,1.0
MOL_03855,O=C(NC(=O)c1c(F)cccc1F)Nc1ccc(Cl)c(Oc2ncc(C(F)(F)F)cc2Cl)c1,0.0,0.0,0.0,0.0,0.0,0.0,0.0,,0.0,,1.0,1.0
MOL_03856,CN1CCN(C(=O)O[C@H]2c3nccnc3C(=O)N2c2ccc(Cl)cn2)CC1,0.0,0.0,0.0,0.0,0.0,0.0,0.0,0.0,0.0,0.0,,0.0
MOL_03857,CCCCCCCCCCCCc1ccccc1,0.0,0.0,0.0,0.0,0.0,0.0,0.0,0.0,0.0,0.0,0.0,0.0
MOL_03858,C=CC1=C(C(=O)O)N2C(=O)[C@@H](NC(=O)/C(=N/O)c3csc(N)n3)[C@H]2SC1,0.0,0.0,0.0,0.0,0.0,0.0,0.0,,0.0,,0.0,0.0
MOL_03859,O=C1CCc2ccc(OCCCCN3CCN(c4cccc(Cl)c4Cl)CC3)cc2N1,0.0,,0.0,0.0,,0.0,0.0,,0.0,,,
MOL_03860,CCOC(=O)C1=C(C)NC(C)=C(C(=O)OC)C1c1cccc([N+](=O)[O-])c1,0.0,0.0,,0.0,,0.0,0.0,0.0,0.0,0.0,1.0,0.0
MOL_03861,Cc1cc(OI)c(C(C)C)cc1-c1cc(C(C)C)c(OI)cc1C,0.0,0.0,0.0,0.0,0.0,0.0,0.0,0.0,0.0,0.0,,0.0
MOL_03862,CCOP(OCC)OCC,0.0,0.0,0.0,0.0,0.0,0.0,0.0,0.0,0.0,0.0,0.0,0.0
MOL_03863,CC(C)CC(=O)CC(C)CC(C)C,0.0,0.0,0.0,0.0,0.0,0.0,0.0,0.0,0.0,0.0,0.0,0.0
MOL_03864,CCc1nn(CCCN2CCN(c3cccc(Cl)c3)CC2)c(=O)n1CCOc1ccccc1,0.0,0.0,,,,0.0,,,0.0,0.0,,0.0
MOL_03865,O=[N+]([O-])c1ccc2ncccc2c1,0.0,0.0,0.0,0.0,0.0,0.0,0.0,0.0,0.0,0.0,1.0,0.0
MOL_03866,O=[N+]([O-])c1cccc2cccnc12,0.0,0.0,1.0,0.0,0.0,0.0,0.0,1.0,0.0,0.0,0.0,0.0
MOL_03867,CC(C)n1c(/C=C/[C@@H](O)C[C@@H](O)CC(=O)O)c(-c2ccc(F)cc2)c2ccccc21,0.0,0.0,1.0,1.0,0.0,0.0,,,0.0,0.0,0.0,
MOL_03868,C=O,0.0,0.0,0.0,0.0,0.0,0.0,0.0,0.0,0.0,0.0,,0.0
MOL_03869,O=c1[nH]cc(F)c(=O)[nH]1,0.0,0.0,0.0,0.0,0.0,0.0,0.0,0.0,1.0,0.0,0.0,1.0
MOL_03870,C[C@]12Cc3nonc3C[C@@H]1CC[C@@H]1[C@@H]2CC[C@@]2(C)[C@H]1CC[C@]2(C)O,1.0,1.0,0.0,,,,,,,0.0,,0.0
MOL_03871,Cn1c(CCCC(=O)O)nc2cc(N(CCCl)CCCl)ccc21,0.0,0.0,0.0,0.0,0.0,0.0,0.0,0.0,0.0,0.0,0.0,1.0
MOL_03872,CN[C@@H]1[C@@H](O)[C@@H](O[C@H]2[C@H](N)C[C@H](N)[C@@H](O[C@H]3OC(CN)=CC[C@H]3N)[C@H]2O)OC[C@@]1(C)O,,,,,,,,0.0,,0.0,,
MOL_03873,O=C(NNCS(=O)(=O)[O-])c1ccncc1,0.0,0.0,,0.0,0.0,0.0,0.0,,0.0,,0.0,0.0
MOL_03874,CCCCCCCCCC(=O)NO,0.0,0.0,,,0.0,0.0,0.0,,0.0,,0.0,1.0
MOL_03875,CCC(C)C(N)C(=O)O,,,,,,,,0.0,,0.0,,
MOL_03876,CC(C)c1cc2c(cc1S(=O)(=O)O)[C@@]1(C)CCC[C@@](C)(C(=O)O)[C@@H]1CC2,0.0,0.0,0.0,0.0,0.0,0.0,0.0,,0.0,,0.0,0.0
MOL_03877,C[N+](C)(C)CC[N+]1(C)Cc2c(Cl)c(Cl)c(Cl)c(Cl)c2C1,0.0,0.0,0.0,0.0,0.0,0.0,0.0,1.0,0.0,0.0,0.0,0.0
MOL_03878,CCCCCCC(C)(C)S,0.0,0.0,0.0,0.0,0.0,0.0,0.0,0.0,0.0,0.0,0.0,0.0
MOL_03879,Cc1nnc2n1-c1ccc(Cl)cc1C(c1ccccc1)=NC2,0.0,0.0,0.0,,,0.0,,,1.0,,0.0,0.0
MOL_03880,CCc1ccccc1CC,0.0,0.0,0.0,0.0,0.0,0.0,0.0,0.0,0.0,0.0,0.0,0.0
MOL_03881,CCOP(=O)(NC(C)C)Oc1ccc(SC)c(C)c1,0.0,0.0,1.0,0.0,0.0,0.0,0.0,,0.0,0.0,0.0,0.0
MOL_03882,COC(=O)c1ccccc1S(=O)(=O)NC(=O)N(C)c1nc(C)nc(OC)n1,0.0,0.0,0.0,0.0,,0.0,0.0,0.0,0.0,0.0,0.0,0.0
MOL_03883,CCOC(=O)COC(=O)c1ccccc1C(=O)OCC,0.0,0.0,0.0,0.0,0.0,0.0,0.0,0.0,0.0,0.0,0.0,0.0
MOL_03884,Cn1cc(-c2ccccc2)c(=O)c(-c2cccc(C(F)(F)F)c2)c1,0.0,0.0,0.0,0.0,0.0,0.0,0.0,0.0,0.0,0.0,0.0,0.0
MOL_03885,c1ccc2c(c1)Cc1ccccc1-2,0.0,0.0,0.0,0.0,0.0,0.0,0.0,0.0,0.0,0.0,0.0,0.0
MOL_03886,c1ccc2c(c1)-c1cccc3cccc-2c13,0.0,0.0,0.0,0.0,1.0,1.0,0.0,0.0,0.0,0.0,1.0,0.0
MOL_03887,CC(=O)CC(C)(C)C1CCCCC1,0.0,0.0,0.0,0.0,0.0,0.0,0.0,0.0,0.0,0.0,0.0,0.0
MOL_03888,CC1(O)CSC(C)(O)CS1,0.0,0.0,0.0,,0.0,0.0,,,0.0,0.0,,
MOL_03889,CC(C)Oc1cccc(NC(=O)c2ccccc2C(F)(F)F)c1,0.0,0.0,1.0,0.0,0.0,0.0,0.0,,0.0,0.0,,0.0
MOL_03890,CC(C)C(O)(c1ccc(OC(F)(F)F)cc1)c1cncnc1,0.0,0.0,0.0,0.0,0.0,0.0,0.0,0.0,0.0,0.0,0.0,0.0
MOL_03891,CC1(C)CCC[C@@]2(C)[C@H]1CC[C@@]1(C)OC(=O)C[C@H]21,0.0,0.0,0.0,,0.0,0.0,0.0,,0.0,0.0,,0.0
MOL_03892,O=C1O[C@H]([C@@H](O)CO)C([O-])=C1O.O=C1O[C@H]([C@@H](O)CO)C([O-])=C1O,0.0,0.0,0.0,0.0,0.0,0.0,0.0,0.0,0.0,,0.0,0.0
MOL_03893,C/C=C(\C)C(=O)OCCc1ccccc1,0.0,0.0,0.0,0.0,0.0,0.0,0.0,0.0,0.0,0.0,,0.0
MOL_03894,CN1[C@H]2CC[C@@H]1C[C@H](OC(=O)C(O)c1ccccc1)C2,1.0,0.0,0.0,0.0,0.0,0.0,0.0,0.0,0.0,0.0,0.0,0.0
MOL_03895,CCNc1nc(NC(C)CC)nc(OC)n1,0.0,0.0,1.0,0.0,0.0,0.0,0.0,0.0,0.0,1.0,0.0,0.0
MOL_03896,CCNc1nc(NCC)nc(SC)n1,0.0,0.0,0.0,0.0,0.0,0.0,0.0,0.0,0.0,0.0,0.0,0.0
MOL_03897,C#CC(C)N(C)C(=O)Nc1ccc(Cl)cc1,0.0,0.0,1.0,,0.0,0.0,0.0,0.0,0.0,0.0,0.0,0.0
MOL_03898,CC(=O)OC/C=C(/C)CCC=C(C)C,0.0,0.0,0.0,0.0,0.0,0.0,0.0,0.0,0.0,0.0,0.0,0.0
MOL_03899,CCCC(=O)C(C)=O,0.0,0.0,0.0,0.0,0.0,0.0,0.0,0.0,0.0,0.0,0.0,0.0
MOL_03900,Cc1ccnc2ccccc12,0.0,0.0,,0.0,0.0,0.0,0.0,0.0,0.0,0.0,,0.0
MOL_03901,O=C(O)CCc1ccccc1,0.0,0.0,0.0,0.0,0.0,0.0,0.0,0.0,0.0,0.0,0.0,0.0
MOL_03902,COc1ccccc1OC,0.0,0.0,0.0,0.0,0.0,0.0,0.0,0.0,0.0,0.0,0.0,0.0
MOL_03903,CCC/C=C/CO,0.0,0.0,0.0,0.0,0.0,0.0,0.0,0.0,0.0,0.0,0.0,0.0
MOL_03904,COc1cccc(OC)c1,0.0,0.0,0.0,0.0,0.0,0.0,0.0,0.0,0.0,0.0,0.0,0.0
MOL_03905,CCCCCCCCCCCCCCCCC,0.0,0.0,0.0,0.0,1.0,0.0,0.0,0.0,0.0,0.0,0.0,0.0
MOL_03906,C=C[C@@]1(C)CC(=O)[C@@]2(O)[C@](C)(O1)[C@@H](OC(C)=O)[C@@H](O)[C@H]1C(C)(C)CC[C@H](O)[C@@]12C,0.0,0.0,0.0,1.0,,0.0,0.0,0.0,1.0,0.0,,0.0
MOL_03907,O=S(=O)(O)c1ccc2[nH]c(-c3ccccc3)nc2c1,0.0,0.0,0.0,0.0,0.0,0.0,0.0,0.0,0.0,0.0,0.0,0.0
MOL_03908,CCC(C)c1nccnc1OC,0.0,0.0,0.0,0.0,0.0,0.0,0.0,0.0,0.0,0.0,0.0,0.0
MOL_03909,Cc1cc(C(=C2C=CC(=Nc3ccc(S(=O)(=O)[O-])cc3S(=O)(=O)O)C=C2)c2ccc(Nc3ccc(S(=O)(=O)[O-])cc3)cc2)ccc1N,0.0,0.0,0.0,0.0,0.0,0.0,0.0,0.0,0.0,0.0,0.0,0.0
MOL_03910,CC1(C)CC(=O)CC(C)(C)N1[O],0.0,0.0,0.0,,0.0,0.0,0.0,0.0,0.0,0.0,0.0,0.0
MOL_03911,OCC1CC2CC1C1CCC(CO)C21,0.0,0.0,0.0,0.0,0.0,0.0,0.0,0.0,0.0,0.0,0.0,0.0
MOL_03912,C=CCOC(=O)c1ccc(C(=O)OCC=C)c(C(=O)OCC=C)c1,0.0,0.0,0.0,0.0,0.0,0.0,,0.0,0.0,0.0,0.0,0.0
MOL_03913,CCC(C)(CCC(C)C)C(=O)[O-].CCC(C)(CCC(C)C)C(=O)[O-],0.0,0.0,0.0,0.0,0.0,0.0,0.0,0.0,0.0,0.0,0.0,0.0
MOL_03914,CCOC(=O)/C=C(\C)O[Ti](O/C(C)=C/C(=O)OCC)(OC(C)C)OC(C)C,0.0,0.0,0.0,0.0,0.0,0.0,0.0,,0.0,,0.0,0.0
MOL_03915,CC1(C)C(O)C(C)(C)C1O,0.0,0.0,0.0,0.0,0.0,0.0,0.0,0.0,0.0,0.0,0.0,0.0
MOL_03916,CCC1(c2ccccc2)C(=O)N(COC)C(=O)N(COC)C1=O,0.0,0.0,0.0,0.0,0.0,0.0,0.0,0.0,0.0,0.0,0.0,0.0
MOL_03917,O=C1OC(=O)c2cccc3cccc1c23,0.0,0.0,1.0,,0.0,0.0,0.0,,0.0,0.0,1.0,0.0
MOL_03918,CN1CCC(=C2c3ccccc3Sc3ccccc32)CC1,0.0,0.0,,,0.0,,0.0,0.0,0.0,0.0,,
MOL_03919,CN(C)[C@@H]1C(O)=C(C(=O)NCN[C@@H](CCCCN)C(=O)O)C(=O)[C@@]2(O)C(O)=C3C(=O)c4c(O)cccc4[C@@](C)(O)C3C[C@@H]12,0.0,0.0,0.0,0.0,0.0,0.0,0.0,,0.0,,0.0,0.0
MOL_03920,CCOC(=O)CCC(=O)O[C@H]1[C@H](O[C@@H]2[C@@H](C)[C@H](O[C@H]3C[C@@](C)(OC)[C@@H](O)[C@H](C)O3)[C@@H](C)C(=O)O[C@H](CC)[C@@](C)(O)[C@H](O)[C@@H](C)C(=O)[C@H](C)C[C@@]2(C)O)O[C@H](C)C[C@@H]1N(C)C,0.0,0.0,0.0,0.0,0.0,0.0,0.0,,0.0,,0.0,0.0
MOL_03921,O=C(O)CC(C(=O)O)S(=O)(=O)O,0.0,0.0,0.0,0.0,0.0,0.0,0.0,0.0,0.0,,0.0,0.0
MOL_03922,CO[C@H]1[C@@H](O)[C@H](N)[C@@H](O[C@H]2O[C@H]([C@H](C)N)CC[C@H]2N)[C@H](O)[C@@H]1N(C)C(=O)CN,0.0,0.0,0.0,0.0,1.0,0.0,0.0,,0.0,,0.0,0.0
MOL_03923,CCC(=O)O[C@H]1[C@H](O[C@@H]2[C@@H](C)[C@H](O[C@H]3C[C@@](C)(OC)[C@@H](O)[C@H](C)O3)[C@@H](C)C(=O)O[C@H](CC)[C@@](C)(O)[C@H](O)[C@@H](C)C(=O)[C@H](C)C[C@@]2(C)O)O[C@H](C)C[C@@H]1N(C)C,,,,,,,,0.0,,0.0,,
MOL_03924,CC(C)NCC(O)COc1ccc(CC(N)=O)cc1,0.0,0.0,0.0,0.0,0.0,0.0,0.0,0.0,0.0,0.0,,0.0
MOL_03925,CCCNC(C)(C)COC(=O)c1ccccc1,0.0,0.0,0.0,0.0,0.0,0.0,1.0,0.0,0.0,0.0,0.0,0.0
MOL_03926,C[C@]12CC[C@@H]3c4ccc(OC(=O)c5ccccc5)cc4CC[C@H]3[C@@H]1CC[C@@H]2O,1.0,1.0,0.0,0.0,1.0,1.0,0.0,,0.0,,,0.0
MOL_03927,C[C@]12CC[C@@H]3c4ccc(O)cc4CC[C@H]3[C@@H]1CC[C@@H]2OC(=O)CCC1CCCC1,1.0,1.0,0.0,0.0,1.0,1.0,0.0,0.0,0.0,,1.0,0.0
MOL_03928,CC(=O)OC[C@H]1O[C@H](O[C@]2(COC(C)=O)O[C@H](COC(C)=O)[C@@H](OC(C)=O)[C@@H]2OC(C)=O)[C@H](OC(C)=O)[C@@H](OC(C)=O)[C@@H]1OC(C)=O,0.0,0.0,0.0,0.0,0.0,0.0,0.0,0.0,0.0,0.0,0.0,0.0
MOL_03929,OCC(O)c1ccccc1,0.0,0.0,0.0,0.0,0.0,0.0,0.0,0.0,0.0,0.0,0.0,0.0
MOL_03930,CC1=CC(=O)c2ccccc2C1=O,0.0,0.0,1.0,0.0,,,0.0,1.0,0.0,,,1.0
MOL_03931,Cc1cc(O)ccc1Cl,0.0,0.0,0.0,0.0,1.0,0.0,0.0,0.0,0.0,0.0,1.0,0.0
MOL_03932,Oc1c(Cl)cc(Cl)c(Cl)c1Cl,0.0,0.0,1.0,,,0.0,0.0,1.0,0.0,0.0,1.0,1.0
MOL_03933,c1ccc(CC2=NCCN2)cc1,0.0,0.0,0.0,0.0,0.0,0.0,0.0,0.0,0.0,0.0,0.0,0.0
MOL_03934,COC(=O)[C@@H](N)Cc1ccc(O)c(O)c1,0.0,0.0,,0.0,0.0,0.0,0.0,0.0,0.0,0.0,0.0,0.0
MOL_03935,CCc1cccc(N(C)C(=N)Nc2cccc3ccccc23)c1,0.0,0.0,0.0,,0.0,0.0,0.0,,0.0,0.0,0.0,0.0
MOL_03936,CCOC(=O)c1cnc2c(cnn2CC)c1NN=C(C)C,0.0,0.0,1.0,0.0,0.0,0.0,0.0,0.0,0.0,0.0,,0.0
MOL_03937,CCCCCCCCCCCCCCCCCCOC[C@H](COP(=O)([O-])OCC[N+](C)(C)C)OC,0.0,0.0,,0.0,0.0,0.0,0.0,,0.0,,0.0,0.0
MOL_03938,NCCCC(N)(C(=O)O)C(F)F,0.0,0.0,0.0,0.0,0.0,0.0,0.0,0.0,0.0,0.0,,0.0
MOL_03939,C[C@]12CC[C@H]3[C@@H](CC=C4C[C@@H](OS(=O)(=O)[O-])CC[C@@]43C)[C@@H]1CCC2=O,1.0,0.0,0.0,0.0,1.0,0.0,0.0,,0.0,,0.0,0.0
MOL_03940,CCc1cc(Cl)c(OC)c(C(=O)NC[C@@H]2CCCN2CC)c1O,0.0,0.0,0.0,1.0,1.0,0.0,,0.0,0.0,0.0,,0.0
MOL_03941,CCCCCCCCCCCCCCC[C@H](O)[C@@H](N)CO,0.0,0.0,,0.0,0.0,0.0,0.0,0.0,0.0,0.0,,0.0
MOL_03942,CCCCCCC(O)CO,0.0,0.0,0.0,,0.0,0.0,0.0,0.0,0.0,0.0,0.0,0.0
MOL_03943,C=C(C)C(=O)OCc1ccccc1,0.0,0.0,0.0,0.0,0.0,0.0,0.0,0.0,0.0,0.0,0.0,0.0
MOL_03944,C=C(C)C(=O)OCC1CCCO1,0.0,0.0,0.0,0.0,0.0,0.0,0.0,0.0,0.0,0.0,0.0,0.0
MOL_03945,C=CC(=O)OCCCCCC,0.0,0.0,0.0,0.0,0.0,0.0,0.0,0.0,0.0,0.0,0.0,0.0
MOL_03946,Cc1ccn2nc(S(=O)(=O)Nc3c(F)cccc3F)nc2n1,0.0,0.0,0.0,0.0,0.0,0.0,0.0,0.0,0.0,0.0,0.0,0.0
MOL_03947,CCCN(CCCl)c1c([N+](=O)[O-])cc(C(F)(F)F)cc1[N+](=O)[O-],0.0,0.0,0.0,0.0,0.0,0.0,0.0,0.0,0.0,0.0,,0.0
MOL_03948,CCCSP(=O)(OCC)SCCC,0.0,0.0,0.0,0.0,0.0,0.0,0.0,0.0,0.0,0.0,0.0,0.0
MOL_03949,CCOc1ccc(C(C)(C)COCc2cccc(Oc3ccccc3)c2)cc1,0.0,0.0,0.0,0.0,0.0,0.0,0.0,,0.0,0.0,0.0,0.0
MOL_03950,COP(=S)(OC)Oc1ccc([N+](=O)[O-])c(C)c1,0.0,0.0,1.0,1.0,0.0,0.0,0.0,0.0,0.0,,,0.0
MOL_03951,CCOP(=S)(OCC)OC(Cl)C(Cl)(Cl)Cl,0.0,0.0,0.0,1.0,,0.0,0.0,,0.0,0.0,1.0,
MOL_03952,O=C1c2ccccc2C(=O)C1C(=O)C(c1ccccc1)c1ccc(Cl)cc1,0.0,0.0,,,0.0,0.0,,,,,1.0,
MOL_03953,CC(C)(C)N(NC(=O)c1ccc(Cl)cc1)C(=O)c1ccccc1,0.0,0.0,0.0,0.0,,0.0,0.0,0.0,0.0,0.0,1.0,0.0
MOL_03954,O=C(O)/C=C/c1ccc(Cn2ccnc2)cc1,0.0,0.0,0.0,0.0,0.0,0.0,0.0,0.0,0.0,0.0,0.0,0.0
MOL_03955,CCOC(=O)O[C@]1(C(=O)COC(=O)CC)CC[C@H]2[C@@H]3CCC4=CC(=O)C=C[C@]4(C)[C@H]3[C@@H](O)C[C@@]21C,1.0,1.0,,,0.0,0.0,,,0.0,,,0.0
MOL_03956,CS(=O)(=O)c1ccc([C@@H](O)[C@@H](CF)NC(=O)C(Cl)Cl)cc1,0.0,0.0,0.0,0.0,0.0,0.0,0.0,0.0,0.0,0.0,0.0,0.0
MOL_03957,CC(=O)[C@@]1(O)CC[C@H]2[C@@H]3C[C@H](C)C4=CC(=O)CC[C@]4(C)[C@H]3CC[C@@]21C,1.0,1.0,0.0,,,0.0,0.0,,0.0,0.0,0.0,0.0
MOL_03958,C[C@@H]1CN([C@H]2CC[C@](C#N)(c3ccc(F)cc3)CC2)CC[C@]1(C(=O)O)c1ccccc1,0.0,0.0,0.0,0.0,0.0,0.0,0.0,0.0,0.0,0.0,0.0,0.0
MOL_03959,O=C(O)c1cc(O)c2c(c1)[C@H]([C@H]1c3cc(C(=O)O)cc(O)c3C(=O)c3c(O[C@@H]4O[C@H](CO)[C@@H](O)[C@H](O)[C@H]4O)cccc31)c1cccc(O[C@@H]3O[C@H](CO)[C@@H](O)[C@H](O)[C@H]3O)c1C2=O,0.0,0.0,0.0,0.0,0.0,0.0,0.0,,0.0,,0.0,0.0
MOL_03960,O=C(Oc1ccccc1C(=O)O)c1ccccc1O,0.0,0.0,0.0,0.0,1.0,0.0,0.0,0.0,0.0,0.0,0.0,0.0
MOL_03961,OCc1cc(C(O)CNCCCCCCOCCCCc2ccccc2)ccc1O,0.0,0.0,0.0,,,0.0,,,0.0,,,0.0
MOL_03962,CCC(=O)OC(=O)CC,0.0,0.0,0.0,0.0,0.0,0.0,0.0,,0.0,0.0,0.0,0.0
MOL_03963,Cc1c(C)c2c(c(C)c1O)CCC(C)(COc1ccc(CC3SC(=O)NC3=O)cc1)O2,0.0,0.0,0.0,,,0.0,1.0,1.0,0.0,1.0,1.0,1.0
MOL_03964,Cc1ccc(/C(=C\CN2CCCC2)c2ccccn2)cc1,0.0,0.0,0.0,0.0,0.0,0.0,0.0,0.0,0.0,0.0,0.0,0.0
MOL_03965,COc1cc(C(=O)N2CCOCC2)cc(OC)c1OC,0.0,0.0,0.0,0.0,0.0,0.0,0.0,0.0,0.0,0.0,0.0,0.0
MOL_03966,COc1cc(Cc2cnc(N)nc2N)cc(OC)c1OC,0.0,0.0,0.0,0.0,0.0,0.0,0.0,0.0,0.0,0.0,0.0,0.0
MOL_03967,Cc1cc2cc3c(C)cc(=O)oc3c(C)c2o1,0.0,0.0,,0.0,0.0,0.0,0.0,0.0,0.0,0.0,0.0,0.0
MOL_03968,CCOP(=S)(OCC)Oc1cnc2ccccc2n1,0.0,0.0,1.0,0.0,1.0,1.0,0.0,0.0,0.0,0.0,0.0,0.0
MOL_03969,Nc1ccc(C=Cc2ccc(N)cc2S(=O)(=O)O)c(S(=O)(=O)O)c1,,,,,,,,0.0,,0.0,,
MOL_03970,NC1CCC(CC2CCC(N)CC2)CC1,0.0,0.0,0.0,0.0,0.0,0.0,0.0,0.0,0.0,0.0,0.0,0.0
MOL_03971,N#C/C(N)=C(/N)C#N,0.0,0.0,1.0,0.0,0.0,0.0,0.0,0.0,0.0,0.0,0.0,0.0
MOL_03972,NCCCCCCN,0.0,0.0,0.0,0.0,0.0,0.0,0.0,0.0,0.0,0.0,0.0,0.0
MOL_03973,C[C@H]1[C@H](c2ccc(Cl)cc2)SC(=O)N1C(=O)NC1CCCCC1,0.0,0.0,0.0,0.0,,0.0,,1.0,0.0,0.0,,0.0
MOL_03974,CCCC[Sn](CCCC)(CCCC)O[Sn](CCCC)(CCCC)CCCC,0.0,,,,,,1.0,1.0,0.0,1.0,1.0,
MOL_03975,CC(CCl)OC(C)CCl,0.0,0.0,0.0,0.0,0.0,0.0,0.0,0.0,0.0,0.0,0.0,0.0
MOL_03976,OCC(CO)(CBr)CBr,0.0,0.0,0.0,0.0,0.0,0.0,0.0,0.0,0.0,0.0,0.0,0.0
MOL_03977,Cc1c(COC(=O)C2C(/C=C(\Cl)C(F)(F)F)C2(C)C)cccc1-c1ccccc1,0.0,0.0,0.0,0.0,0.0,0.0,0.0,0.0,0.0,0.0,,0.0
MOL_03978,CC1(C)C(=O)N(Br)C(=O)N1Br,0.0,0.0,0.0,0.0,,0.0,0.0,,0.0,0.0,0.0,0.0
MOL_03979,ClCCOCCCl,0.0,0.0,0.0,0.0,0.0,0.0,0.0,0.0,0.0,0.0,0.0,0.0
MOL_03980,O=C(O)CN(CCN(CC(=O)O)CC(=O)O)CC(=O)O,0.0,0.0,0.0,0.0,0.0,0.0,0.0,0.0,0.0,0.0,0.0,0.0
MOL_03981,Nc1c2c(nc3ccccc13)CCCC2,0.0,0.0,1.0,0.0,1.0,0.0,0.0,0.0,0.0,0.0,0.0,0.0
MOL_03982,CNC(=O)c1ccccc1,0.0,0.0,0.0,0.0,0.0,0.0,0.0,1.0,0.0,0.0,0.0,0.0
MOL_03983,CN1C(=O)c2ccc([N+](=O)[O-])cc2C1=O,0.0,0.0,0.0,0.0,0.0,0.0,0.0,,0.0,0.0,,0.0
MOL_03984,Cc1ccc(O)c(-n2nc3ccccc3n2)c1,0.0,0.0,1.0,,1.0,0.0,0.0,,1.0,0.0,,0.0
MOL_03985,CCCCCCCCCCCCCCCl,0.0,0.0,0.0,0.0,0.0,0.0,0.0,0.0,0.0,0.0,0.0,0.0
MOL_03986,Cc1cc(O)c(C(C)(C)C)cc1C(C)(C)C,0.0,,0.0,,,,,,,,1.0,
MOL_03987,COc1ccc(Cl)cc1C,0.0,0.0,0.0,0.0,0.0,0.0,0.0,0.0,0.0,0.0,0.0,0.0
MOL_03988,Oc1ccc(Cl)cc1C1CCCC1,0.0,0.0,0.0,1.0,,0.0,0.0,1.0,0.0,0.0,1.0,0.0
MOL_03989,Cc1cc(Cl)ccc1N,0.0,0.0,1.0,0.0,0.0,0.0,0.0,0.0,0.0,1.0,0.0,0.0
MOL_03990,O=C1CCCc2c(O)cccc21,,,,,,,,,,0.0,,
MOL_03991,CCN1CCCC1CN,,,,,,,,0.0,,0.0,,
MOL_03992,CC(=O)O[C@@H]1CC2C3CCc4cc(OC(=O)c5ccccc5)ccc4C3CCC2(C)[C@H]1OC(C)=O,,,,,,,,0.0,,0.0,,
MOL_03993,Oc1cccc2[nH]ccc12,,,,,,,,,,0.0,,
MOL_03994,O=C(OCC(O)CO)c1ccccc1Nc1ccnc2c(C(F)(F)F)cccc12,,,,,,,,,,0.0,,
MOL_03995,COc1cc2nc(Cl)nc(N)c2cc1OC,,,,,,,,0.0,,0.0,,
MOL_03996,O=C(O)c1ccccc1NCCc1ccccc1,,,,,,,,0.0,,0.0,,
MOL_03997,CC(=O)c1cc2ccccc2s1,,,,,,,,0.0,,0.0,,
MOL_03998,NC(=O)NS(=O)(=O)c1ccc(Cl)cc1,,,,,,,,0.0,,0.0,,
MOL_03999,Cc1occc(=O)c1O,0.0,0.0,0.0,0.0,0.0,0.0,0.0,0.0,0.0,0.0,0.0,0.0
MOL_04000,CCC(CC)Nc1ccc(C)c(C)c1,0.0,0.0,,0.0,0.0,0.0,0.0,0.0,0.0,,0.0,0.0
MOL_04001,CC(=O)O[C@]1(C(C)=O)CC[C@H]2[C@@H]3C[C@H](C)C4=CC(=O)CC[C@]4(C)[C@H]3CC[C@@]21C,1.0,1.0,0.0,,0.0,0.0,0.0,1.0,0.0,0.0,,0.0
MOL_04002,O=C(CCCN1CC=C(n2c(=O)[nH]c3ccccc32)CC1)c1ccc(F)cc1,0.0,0.0,0.0,0.0,0.0,0.0,0.0,0.0,0.0,0.0,0.0,0.0
MOL_04003,CCCCN=C=O,0.0,0.0,0.0,0.0,0.0,0.0,0.0,0.0,0.0,0.0,0.0,0.0
MOL_04004,C1CCCNCC1,0.0,0.0,0.0,,0.0,0.0,0.0,0.0,0.0,0.0,0.0,0.0
MOL_04005,OCCSCCO,0.0,0.0,0.0,0.0,0.0,0.0,0.0,0.0,0.0,0.0,0.0,0.0
MOL_04006,P#[In],0.0,0.0,0.0,0.0,0.0,0.0,0.0,0.0,0.0,0.0,,0.0
MOL_04007,CCN(CC)c1ccc2c(-c3ccccc3C(=O)O)c3ccc(N(CC)CC)cc3[o+]c2c1,0.0,0.0,0.0,,,0.0,0.0,1.0,0.0,0.0,,0.0
MOL_04008,O=C(NCc1cccnc1)Nc1ccc([N+](=O)[O-])cc1,0.0,0.0,1.0,0.0,0.0,0.0,0.0,0.0,0.0,0.0,1.0,0.0
MOL_04009,Cc1cnc2c(C(=O)O)c(Cl)ccc2c1,0.0,0.0,0.0,0.0,0.0,0.0,0.0,0.0,0.0,0.0,,0.0
MOL_04010,CCOc1ccc2c(c1)C(C)CC(C)(C)N2,0.0,0.0,1.0,0.0,0.0,0.0,0.0,0.0,0.0,0.0,0.0,0.0
MOL_04011,CC(=O)NCc1c(I)c(NC(C)=O)c(I)c(C(=O)O)c1I,0.0,0.0,0.0,0.0,1.0,0.0,0.0,0.0,0.0,0.0,0.0,0.0
MOL_04012,CON(C)C(=O)Nc1ccc(Br)c(Cl)c1,0.0,0.0,1.0,,,0.0,0.0,,0.0,0.0,,0.0
MOL_04013,O=C(CCCCC(=O)Nc1c(I)cc(I)c(C(=O)O)c1I)Nc1c(I)cc(I)c(C(=O)O)c1I,0.0,0.0,0.0,0.0,0.0,0.0,0.0,,0.0,0.0,0.0,0.0
MOL_04014,O=C(O)c1c(Cl)ccc(Cl)c1Cl,0.0,0.0,1.0,0.0,0.0,0.0,0.0,0.0,0.0,0.0,0.0,0.0
MOL_04015,O=C(O)CC(Cl)C(=O)O,0.0,0.0,0.0,0.0,0.0,0.0,0.0,1.0,0.0,0.0,1.0,0.0
MOL_04016,N#CCCl,0.0,0.0,0.0,0.0,1.0,,0.0,0.0,0.0,0.0,0.0,0.0
MOL_04017,Cc1cccc2sc3nncn3c12,0.0,0.0,1.0,0.0,0.0,0.0,0.0,1.0,0.0,0.0,,0.0
MOL_04018,CC(=O)c1cc(C)oc1C,0.0,0.0,0.0,0.0,0.0,0.0,0.0,,0.0,0.0,0.0,0.0
MOL_04019,C=C(C)C1CC=C(C)C(OC(C)=O)C1,0.0,0.0,0.0,0.0,0.0,0.0,0.0,0.0,0.0,0.0,0.0,0.0
MOL_04020,C=C1CCC=C(C)CC[C@@H]2[C@@H]1CC2(C)C,0.0,0.0,0.0,0.0,0.0,0.0,0.0,0.0,0.0,0.0,0.0,0.0
MOL_04021,CCCC(C)(COC(N)=O)COC(=O)NC(C)C,0.0,0.0,0.0,0.0,0.0,0.0,0.0,0.0,0.0,0.0,0.0,0.0
MOL_04022,C=C(C)C1CC=C(C)C(O)C1,0.0,0.0,0.0,0.0,0.0,0.0,0.0,0.0,0.0,0.0,0.0,0.0
MOL_04023,CCCCCCCCCCCCCCCO,0.0,0.0,0.0,0.0,0.0,0.0,0.0,0.0,0.0,0.0,0.0,0.0
MOL_04024,[Mn+2],0.0,0.0,0.0,0.0,0.0,0.0,0.0,1.0,,0.0,0.0,0.0
MOL_04025,CCC(C)Cl,0.0,0.0,0.0,0.0,0.0,0.0,0.0,0.0,0.0,0.0,0.0,0.0
MOL_04026,CCCCO,,,,0.0,0.0,0.0,0.0,0.0,0.0,0.0,0.0,0.0
MOL_04027,CC1=CC(=O)CC(C)(C)C1,0.0,0.0,0.0,0.0,0.0,0.0,0.0,0.0,0.0,0.0,0.0,0.0
MOL_04028,Nc1cccc(C(F)(F)F)c1,0.0,0.0,0.0,0.0,0.0,0.0,0.0,0.0,0.0,0.0,0.0,0.0
MOL_04029,NNC(=O)c1ccncc1,0.0,0.0,1.0,0.0,0.0,0.0,0.0,0.0,0.0,0.0,0.0,0.0
MOL_04030,O=C(O)c1ccncc1,0.0,0.0,0.0,0.0,0.0,0.0,0.0,0.0,0.0,0.0,0.0,0.0
MOL_04031,NC(=O)c1ccncc1,0.0,0.0,0.0,0.0,0.0,0.0,0.0,0.0,0.0,0.0,0.0,0.0
MOL_04032,CC(C)CON=O,0.0,0.0,0.0,0.0,0.0,0.0,0.0,0.0,0.0,0.0,0.0,0.0
MOL_04033,OC[C@H]1O[C@H](OC[C@@H](O)[C@@H](O)[C@H](O)[C@H](O)CO)[C@H](O)[C@@H](O)[C@@H]1O,0.0,0.0,0.0,0.0,0.0,0.0,0.0,0.0,0.0,0.0,0.0,0.0
MOL_04034,FC(F)OC(Cl)C(F)(F)F,0.0,0.0,0.0,0.0,0.0,0.0,0.0,0.0,0.0,0.0,0.0,0.0
MOL_04035,c1ccc(C[n+]2cccc3ccccc32)cc1,0.0,0.0,,0.0,,0.0,0.0,1.0,0.0,0.0,,0.0
MOL_04036,CCCCN1C(=O)c2ccccc2C1=O,0.0,0.0,0.0,0.0,0.0,0.0,0.0,0.0,0.0,0.0,0.0,0.0
MOL_04037,O=C1OC2(c3ccccc31)c1cc(Br)c(O)c(Br)c1Oc1c2cc(Br)c(O)c1Br,0.0,,0.0,0.0,,,,,0.0,,,
MOL_04038,Cc1cc(C)c(C(=O)P(=O)(C(=O)c2c(C)cc(C)cc2C)c2ccccc2)c(C)c1,0.0,0.0,0.0,0.0,0.0,,0.0,0.0,0.0,0.0,0.0,0.0
MOL_04039,CC(C)(C)C(=O)/C=C/c1ccc(Cl)cc1,0.0,0.0,0.0,0.0,0.0,0.0,0.0,0.0,0.0,,,0.0
MOL_04040,CCCCCCCCOCCC#N,0.0,0.0,0.0,0.0,0.0,0.0,0.0,0.0,0.0,0.0,0.0,0.0
MOL_04041,CC1(C)S[C@@H]2[C@H](NC(=O)[C@H](N)c3ccc(O)cc3)C(=O)N2[C@H]1C(=O)O,0.0,0.0,0.0,0.0,0.0,0.0,0.0,,0.0,,0.0,0.0
MOL_04042,Cc1cc(C(C)(C)c2ccc(O)c(C)c2)ccc1O,0.0,0.0,0.0,,1.0,,,1.0,0.0,0.0,1.0,1.0
MOL_04043,CC(c1ccc(O)cc1)c1ccc(O)cc1,0.0,0.0,0.0,,1.0,1.0,0.0,1.0,0.0,0.0,1.0,0.0
MOL_04044,CCCCC#N,0.0,0.0,0.0,0.0,0.0,0.0,0.0,0.0,0.0,0.0,0.0,0.0
MOL_04045,COc1ccc(C(=O)c2cccc(O)c2)c(OC)c1,0.0,,1.0,0.0,1.0,1.0,0.0,0.0,0.0,0.0,1.0,0.0
MOL_04046,CCCCCOC(=O)c1ccc(O)cc1,0.0,0.0,1.0,,1.0,1.0,0.0,,1.0,0.0,1.0,
MOL_04047,CCn1cc[n+](C)c1.N#C[S-],0.0,0.0,0.0,0.0,0.0,0.0,0.0,0.0,0.0,0.0,0.0,0.0
MOL_04048,CCCCCCCCCOC(=O)c1ccc(O)cc1,0.0,0.0,0.0,,1.0,1.0,,,0.0,,1.0,
MOL_04049,O=C1/C(=C2\Nc3ccccc3C2=O)Nc2ccccc21,0.0,0.0,0.0,0.0,0.0,0.0,0.0,1.0,0.0,0.0,,0.0
MOL_04050,Oc1ccc(C2(c3ccc(O)cc3)CC3CC2C2CCCC32)cc1,0.0,,,1.0,,,,1.0,0.0,1.0,1.0,
MOL_04051,C[C@H]1[C@H]2[C@@H](O[C@]13CC[C@@H](C)CO3)[C@@H](O)[C@H]1[C@@H]3CC[C@H]4C[C@@H](O[C@@H]5O[C@H](CO)[C@H](O[C@@H]6O[C@H](CO)[C@@H](O)[C@H](O[C@@H]7OC[C@@H](O)[C@H](O)[C@H]7O)[C@H]6O[C@@H]6O[C@H](CO)[C@@H](O)[C@H](O[C@@H]7O[C@H](CO)[C@@H](O)[C@H](O)[C@H]7O)[C@H]6O)[C@H](O)[C@H]5O)[C@H](O)C[C@]4(C)[C@H]3CC[C@@]12C,0.0,,,,,1.0,,,1.0,,,
MOL_04052,Nc1ccc(F)cc1F,0.0,0.0,,0.0,0.0,0.0,0.0,0.0,0.0,0.0,0.0,0.0
MOL_04053,CCCCC(=O)N(C)C,0.0,0.0,0.0,0.0,0.0,0.0,0.0,0.0,0.0,0.0,0.0,0.0
MOL_04054,CN(C)c1nc(=O)n(C2CCCCC2)c(=O)n1C,0.0,0.0,0.0,0.0,0.0,0.0,0.0,0.0,0.0,0.0,0.0,0.0
MOL_04055,CCCCCCOC(=O)c1ccccc1C(=O)OCCCCCC,0.0,0.0,1.0,0.0,0.0,0.0,0.0,0.0,0.0,0.0,0.0,0.0
MOL_04056,COc1ccc2c(c1OC)C(=O)O[C@@H]2[C@H]1c2c(cc3c(c2OC)OCO3)CCN1C,0.0,0.0,0.0,0.0,0.0,0.0,0.0,0.0,0.0,0.0,0.0,
MOL_04057,CO[C@@H]1[C@@H](OC(N)=O)[C@@H](O)[C@H](Oc2ccc3c([O-])c(NC(=O)c4ccc(O)c(CC=C(C)C)c4)c(=O)oc3c2C)OC1(C)C,0.0,0.0,0.0,0.0,0.0,0.0,,0.0,0.0,0.0,0.0,0.0
MOL_04058,CC(CCc1ccccc1)NC(C)C(O)c1ccc(O)cc1,0.0,0.0,0.0,0.0,0.0,0.0,0.0,,0.0,0.0,0.0,0.0
MOL_04059,C#C[C@]1(O)CC[C@H]2[C@@H]3CCC4=CC(=O)CC[C@@H]4[C@H]3CC[C@@]21C,1.0,1.0,0.0,0.0,1.0,1.0,0.0,1.0,0.0,0.0,0.0,0.0
MOL_04060,O=C1O[C@H]([C@H](O)CO)C([O-])=C1O,0.0,0.0,0.0,0.0,,0.0,0.0,0.0,0.0,0.0,0.0,0.0
MOL_04061,C[C@]12CC[C@@H]3c4ccc(O)cc4CC[C@H]3[C@@H]1CC[C@@H]2O,1.0,1.0,0.0,1.0,1.0,1.0,0.0,0.0,0.0,0.0,1.0,1.0
MOL_04062,Clc1ccc2c(c1)C(c1ccccc1)=NCc1nncn1-2,0.0,0.0,0.0,0.0,0.0,0.0,0.0,,0.0,,0.0,0.0
MOL_04063,Cc1cc2c(s1)Nc1ccccc1N=C2N1CCN(C)CC1,0.0,0.0,,0.0,0.0,0.0,0.0,0.0,0.0,0.0,0.0,0.0
MOL_04064,CCc1cc(C(N)=S)ccn1,0.0,0.0,0.0,0.0,1.0,0.0,0.0,0.0,0.0,0.0,0.0,0.0
MOL_04065,C#C[C@]1(O)CC[C@H]2[C@@H]3CCc4cc(O)ccc4[C@H]3CC[C@@]21C,0.0,1.0,0.0,0.0,1.0,1.0,0.0,0.0,0.0,1.0,1.0,1.0
MOL_04066,CC/C(=C(\c1ccc(O)cc1)c1ccc(OCCN(C)C)cc1)c1ccccc1,0.0,,,1.0,,,,,,,,
MOL_04067,CN/C(=N\[N+](=O)[O-])NCc1cnc(Cl)s1,0.0,0.0,0.0,0.0,0.0,0.0,0.0,0.0,0.0,0.0,0.0,0.0
MOL_04068,CC[C@H](c1ccc(O)cc1)[C@@H](CC)c1ccc(O)cc1,0.0,0.0,0.0,0.0,1.0,1.0,,1.0,0.0,1.0,1.0,1.0
MOL_04069,CC(=O)OCC(CCn1cnc2cnc(N)nc21)COC(C)=O,0.0,0.0,0.0,0.0,0.0,0.0,0.0,0.0,0.0,0.0,0.0,0.0
MOL_04070,NC(N)=Nc1nc(CSCC/C(N)=N\S(N)(=O)=O)cs1,0.0,0.0,0.0,0.0,0.0,0.0,0.0,0.0,0.0,0.0,0.0,0.0
MOL_04071,CCOC(=O)/C=C(C)/C=C/C=C(C)/C=C/c1c(C)cc(OC)c(C)c1C,,,,,,,,,,1.0,,
MOL_04072,C=C1C[C@@H]2[C@H](CC[C@]3(C)C(=O)CC[C@@H]23)[C@@]2(C)C=CC(=O)C=C12,1.0,1.0,0.0,1.0,1.0,0.0,0.0,1.0,0.0,0.0,0.0,0.0
MOL_04073,COc1cc([C@@H]2c3cc4c(cc3C(O[C@@H]3O[C@@H]5CO[C@@H](C)O[C@H]5[C@H](O)[C@H]3O)C3COC(=O)[C@@H]32)OCO4)cc(OC)c1O,0.0,0.0,0.0,0.0,0.0,0.0,,,0.0,1.0,0.0,1.0
MOL_04074,Cn1c(=O)c2c(ncn2CCOC(=O)C(C)(C)Oc2ccc(Cl)cc2)n(C)c1=O,0.0,0.0,0.0,0.0,0.0,0.0,0.0,,0.0,,0.0,0.0
MOL_04075,CCOC(=O)c1cncn1C(C)c1ccccc1,0.0,0.0,0.0,0.0,0.0,0.0,0.0,0.0,0.0,0.0,,0.0
MOL_04076,CCc1cc2c(s1)-n1c(C)nnc1CN=C2c1ccccc1Cl,0.0,0.0,,,,0.0,0.0,0.0,1.0,0.0,,0.0
MOL_04077,Cn1c(=O)c2c(ncn2CCO)n(C)c1=O,0.0,0.0,0.0,0.0,0.0,0.0,0.0,0.0,0.0,0.0,0.0,0.0
MOL_04078,Cc1ccccc1NC(=N)Nc1ccccc1C,0.0,0.0,,0.0,0.0,0.0,0.0,0.0,0.0,0.0,,0.0
MOL_04079,CO[C@H]1O[C@H](CO)[C@@H](O)[C@H](O)[C@H]1O,0.0,0.0,0.0,0.0,0.0,0.0,0.0,0.0,0.0,0.0,0.0,0.0
MOL_04080,CC(C)(C)c1ccc(O)c(C(C)(C)C)c1,0.0,0.0,0.0,,,,0.0,0.0,0.0,,1.0,
MOL_04081,CNC(=O)Oc1cccc(N=CN(C)C)c1,0.0,0.0,,0.0,0.0,0.0,0.0,1.0,0.0,0.0,0.0,0.0
MOL_04082,O=C1OCCO1,0.0,0.0,0.0,0.0,0.0,0.0,0.0,0.0,0.0,0.0,0.0,0.0
MOL_04083,C=C(CC(=O)O)C(=O)O,0.0,0.0,0.0,0.0,0.0,0.0,0.0,0.0,0.0,0.0,0.0,0.0
MOL_04084,CC(C)C(=O)OC(=O)C(C)C,0.0,0.0,0.0,0.0,0.0,0.0,0.0,0.0,0.0,0.0,0.0,0.0
MOL_04085,O=C1NCCN1c1ncc([N+](=O)[O-])s1,0.0,0.0,0.0,0.0,0.0,0.0,0.0,,0.0,,,0.0
MOL_04086,Nc1nc2cc(Cl)ccc2o1,0.0,0.0,,0.0,0.0,0.0,0.0,0.0,0.0,0.0,0.0,0.0
MOL_04087,CN(CCCCCCCCCCN(C)C(=O)Oc1ccccc1[N+](C)(C)C)C(=O)Oc1ccccc1[N+](C)(C)C,0.0,0.0,0.0,0.0,0.0,0.0,0.0,,0.0,,,0.0
MOL_04088,COc1cc(NC(C)CCCN)c2ncccc2c1,0.0,0.0,,0.0,,0.0,0.0,,0.0,0.0,0.0,0.0
MOL_04089,Cc1ccc(Cl)cc1N,0.0,0.0,0.0,0.0,0.0,0.0,0.0,0.0,0.0,0.0,,0.0
MOL_04090,Cc1ccc(N)cc1Cl,0.0,0.0,0.0,0.0,0.0,0.0,0.0,0.0,0.0,0.0,0.0,0.0
MOL_04091,CC(O)CCl,0.0,0.0,0.0,0.0,0.0,0.0,0.0,0.0,0.0,0.0,0.0,0.0
MOL_04092,Nc1ccc(N)c(Cl)c1,0.0,,1.0,,,0.0,0.0,1.0,0.0,0.0,1.0,0.0
MOL_04093,Nc1ccc(Cl)cc1N,1.0,0.0,1.0,,0.0,0.0,0.0,1.0,1.0,0.0,1.0,0.0
MOL_04094,Nc1ccc(Cl)c(N)c1,0.0,0.0,1.0,0.0,0.0,0.0,0.0,,0.0,0.0,0.0,0.0
MOL_04095,CCCCN(CCC(=O)OCC)C(C)=O,0.0,0.0,0.0,0.0,0.0,0.0,0.0,0.0,0.0,0.0,0.0,0.0
MOL_04096,O=[N+]([O-])c1ccccc1Cl,,0.0,0.0,0.0,,0.0,0.0,0.0,0.0,0.0,0.0,0.0
MOL_04097,COC(=O)C=C(C)N,,,,,,,,0.0,,0.0,,
MOL_04098,COc1cnc(OC)n2nc(NS(=O)(=O)c3c(OCC(F)F)cccc3C(F)(F)F)nc12,0.0,0.0,0.0,0.0,0.0,0.0,0.0,0.0,0.0,0.0,0.0,0.0
MOL_04099,CC(=O)CCC(=O)[O-].CC(=O)CCC(=O)[O-],0.0,0.0,,0.0,1.0,0.0,0.0,,0.0,0.0,0.0,0.0
MOL_04100,O=C([O-])[O-].[Sr+2],0.0,0.0,0.0,0.0,,0.0,0.0,0.0,0.0,,0.0,0.0
MOL_04101,O=C(O)[C@@H]1CSCN1,,,,,,,,0.0,,0.0,,
MOL_04102,CC(C)CCCC(C)N,,,,,,,,,,0.0,,
MOL_04103,CC(=O)N[C@@H](CCC(=O)O)C(=O)O,0.0,0.0,,0.0,,0.0,0.0,0.0,0.0,0.0,0.0,0.0
MOL_04104,C=CC(=O)OC(C)(C)C,0.0,0.0,0.0,0.0,0.0,0.0,0.0,0.0,0.0,0.0,0.0,0.0
MOL_04105,OCc1ccccn1,,,,,,,,1.0,,0.0,,
MOL_04106,Cn1ccc2cc3c(cc21)CCN3C(=O)Nc1cccnc1,0.0,0.0,1.0,,1.0,,0.0,0.0,1.0,0.0,,0.0
MOL_04107,CC1(C)CC(O)CC(C)(C)N1,0.0,0.0,0.0,0.0,0.0,0.0,0.0,0.0,0.0,0.0,0.0,0.0
MOL_04108,Cc1ccccn1,0.0,0.0,0.0,0.0,0.0,0.0,0.0,,0.0,0.0,0.0,0.0
MOL_04109,Cc1cccnc1,0.0,0.0,0.0,0.0,0.0,0.0,0.0,0.0,0.0,0.0,0.0,0.0
MOL_04110,OC1CCCCC1,0.0,0.0,0.0,0.0,0.0,0.0,0.0,0.0,0.0,0.0,0.0,0.0
MOL_04111,Cc1ccncc1,0.0,0.0,0.0,0.0,0.0,0.0,0.0,0.0,0.0,0.0,0.0,0.0
MOL_04112,CC(C)OC(C)C,0.0,0.0,0.0,0.0,0.0,0.0,0.0,0.0,0.0,0.0,0.0,0.0
MOL_04113,O=C(O)COc1ccc2ccccc2c1,0.0,,,0.0,0.0,0.0,0.0,0.0,0.0,0.0,0.0,0.0
MOL_04114,CCCCOC(=O)C(C)O,0.0,0.0,0.0,0.0,0.0,0.0,0.0,0.0,0.0,0.0,0.0,0.0
MOL_04115,CNC(=S)NC,0.0,0.0,0.0,0.0,0.0,0.0,0.0,0.0,0.0,0.0,0.0,0.0
MOL_04116,CCCCCCCCCC[N+](C)(C)[O-],0.0,0.0,0.0,0.0,0.0,0.0,0.0,0.0,0.0,0.0,,0.0
MOL_04117,O=C1CCC(=O)N1Cl,0.0,0.0,0.0,0.0,0.0,0.0,0.0,0.0,0.0,0.0,0.0,0.0
MOL_04118,CCCCNS(=O)(=O)c1ccc(C)cc1,0.0,0.0,0.0,0.0,0.0,0.0,0.0,0.0,0.0,0.0,0.0,0.0
MOL_04119,CCN(CCN)c1cccc(C)c1,0.0,0.0,0.0,0.0,0.0,0.0,0.0,0.0,0.0,0.0,,0.0
MOL_04120,CC(COC(=O)c1ccccc1)OC(=O)c1ccccc1,0.0,0.0,0.0,0.0,,0.0,0.0,0.0,0.0,0.0,0.0,0.0
MOL_04121,O=C([O-])CNc1ccccc1,0.0,0.0,,0.0,0.0,0.0,0.0,0.0,0.0,0.0,0.0,0.0
MOL_04122,Cc1ccc2c(c1)C(=O)OC2=O,0.0,0.0,0.0,0.0,0.0,0.0,0.0,0.0,0.0,0.0,0.0,0.0
MOL_04123,CC(C)(N)C#N,0.0,0.0,,0.0,0.0,0.0,0.0,0.0,0.0,0.0,0.0,0.0
MOL_04124,CNC(C)Cc1ccccc1OC,0.0,0.0,0.0,0.0,0.0,0.0,0.0,0.0,0.0,0.0,0.0,0.0
MOL_04125,NCCN1CCOCC1,0.0,0.0,0.0,0.0,0.0,0.0,0.0,0.0,0.0,0.0,0.0,0.0
MOL_04126,COP(=S)(OC)Oc1ccc(S(N)(=O)=O)cc1,0.0,0.0,0.0,0.0,0.0,0.0,0.0,0.0,0.0,0.0,0.0,0.0
MOL_04127,CC1CC(C)C(=O)C1=O,0.0,0.0,0.0,0.0,0.0,0.0,0.0,0.0,0.0,0.0,0.0,0.0
MOL_04128,CC(=O)SCc1ccco1,0.0,0.0,0.0,0.0,0.0,0.0,0.0,1.0,0.0,0.0,0.0,0.0
MOL_04129,Cc1ccc(C(C)NC(=O)[C@@H](NC(=O)OC(C)C)C(C)C)cc1,0.0,0.0,0.0,0.0,0.0,0.0,0.0,0.0,0.0,0.0,0.0,0.0
MOL_04130,c1coc(Cn2cccc2)c1,0.0,0.0,0.0,0.0,0.0,0.0,0.0,0.0,0.0,0.0,0.0,0.0
MOL_04131,Brc1c(Br)c(Br)c(Br)c(Br)c1Br,1.0,0.0,0.0,0.0,0.0,0.0,0.0,0.0,0.0,0.0,0.0,0.0
MOL_04132,CCCCCCCCCCC=CC#N,0.0,0.0,0.0,0.0,0.0,0.0,0.0,0.0,0.0,0.0,0.0,0.0
MOL_04133,COC(=O)c1sccc1S(=O)(=O)NC(=O)Nc1nc(C)nc(OC)n1,0.0,0.0,0.0,0.0,0.0,0.0,0.0,0.0,0.0,0.0,0.0,0.0
MOL_04134,CCCCCCC,1.0,,0.0,0.0,0.0,0.0,0.0,0.0,0.0,0.0,0.0,0.0
MOL_04135,ClC1=C(Cl)C2(Cl)C3C4OC4C(Cl)C3C1(Cl)C2(Cl)Cl,0.0,0.0,0.0,,,0.0,0.0,,0.0,,1.0,0.0
MOL_04136,COC(=O)C(C)Oc1ccc(Oc2ncc(C(F)(F)F)cc2Cl)cc1,0.0,0.0,0.0,0.0,,0.0,0.0,0.0,0.0,0.0,0.0,0.0
MOL_04137,CC1=NN(c2cc(Cl)c(S(=O)(=O)[O-])cc2Cl)C(=O)C1/N=N/c1ccc(S(=O)(=O)[O-])cc1,0.0,0.0,0.0,0.0,0.0,0.0,0.0,0.0,0.0,0.0,0.0,0.0
MOL_04138,COc1ccccc1/N=N/c1c(S(=O)(=O)[O-])cc2cc(S(=O)(=O)[O-])cc(NC(C)=O)c2c1O,0.0,0.0,0.0,,,0.0,0.0,0.0,0.0,0.0,,0.0
MOL_04139,CC1(C)[C@@H](O[C@H]2O[C@H](C(=O)O)[C@@H](O)[C@H](O)[C@H]2O[C@@H]2O[C@H](C(=O)O)[C@@H](O)[C@H](O)[C@H]2O)CC[C@@]2(C)[C@H]1CC[C@]1(C)[C@@H]2C(=O)C=C2[C@@H]3C[C@@](C)(C(=O)O)CC[C@]3(C)CC[C@]21C,1.0,0.0,0.0,0.0,0.0,0.0,0.0,0.0,0.0,0.0,0.0,0.0
MOL_04140,ClCCOCCOCCCl,0.0,0.0,0.0,0.0,0.0,0.0,0.0,0.0,0.0,0.0,0.0,0.0
MOL_04141,COC(Cc1ccccc1)OC,0.0,0.0,0.0,0.0,,0.0,0.0,0.0,0.0,0.0,0.0,0.0
MOL_04142,Cc1c(C(=O)O)c(O)cc2c1C(=O)c1c(O)c([C@@H]3O[C@H](CO)[C@@H](O)[C@H](O)[C@H]3O)c(O)c(O)c1C2=O,0.0,0.0,0.0,0.0,0.0,0.0,0.0,,0.0,0.0,0.0,0.0
MOL_04143,Nc1c(/N=N/c2ccc(-c3ccc(/N=N/c4cc(S(=O)(=O)[O-])c5ccccc5c4N)cc3)cc2)cc(S(=O)(=O)[O-])c2ccccc12,0.0,0.0,1.0,,0.0,0.0,,0.0,0.0,0.0,,0.0
MOL_04144,Cc1cc(-c2ccc(/N=N/c3ccc4c(S(=O)(=O)[O-])cc(S(=O)(=O)[O-])c(N)c4c3O)c(C)c2)ccc1/N=N/c1ccc2c(S(=O)(=O)[O-])cc(S(=O)(=O)[O-])c(N)c2c1O,0.0,0.0,0.0,,,0.0,0.0,,0.0,,,0.0
MOL_04145,O=C([O-])c1c(Cl)c(Cl)c(Cl)c(Cl)c1-c1c2cc(I)c(=O)c(I)c-2oc2c(I)c([O-])c(I)cc12,1.0,0.0,1.0,0.0,,0.0,0.0,,0.0,,,
MOL_04146,O=c1[nH]c2cc(Cl)ccc2o1,0.0,0.0,0.0,0.0,0.0,0.0,0.0,0.0,0.0,0.0,,0.0
MOL_04147,NS(=O)(=O)c1cc(C2(O)NC(=O)c3ccccc32)ccc1Cl,0.0,0.0,0.0,0.0,0.0,0.0,0.0,,0.0,0.0,0.0,0.0
MOL_04148,CN(C)CC/C=C1\c2ccccc2Sc2ccc(Cl)cc21,0.0,0.0,0.0,,0.0,0.0,0.0,,0.0,0.0,,
MOL_04149,CCC(=O)O[C@]1(C(=O)CCl)[C@@H](C)C[C@H]2[C@@H]3C[C@H](F)C4=CC(=O)C=C[C@]4(C)[C@@]3(F)[C@@H](O)C[C@@]21C,1.0,1.0,,,0.0,,,,0.0,,1.0,0.0
MOL_04150,O=C([O-])c1cc(O)c2c3nc4ccccc4oc-3cc(=O)c2n1,0.0,0.0,,0.0,0.0,0.0,0.0,,0.0,,1.0,0.0
MOL_04151,CCC(C)(Oc1ccc(C2(c3ccc(OC(C)(CC)C(=O)O)cc3)CCCCC2)cc1)C(=O)O,0.0,0.0,0.0,0.0,0.0,0.0,0.0,0.0,0.0,0.0,0.0,0.0
MOL_04152,C(=C\c1ccccc1)\c1ccccc1,0.0,0.0,0.0,,0.0,0.0,0.0,,0.0,0.0,0.0,0.0
MOL_04153,Cc1cccc(C)c1NC(=O)CC12CCCN1CCC2,1.0,,,,0.0,0.0,0.0,0.0,0.0,0.0,0.0,0.0
MOL_04154,CC(C)=CCC/C(C)=C/CC/C(C)=C/CC/C=C(\C)CC/C=C(\C)CCC=C(C)C,0.0,0.0,0.0,0.0,0.0,0.0,0.0,,0.0,,0.0,0.0
MOL_04155,C[C@]12CC[C@H]3[C@@H](CC=C4C[C@@H](O)CC[C@@]43C)[C@@H]1CC[C@@H]2O,1.0,1.0,0.0,,1.0,1.0,0.0,0.0,0.0,,0.0,0.0
MOL_04156,CC[N+](C)(C)c1cccc(O)c1,0.0,0.0,0.0,0.0,0.0,0.0,0.0,0.0,0.0,0.0,,0.0
MOL_04157,COC(=O)c1ccccc1O,0.0,0.0,0.0,0.0,0.0,0.0,0.0,0.0,0.0,0.0,0.0,0.0
MOL_04158,Cc1ccc2ccc3cccc4ccc1c2c34,0.0,0.0,0.0,0.0,0.0,0.0,0.0,0.0,0.0,0.0,1.0,0.0
MOL_04159,Nc1cc(-c2ccncc2)c[nH]c1=O,0.0,0.0,,0.0,0.0,0.0,0.0,,0.0,0.0,,0.0
MOL_04160,Cc1ccc2cccnc2c1,0.0,0.0,0.0,0.0,0.0,0.0,0.0,0.0,0.0,0.0,0.0,0.0
MOL_04161,CC(C)(C#N)c1cc(Cn2cncn2)cc(C(C)(C)C#N)c1,0.0,0.0,0.0,1.0,0.0,0.0,0.0,0.0,0.0,0.0,0.0,0.0
MOL_04162,CC(C)Cc1nccs1,0.0,0.0,0.0,0.0,0.0,0.0,0.0,0.0,0.0,0.0,0.0,0.0
MOL_04163,Nc1cc(Cl)c(NC2=NCCN2)c(Cl)c1,0.0,0.0,0.0,0.0,0.0,0.0,0.0,,0.0,,0.0,0.0
MOL_04164,CCN(CC)CCNC(=O)c1ccc(NC(C)=O)cc1,0.0,0.0,0.0,0.0,0.0,0.0,0.0,0.0,0.0,0.0,0.0,0.0
MOL_04165,O=C(Oc1ccccc1)c1ccccc1C(=O)Oc1ccccc1,0.0,0.0,0.0,,0.0,0.0,,0.0,0.0,0.0,,0.0
MOL_04166,COP(=O)(OC)OC(c1ccc(Cl)cc1)P(=O)(OC)OC,0.0,0.0,0.0,0.0,0.0,0.0,0.0,0.0,0.0,0.0,0.0,0.0
MOL_04167,CC1(N)CCC(C(C)(C)N)CC1,0.0,0.0,0.0,0.0,1.0,0.0,0.0,0.0,0.0,0.0,0.0,0.0
MOL_04168,Cn1nc(N)c2cn([C@@H]3O[C@H](CO)[C@@H](O)[C@H]3O)c3ncnc1c23,0.0,0.0,1.0,1.0,,0.0,0.0,1.0,0.0,0.0,1.0,0.0
MOL_04169,CCC(CC)(CC(=O)Nc1cccc(/C=C/c2nc(C3CCC3)cs2)c1)C(=O)O,0.0,0.0,1.0,0.0,0.0,0.0,0.0,1.0,0.0,0.0,1.0,0.0
MOL_04170,Cc1cc2nc3c(=O)[nH]c(=O)nc-3n(C[C@H](O)[C@H](O)[C@H](O)CO)c2cc1C,0.0,0.0,1.0,0.0,0.0,0.0,0.0,0.0,0.0,0.0,1.0,0.0
MOL_04171,OC(CN1CCC(Cc2ccc(F)cc2)CC1)c1ccc(Cl)cc1,0.0,0.0,,0.0,0.0,0.0,0.0,0.0,0.0,1.0,,0.0
MOL_04172,Cc1c[nH]c2ccccc12,0.0,0.0,0.0,0.0,0.0,0.0,0.0,0.0,0.0,0.0,0.0,0.0
MOL_04173,c1cc2c3c(cccc3c1)CC2,0.0,0.0,0.0,0.0,0.0,0.0,0.0,0.0,0.0,0.0,0.0,0.0
MOL_04174,CC/C(=N\OC/C=C/Cl)C1=C(O)CC(C2CCOCC2)CC1=O,0.0,0.0,0.0,0.0,0.0,0.0,0.0,0.0,0.0,0.0,0.0,0.0
MOL_04175,CCOP(=O)(OCC)OC(=CCl)c1ccc(Cl)cc1Cl,0.0,0.0,0.0,1.0,0.0,0.0,0.0,,0.0,0.0,,0.0
MOL_04176,NC(=O)CF,0.0,0.0,0.0,0.0,0.0,0.0,0.0,0.0,0.0,0.0,0.0,0.0
MOL_04177,CC(C)(C)Cl,0.0,0.0,0.0,0.0,1.0,0.0,0.0,0.0,0.0,0.0,0.0,0.0
MOL_04178,CC(C)O[Ti](OCCN(CCO)CCO)(OCCN(CCO)CCO)OC(C)C,0.0,0.0,0.0,0.0,0.0,0.0,0.0,,0.0,0.0,0.0,0.0
MOL_04179,CCCCCCCCCCCCSC,0.0,0.0,0.0,0.0,0.0,0.0,0.0,0.0,0.0,0.0,0.0,0.0
MOL_04180,O=C1NC(c2ccccc2)(c2ccccc2)C(=O)N1COP(=O)(O)O,,,,,,,,0.0,,0.0,,
MOL_04181,O=C1CCCN1CCO,0.0,0.0,0.0,0.0,0.0,0.0,0.0,0.0,0.0,0.0,0.0,0.0
MOL_04182,CN(C)C=Nc1c(I)cc(I)c(CCC(=O)[O-])c1I,0.0,0.0,0.0,0.0,0.0,0.0,,,0.0,,0.0,0.0
MOL_04183,CC(=O)Nc1c(I)c(C(=O)[O-])c(I)c(N(C)C(C)=O)c1I,0.0,0.0,,0.0,0.0,0.0,0.0,,0.0,,0.0,0.0
MOL_04184,CCCCC(CC)COC(=O)OOC(C)(C)C,0.0,0.0,0.0,0.0,0.0,0.0,0.0,0.0,0.0,,0.0,0.0
MOL_04185,CCCCNC1CC(C)(C)NC(C)(C)C1,0.0,0.0,0.0,,0.0,0.0,0.0,0.0,0.0,0.0,0.0,0.0
MOL_04186,CCCCC(CC)CO[PH](=O)OCC(CC)CCCC,0.0,0.0,0.0,0.0,0.0,0.0,0.0,0.0,0.0,0.0,0.0,0.0
MOL_04187,O=C(C(=O)c1ccc(Br)cc1)c1ccc(Br)cc1,0.0,0.0,0.0,0.0,0.0,0.0,0.0,0.0,0.0,0.0,,0.0
MOL_04188,Clc1ccc(C(Cn2ccnc2)OCc2csc3c(Cl)cccc23)c(Cl)c1,0.0,0.0,,1.0,0.0,0.0,0.0,,0.0,,,
MOL_04189,CCn1cc(C(=O)O)c(=O)c2cc(F)c(N3CCNC(C)C3)c(F)c21,0.0,0.0,0.0,0.0,0.0,0.0,0.0,0.0,0.0,0.0,0.0,0.0
MOL_04190,C[C@@H](O)[C@H]1C(=O)N2C(C(=O)O)=C(S[C@@H]3CN[C@H](C(=O)N(C)C)C3)[C@H](C)[C@H]12,0.0,0.0,0.0,0.0,0.0,0.0,0.0,0.0,0.0,0.0,,0.0
MOL_04191,O=C(NCC(O)CO)c1c(I)c(C(=O)NCC(O)CO)c(I)c(N(CCO)C(=O)CO)c1I,0.0,0.0,0.0,0.0,0.0,0.0,0.0,0.0,0.0,0.0,0.0,0.0
MOL_04192,CC(=O)N(CC(O)CN(C(C)=O)c1c(I)c(C(=O)NCC(O)CO)c(I)c(C(=O)NCC(O)CO)c1I)c1c(I)c(C(=O)NCC(O)CO)c(I)c(C(=O)NCC(O)CO)c1I,0.0,0.0,0.0,0.0,0.0,0.0,0.0,0.0,0.0,0.0,0.0,0.0
MOL_04193,O=C(O)COC(=O)Cc1ccccc1Nc1c(Cl)cccc1Cl,0.0,0.0,0.0,0.0,0.0,0.0,1.0,0.0,0.0,0.0,,0.0
MOL_04194,O=S(=O)(O)c1ccccc1O,0.0,0.0,0.0,0.0,0.0,0.0,0.0,0.0,0.0,0.0,0.0,0.0
MOL_04195,CCCCCCCC/C=C\CCCCCCCC(=O)OC[C@@H](O)[C@H]1OC[C@H](O)[C@H]1O,0.0,0.0,0.0,0.0,0.0,0.0,0.0,0.0,0.0,0.0,0.0,0.0
MOL_04196,CCC1CCC(CCC(=O)O)C1,0.0,0.0,,0.0,1.0,,,,0.0,0.0,0.0,0.0
MOL_04197,CC(=O)Oc1cc2c(s1)CCN(C(C(=O)C1CC1)c1ccccc1F)C2,0.0,0.0,0.0,0.0,0.0,0.0,0.0,0.0,0.0,0.0,0.0,0.0
MOL_04198,Nc1ccccc1S(=O)(=O)c1ccccc1,0.0,0.0,0.0,0.0,0.0,0.0,0.0,,0.0,0.0,0.0,0.0
MOL_04199,CCOC(=O)[C@H](CCc1ccccc1)N[C@@H](C)C(=O)N1[C@H](C(=O)O)C[C@@H]2CCC[C@@H]21,0.0,0.0,0.0,0.0,0.0,0.0,0.0,0.0,0.0,0.0,,0.0
MOL_04200,O=C(c1ccc(OCCN2CCCCC2)cc1)c1c(-c2ccc(O)cc2)sc2cc(O)ccc12,0.0,,0.0,1.0,,,,0.0,0.0,1.0,1.0,1.0
MOL_04201,CCOc1cc(CC(=O)N[C@@H](CC(C)C)c2ccccc2N2CCCCC2)ccc1C(=O)O,1.0,0.0,0.0,,0.0,0.0,,,0.0,,0.0,0.0
MOL_04202,COC(=O)[C@H]1[C@H]2C[C@@H]3c4[nH]c5cc(OC)ccc5c4CCN3C[C@H]2C[C@@H](OC(=O)C=Cc2cc(OC)c(OC)c(OC)c2)[C@@H]1OC,0.0,0.0,,,0.0,0.0,0.0,,0.0,,0.0,0.0
MOL_04203,NC(=O)c1ncn([C@@H]2O[C@H](CO)[C@@H](O)[C@H]2O)n1,0.0,0.0,0.0,,,0.0,,0.0,0.0,0.0,0.0,1.0
MOL_04204,CC1=C(/C=C/C(C)=C/C=C/C(C)=C/CO)C(C)(C)CCC1,0.0,0.0,0.0,1.0,0.0,0.0,0.0,1.0,0.0,1.0,1.0,0.0
MOL_04205,CCCCCCCC(=O)CC[C@H]1[C@H](O)C[C@H](O)[C@@H]1C/C=C\CCCC(=O)OC(C)C,0.0,0.0,0.0,0.0,0.0,0.0,,,,,,1.0
MOL_04206,CCN1CCCC1CNC(=O)c1cc(S(=O)(=O)CC)ccc1OC,0.0,0.0,0.0,0.0,0.0,0.0,0.0,,0.0,,1.0,0.0
MOL_04207,CCCCCCCCCCCCCCCCCCN(C)C,,,,,,,,0.0,,0.0,,
MOL_04208,CCCCOCCOCCOC(C)=O,0.0,0.0,0.0,0.0,0.0,0.0,0.0,0.0,0.0,0.0,0.0,0.0
MOL_04209,O=C1CCCCO1,0.0,0.0,0.0,0.0,0.0,0.0,0.0,0.0,0.0,0.0,0.0,0.0
MOL_04210,CCCCOC(=O)CC#N,0.0,0.0,0.0,0.0,0.0,0.0,0.0,0.0,0.0,,0.0,0.0
MOL_04211,COc1ccc(C(CN(C)C)C2(O)CCCCC2)cc1,0.0,0.0,0.0,0.0,0.0,0.0,0.0,0.0,0.0,0.0,0.0,0.0
MOL_04212,CC(=O)O[C@H]1C[C@@H]2CC[C@@H]3[C@H](CC[C@@]4(C)[C@H]3C[C@H]([N+]3(C)CCCCC3)[C@@H]4OC(C)=O)[C@@]2(C)C[C@@H]1N1CCCCC1,0.0,0.0,0.0,0.0,1.0,0.0,0.0,,0.0,0.0,0.0,0.0
MOL_04213,N[C@@H](Cc1ccc(O)cc1)C(=O)O,,,,,,,,0.0,,0.0,,
MOL_04214,CCCC(CCC)C(=O)O,0.0,0.0,0.0,0.0,0.0,0.0,0.0,0.0,0.0,0.0,0.0,0.0
MOL_04215,O=C(Cc1ccccc1)c1ccccc1,0.0,0.0,,0.0,,0.0,0.0,0.0,0.0,0.0,0.0,0.0
MOL_04216,CC(C)(C)NCCO,0.0,0.0,0.0,0.0,0.0,0.0,0.0,0.0,0.0,0.0,0.0,0.0
MOL_04217,C=CC(N)CCC(=O)O,0.0,0.0,0.0,0.0,0.0,0.0,0.0,,0.0,,0.0,0.0
MOL_04218,CCN(CC)CCOC(=O)c1ccc(N)cc1,0.0,0.0,0.0,0.0,0.0,0.0,0.0,0.0,0.0,0.0,0.0,0.0
MOL_04219,CC(=O)C1CCOC1=O,0.0,0.0,0.0,0.0,0.0,0.0,0.0,0.0,0.0,0.0,0.0,0.0
MOL_04220,Nc1cc(N)cc(C(=O)O)c1,0.0,0.0,0.0,0.0,0.0,0.0,0.0,0.0,0.0,0.0,0.0,0.0
MOL_04221,N#CC(Br)(Br)C(N)=O,0.0,0.0,0.0,,,0.0,0.0,,0.0,0.0,0.0,0.0
MOL_04222,N#Cc1c(Cl)cccc1Cl,0.0,0.0,0.0,0.0,0.0,0.0,0.0,0.0,0.0,0.0,0.0,0.0
MOL_04223,c1ccc2occc2c1,0.0,0.0,,0.0,0.0,0.0,0.0,0.0,0.0,0.0,0.0,0.0
MOL_04224,Nc1nc(N)nc(-c2ccccc2)n1,0.0,0.0,1.0,,1.0,0.0,0.0,0.0,0.0,0.0,0.0,0.0
MOL_04225,O=C(O)c1ccccc1,0.0,0.0,0.0,0.0,1.0,0.0,0.0,0.0,0.0,0.0,0.0,0.0
MOL_04226,O=C(c1ccccc1)C(O)c1ccccc1,0.0,0.0,0.0,0.0,0.0,0.0,0.0,0.0,0.0,0.0,0.0,0.0
MOL_04227,O=C1C=CC(=O)C=C1,0.0,0.0,0.0,0.0,0.0,0.0,0.0,1.0,0.0,0.0,0.0,0.0
MOL_04228,c1ccc2sc(SSc3nc4ccccc4s3)nc2c1,0.0,0.0,0.0,0.0,0.0,0.0,0.0,1.0,0.0,1.0,0.0,0.0
MOL_04229,c1ccc2[nH]nnc2c1,0.0,0.0,0.0,0.0,0.0,0.0,0.0,0.0,0.0,1.0,0.0,0.0
MOL_04230,ClC(Cl)(Cl)c1ccccc1,0.0,0.0,1.0,0.0,0.0,0.0,0.0,0.0,0.0,0.0,0.0,0.0
MOL_04231,NNC(=O)c1ccccc1,0.0,0.0,1.0,,1.0,0.0,0.0,0.0,0.0,0.0,,0.0
MOL_04232,CS(=O)(=O)Nc1ccc([N+](=O)[O-])cc1Oc1ccccc1,0.0,0.0,0.0,0.0,0.0,0.0,0.0,0.0,0.0,0.0,1.0,0.0
MOL_04233,FC1(F)C(F)(F)C(F)(F)C2(F)C(F)(F)C(F)(F)C(F)(F)C(F)(F)C2(F)C1(F)F,,,,,,,,0.0,,0.0,,
MOL_04234,CCCC/C=C/C=C\C=O,0.0,0.0,0.0,0.0,0.0,0.0,0.0,1.0,0.0,0.0,0.0,0.0
MOL_04235,CC(C)=CCCC(C)CC(=O)O,0.0,0.0,0.0,,0.0,0.0,0.0,0.0,0.0,0.0,0.0,0.0
MOL_04236,CCc1nccnc1CC,0.0,0.0,0.0,0.0,,0.0,0.0,0.0,0.0,0.0,0.0,0.0
MOL_04237,COc1ccc(O)cc1,0.0,0.0,0.0,0.0,0.0,0.0,,,0.0,0.0,0.0,0.0
MOL_04238,c1ccc(Nc2cccc3ccccc23)cc1,0.0,0.0,1.0,,1.0,1.0,0.0,0.0,0.0,0.0,,0.0
MOL_04239,N#Cc1ccncc1,0.0,0.0,0.0,0.0,0.0,0.0,0.0,0.0,0.0,0.0,0.0,0.0
MOL_04240,C[C@@H](N)[C@@H](O)c1ccccc1,0.0,0.0,0.0,0.0,0.0,0.0,0.0,0.0,0.0,0.0,0.0,0.0
MOL_04241,NCCCN1CCOCC1,0.0,0.0,0.0,0.0,0.0,0.0,0.0,0.0,0.0,0.0,0.0,0.0
MOL_04242,CC(C)c1ccc2c(c1)CC[C@@H]1[C@]2(C)CCC[C@@]1(C)CN,0.0,,0.0,,,,,,,,,
MOL_04243,O=[N+]([O-])c1cc[n+]([O-])cc1,0.0,0.0,,,,0.0,0.0,,0.0,0.0,0.0,0.0
MOL_04244,CC1(C)CC(=O)CC(C)(C)N1,0.0,0.0,0.0,0.0,0.0,0.0,0.0,0.0,0.0,0.0,0.0,0.0
MOL_04245,O=C(O)C(O)C(O)C(=O)O,0.0,0.0,0.0,0.0,0.0,0.0,0.0,0.0,0.0,0.0,0.0,0.0
MOL_04246,CC(C)CCCC(C)CCCC(C)CCCCC(C)CCCC(C)CCCC(C)C,,,,,,,,,,0.0,,
MOL_04247,Sc1ccccc1,0.0,0.0,0.0,,,0.0,0.0,0.0,0.0,1.0,0.0,0.0
MOL_04248,O=c1c2ccccc2c(=O)c2c1cc(Cl)c1[nH]c3c([nH]c12)c(Cl)cc1c(=O)c2ccccc2c(=O)c13,0.0,0.0,1.0,0.0,0.0,0.0,0.0,0.0,0.0,0.0,0.0,0.0
MOL_04249,COc1ccc2nc(NC(=O)Nc3ccccc3)sc2c1,1.0,0.0,1.0,,,0.0,0.0,,1.0,0.0,1.0,0.0
MOL_04250,CCC(C(=O)OCCOCCN(CC)CC)c1ccccc1.O=C(O)CC(O)(CC(=O)O)C(=O)O,0.0,0.0,0.0,0.0,0.0,0.0,0.0,0.0,0.0,0.0,0.0,0.0
MOL_04251,CN1CCN(c2cc3c(nn2)Oc2ccccc2N3C)CC1,,,,,,,,0.0,,0.0,,
MOL_04252,O=C(N/N=C/c1ccccc1O)c1ccncc1,0.0,0.0,1.0,,,,,0.0,1.0,,,
MOL_04253,Cc1ccc(S(=O)(=O)NC(=O)NC2CCCCC2)cc1,0.0,0.0,0.0,0.0,0.0,0.0,0.0,0.0,0.0,0.0,0.0,0.0
MOL_04254,CC(O)C(=O)O.CCOc1ccc2nc3cc(N)ccc3c(N)c2c1,0.0,1.0,1.0,1.0,0.0,,,,0.0,1.0,1.0,1.0
MOL_04255,NS(=O)(=O)c1ccc(NC(=O)CCC(=O)O)cc1,0.0,0.0,0.0,0.0,0.0,0.0,0.0,0.0,0.0,0.0,0.0,0.0
MOL_04256,COc1ccc(S(=O)(=O)Nc2nnc(CC(C)C)s2)cc1,0.0,0.0,0.0,0.0,0.0,0.0,0.0,0.0,0.0,0.0,0.0,0.0
MOL_04257,O=C(Nc1ncc([N+](=O)[O-])s1)c1cccs1,0.0,,1.0,,,0.0,,1.0,,0.0,1.0,
MOL_04258,CC(C)(O)C(=O)O,0.0,0.0,0.0,0.0,0.0,0.0,0.0,0.0,0.0,0.0,0.0,0.0
MOL_04259,CC[C@@H]1C[C@H](N(Cc2cc(C(F)(F)F)cc(C(F)(F)F)c2)C(C)=O)c2cc(C(F)(F)F)ccc2N1C(=O)OC(C)C,0.0,0.0,0.0,0.0,0.0,0.0,0.0,0.0,0.0,0.0,1.0,0.0
MOL_04260,CC(C)(O)c1ccc(CNC(=O)c2cccnc2Oc2ccc(F)cc2)cc1,0.0,0.0,,0.0,0.0,0.0,0.0,0.0,0.0,0.0,0.0,0.0
MOL_04261,CNCc1ccc(NC(=O)c2c[nH]c3c2C(=O)CCC3)cc1,0.0,0.0,1.0,,0.0,0.0,0.0,,0.0,0.0,,0.0
MOL_04262,CC(Cc1ccc(OCC(=O)O)cc1)NCC(O)c1csc(C(F)(F)F)n1,0.0,0.0,0.0,0.0,0.0,0.0,0.0,0.0,0.0,0.0,0.0,0.0
MOL_04263,Cc1nccn1-c1ccc(Sc2cccc(C3(C(N)=O)CCOCC3)c2)cc1,0.0,0.0,0.0,1.0,,,,1.0,0.0,0.0,0.0,0.0
MOL_04264,Cc1cc(CCN2CCN(c3nsc4ccccc34)CC2)cc2c1NC(=O)CC2(C)C,0.0,,0.0,,,0.0,,1.0,,1.0,,
MOL_04265,O=c1[nH]c2ccc(S(=O)CCN3CCC(Cc4ccc(F)cc4)CC3)cc2o1,0.0,0.0,0.0,0.0,1.0,0.0,0.0,1.0,0.0,0.0,,0.0
MOL_04266,Nc1cc(Cl)c(O)c(Cl)c1,0.0,0.0,1.0,,0.0,0.0,,1.0,0.0,0.0,1.0,1.0
MOL_04267,O=C1CCC(C2CCCCC2)CC1,0.0,0.0,0.0,0.0,,0.0,0.0,,0.0,0.0,0.0,0.0
MOL_04268,OC1CCC(C2CCCCC2)CC1,0.0,0.0,0.0,0.0,,0.0,0.0,0.0,0.0,0.0,0.0,0.0
MOL_04269,O=C(Nc1ccccc1)c1cc([N+](=O)[O-])ccc1Cl,0.0,0.0,1.0,0.0,,0.0,,1.0,0.0,,,
MOL_04270,O=C(O)c1ccc([Hg]Cl)cc1,0.0,,0.0,,,1.0,1.0,1.0,,1.0,,
MOL_04271,Cc1c(C(=O)NCCO)[n+]([O-])c2ccccc2[n+]1[O-],0.0,0.0,0.0,0.0,0.0,0.0,0.0,0.0,0.0,0.0,0.0,0.0
MOL_04272,OC(Cn1cncn1)(c1ccc(F)cc1)c1ccccc1F,0.0,0.0,0.0,1.0,0.0,0.0,0.0,0.0,0.0,0.0,0.0,0.0
MOL_04273,CCCCOP(=O)(O)OCCCC,0.0,0.0,0.0,0.0,1.0,,0.0,0.0,0.0,0.0,0.0,0.0
MOL_04274,NC(=O)c1ccc([N+](=O)[O-])cc1,0.0,0.0,0.0,0.0,0.0,0.0,0.0,0.0,0.0,0.0,0.0,0.0
MOL_04275,CCCO[Si](OCCC)(OCCC)OCCC,0.0,0.0,0.0,0.0,0.0,0.0,0.0,0.0,0.0,0.0,0.0,0.0
MOL_04276,CCCCC[C@H](O)/C=C/[C@H]1[C@H](O)CC(=O)[C@@H]1CCCCCCC(=O)O,0.0,,0.0,0.0,0.0,0.0,,,0.0,,0.0,0.0
MOL_04277,CCCCCCNC(=O)n1cc(F)c(=O)[nH]c1=O,,,,,,,,,,0.0,,
MOL_04278,CCCCCCCCCCCC[n+]1ccc2ccccc2c1,0.0,,,,,0.0,,,,,1.0,
MOL_04279,CCCC(=O)Cl,0.0,0.0,0.0,0.0,0.0,0.0,0.0,0.0,0.0,0.0,0.0,0.0
MOL_04280,CCCCCCCCCl,0.0,0.0,0.0,0.0,0.0,0.0,0.0,0.0,0.0,1.0,0.0,0.0
MOL_04281,Oc1ccccc1Cl,0.0,0.0,0.0,0.0,0.0,0.0,0.0,0.0,0.0,0.0,0.0,0.0
MOL_04282,CC(Cl)C(=O)O,0.0,0.0,0.0,0.0,0.0,,0.0,0.0,0.0,0.0,0.0,0.0
MOL_04283,O=C(O)CCCl,0.0,0.0,0.0,0.0,0.0,0.0,0.0,0.0,0.0,0.0,0.0,0.0
MOL_04284,O=[Cd],0.0,0.0,0.0,,0.0,0.0,0.0,0.0,0.0,0.0,0.0,0.0
MOL_04285,COc1ccc(OC)c(C(O)CNC(=O)CN)c1,0.0,0.0,0.0,0.0,0.0,0.0,0.0,0.0,0.0,0.0,0.0,0.0
MOL_04286,CSc1cnccn1,0.0,0.0,0.0,0.0,0.0,0.0,0.0,0.0,0.0,0.0,0.0,0.0
MOL_04287,C=CC(C)(CCC=C(C)C)OC(=O)C(C)C,0.0,0.0,0.0,0.0,0.0,0.0,0.0,0.0,0.0,0.0,0.0,0.0
MOL_04288,CCCCCCCCCCOC(=O)c1ccccc1C(=O)OCCCCCCCC,0.0,0.0,0.0,0.0,0.0,0.0,0.0,0.0,0.0,0.0,0.0,0.0
MOL_04289,CC(C)OC=O,0.0,0.0,0.0,0.0,0.0,0.0,0.0,0.0,0.0,1.0,0.0,0.0
MOL_04290,N#Cc1cccc(C#N)c1,0.0,0.0,0.0,0.0,0.0,0.0,0.0,0.0,0.0,0.0,0.0,0.0
MOL_04291,CCOC(=O)/C=C/C(=O)OCC,0.0,0.0,0.0,0.0,0.0,0.0,0.0,1.0,0.0,0.0,0.0,0.0
MOL_04292,CCC(C)COC(C)=O,0.0,0.0,,0.0,0.0,0.0,0.0,0.0,0.0,0.0,0.0,0.0
MOL_04293,c1ccc(Cc2ccccc2)cc1,0.0,0.0,0.0,0.0,0.0,0.0,0.0,0.0,0.0,0.0,0.0,0.0
MOL_04294,C[C@H]1CNCCc2ccc(Cl)cc21,0.0,0.0,0.0,0.0,0.0,0.0,0.0,0.0,0.0,0.0,0.0,0.0
MOL_04295,Cc1nnc(C(=O)NC(C)(C)c2nc(C(=O)NCc3ccc(F)cc3)c(O)c(=O)n2C)o1,0.0,0.0,0.0,0.0,0.0,0.0,0.0,0.0,0.0,0.0,0.0,0.0
MOL_04296,O=S(=O)(c1ccccc1)c1ccccc1,0.0,0.0,0.0,0.0,0.0,0.0,0.0,0.0,0.0,0.0,,0.0
MOL_04297,CCC(C)OC(=O)c1ccc(O)cc1,0.0,0.0,1.0,,1.0,1.0,0.0,0.0,0.0,0.0,,0.0
MOL_04298,Cc1ccc(NC(=O)N(C)C)cc1NC(=O)N(C)C,0.0,0.0,0.0,0.0,0.0,0.0,0.0,0.0,0.0,0.0,0.0,0.0
MOL_04299,[O-][n+]1ccccc1SSc1cccc[n+]1[O-],0.0,1.0,,,,0.0,1.0,,1.0,,1.0,1.0
MOL_04300,C=COCC1CCC(COC=C)CC1,0.0,0.0,0.0,0.0,0.0,0.0,0.0,0.0,0.0,0.0,0.0,0.0
MOL_04301,N#Cc1c(F)cccc1F,0.0,0.0,0.0,0.0,0.0,0.0,0.0,0.0,0.0,0.0,0.0,0.0
MOL_04302,CC(O)CN1CCN(CC(=O)[O-])CCN(CC(=O)[O-])CCN(CC(=O)[O-])CC1.[Gd+3],,,,,,,,0.0,,0.0,,
MOL_04303,S=C=S,0.0,0.0,0.0,0.0,0.0,0.0,0.0,0.0,0.0,0.0,0.0,0.0
MOL_04304,Nc1c(NC/C=C\COc2cc(CN3CCCCC3)ccn2)c(=O)c1=O,0.0,0.0,0.0,0.0,0.0,0.0,0.0,,0.0,0.0,0.0,0.0
MOL_04305,CN1[C@H]2CC[C@@H]1C[C@H](NC(=O)n1c(=O)[nH]c3ccccc31)C2,0.0,0.0,0.0,0.0,0.0,0.0,0.0,0.0,0.0,0.0,,0.0
MOL_04306,C1CCc2nnnn2CC1,0.0,0.0,0.0,0.0,0.0,0.0,0.0,,0.0,,0.0,0.0
MOL_04307,CC(C(=O)O)c1ccc(/C=C2\CCCCC2=O)cc1,0.0,0.0,,,,0.0,1.0,1.0,0.0,0.0,0.0,0.0
MOL_04308,CCCCCOc1ccc(C2SC(=O)NC2=O)cc1OCC,0.0,0.0,,,0.0,0.0,,0.0,0.0,0.0,,0.0
MOL_04309,CC[N+](CC)(CC)CCOC(=O)C(C1CCCC1)C1CCCC1,0.0,0.0,0.0,0.0,0.0,0.0,0.0,0.0,0.0,0.0,0.0,0.0
MOL_04310,CCCCCCCCCCCCCCCCCCNC(=O)OC1CCN(C(=O)OC[C@H](COC(=O)N(Cc2cccc[n+]2CC)C(=O)c2ccccc2OC)OC)CC1,0.0,,0.0,,,0.0,,,,,0.0,
MOL_04311,CCOC(=O)c1ccc(OCCN2C[C@H](O)[C@@H](O)[C@H](O)[C@H]2CO)cc1,0.0,0.0,0.0,0.0,0.0,0.0,0.0,0.0,0.0,0.0,0.0,0.0
MOL_04312,CCC(C)N(C)C(=O)c1cc2ccccc2c(-c2ccccc2Cl)n1,0.0,0.0,0.0,0.0,0.0,0.0,,,0.0,0.0,0.0,0.0
MOL_04313,Cc1ccc(/C=N/n2c(-c3ccccc3)csc2=S)cc1,0.0,0.0,1.0,,,0.0,0.0,1.0,0.0,0.0,,0.0
MOL_04314,CN(CCCN1c2ccccc2CCc2ccccc21)CC(=O)c1ccc(Cl)cc1,0.0,0.0,,0.0,0.0,0.0,,1.0,,0.0,,
MOL_04315,CN(C)CCOC(c1ccc(Cl)cc1)c1ccccn1,0.0,0.0,0.0,0.0,0.0,0.0,0.0,,0.0,0.0,0.0,0.0
MOL_04316,NC[C@@H]1O[C@H](O[C@@H]2[C@@H](CO)O[C@@H](O[C@@H]3[C@@H](O)[C@H](N)C[C@H](N)[C@H]3O[C@H]3O[C@H](CO)[C@@H](O)[C@H](O)[C@H]3N)[C@@H]2O)[C@H](N)[C@@H](O)[C@@H]1O,0.0,0.0,0.0,0.0,1.0,0.0,0.0,,0.0,,0.0,0.0
MOL_04317,Clc1ccc(C(Cl)(Cl)Cl)cn1,0.0,0.0,1.0,,0.0,0.0,0.0,0.0,0.0,0.0,0.0,0.0
MOL_04318,CCC1=C[C@@H]2CN(C1)Cc1c([nH]c3ccccc13)[C@@](C(=O)OC)(c1cc3c(cc1OC)N(C)[C@H]1[C@@](O)(C(=O)OC)[C@H](OC(C)=O)[C@]4(CC)C=CCN5CC[C@]31[C@@H]54)C2,,,,,,,,,,0.0,,
MOL_04319,c1ccc(P(c2ccccc2)c2ccccc2)cc1,0.0,0.0,0.0,0.0,0.0,0.0,0.0,,0.0,1.0,,0.0
MOL_04320,c1ccc(OP(Oc2ccccc2)Oc2ccccc2)cc1,0.0,0.0,0.0,0.0,0.0,0.0,0.0,0.0,0.0,0.0,0.0,0.0
MOL_04321,CC(CCl)OP(=O)(OC(C)CCl)OC(C)CCl,0.0,0.0,0.0,0.0,0.0,0.0,0.0,0.0,0.0,0.0,0.0,0.0
MOL_04322,ClCCOP(OCCCl)OCCCl,0.0,0.0,0.0,0.0,0.0,0.0,0.0,0.0,0.0,0.0,0.0,0.0
MOL_04323,CCOC(=O)OCC,0.0,0.0,0.0,0.0,0.0,0.0,0.0,0.0,0.0,0.0,0.0,0.0
MOL_04324,CCN(C(=O)N(CC)c1ccccc1)c1ccccc1,0.0,0.0,0.0,,0.0,0.0,0.0,,0.0,0.0,1.0,0.0
MOL_04325,C=CC(=O)OCCOCCOC(=O)C=C,0.0,1.0,0.0,,1.0,0.0,1.0,1.0,1.0,,0.0,0.0
MOL_04326,CCOCCOCCOCC,0.0,0.0,,0.0,1.0,0.0,0.0,0.0,0.0,0.0,,0.0
MOL_04327,CCOP(=S)(OCC)SCCSCC,0.0,0.0,0.0,0.0,0.0,0.0,0.0,0.0,0.0,0.0,0.0,0.0
MOL_04328,COCCOCCO,0.0,0.0,0.0,0.0,0.0,0.0,0.0,0.0,0.0,0.0,0.0,0.0
MOL_04329,C1CN2CCN1CC2,0.0,0.0,0.0,0.0,0.0,0.0,0.0,0.0,0.0,0.0,0.0,0.0
MOL_04330,COc1ccc(OC)cc1,0.0,0.0,0.0,0.0,0.0,0.0,0.0,0.0,0.0,0.0,0.0,0.0
MOL_04331,CCCCCCCC/C=C\CCCCCCCCO,0.0,0.0,0.0,0.0,0.0,0.0,0.0,0.0,0.0,0.0,0.0,0.0
MOL_04332,CC(C)OC(=O)C(C)(C)Oc1ccc(C(=O)c2ccc(Cl)cc2)cc1,0.0,0.0,0.0,0.0,0.0,0.0,0.0,,0.0,0.0,0.0,0.0
MOL_04333,ClC(Cl)(Cl)Br,0.0,0.0,0.0,0.0,0.0,0.0,0.0,0.0,0.0,0.0,0.0,0.0
MOL_04334,CC(C)(C)NC[C@H](O)COc1cccc2c1CCCC2=O,0.0,0.0,0.0,0.0,0.0,0.0,0.0,0.0,0.0,0.0,0.0,0.0
MOL_04335,CC(C(=O)O)c1cccc(C(=O)c2ccccc2)c1,0.0,0.0,0.0,0.0,0.0,0.0,0.0,0.0,0.0,0.0,0.0,0.0
MOL_04336,C[C@H](CCC(=O)O)[C@H]1CC[C@H]2[C@@H]3CC[C@@H]4C[C@H](O)CC[C@]4(C)[C@H]3CC[C@@]21C,0.0,0.0,0.0,0.0,0.0,0.0,,1.0,0.0,,1.0,
MOL_04337,C=C(C)[C@H]1CC=C(C)CC1,0.0,0.0,0.0,0.0,0.0,0.0,0.0,0.0,0.0,0.0,0.0,0.0
MOL_04338,Nc1nc(=O)[nH]cc1F,0.0,,0.0,0.0,0.0,0.0,0.0,0.0,0.0,0.0,0.0,0.0
MOL_04339,O=C(O)Cc1sc(-c2ccccc2)nc1-c1ccc(Cl)cc1,0.0,,1.0,0.0,0.0,0.0,1.0,0.0,0.0,0.0,1.0,0.0
MOL_04340,CC(C)=CCC1C(=O)N(c2ccccc2)N(c2ccccc2)C1=O,1.0,0.0,,,,0.0,,1.0,0.0,1.0,,1.0
MOL_04341,O=c1[nH]c(=O)n([C@H]2C[C@H](O)[C@@H](CO)O2)cc1F,,,0.0,0.0,0.0,0.0,,1.0,0.0,0.0,0.0,1.0
MOL_04342,O=CC1CC=CCC1,0.0,0.0,0.0,0.0,0.0,0.0,0.0,0.0,0.0,0.0,0.0,0.0
MOL_04343,CS(=O)(=O)c1ccc(C(=O)C2C(=O)CCCC2=O)c([N+](=O)[O-])c1,0.0,0.0,0.0,0.0,0.0,0.0,0.0,0.0,0.0,0.0,1.0,0.0
MOL_04344,CC1=C(/C=C/C(C)=C/C=C\C(C)=C\C(=O)O)C(C)(C)CCC1,0.0,0.0,,0.0,,1.0,1.0,,1.0,1.0,1.0,
MOL_04345,SCc1ccccc1,0.0,0.0,0.0,,1.0,0.0,0.0,0.0,0.0,0.0,,0.0
MOL_04346,N#Cc1cccnc1,0.0,0.0,1.0,0.0,0.0,0.0,0.0,0.0,0.0,0.0,0.0,0.0
MOL_04347,O=S(=O)([O-])C(F)(F)C(F)(F)C(F)(F)C(F)(F)C(F)(F)C(F)(F)C(F)(F)C(F)(F)F,0.0,0.0,0.0,,0.0,0.0,0.0,0.0,0.0,0.0,,
MOL_04348,CCC1(CC)C(=O)C=CNC1=O,0.0,0.0,0.0,0.0,0.0,0.0,0.0,0.0,0.0,0.0,0.0,0.0
MOL_04349,O=C(OCC(COC(=O)c1ccccc1)(COC(=O)c1ccccc1)COC(=O)c1ccccc1)c1ccccc1,0.0,,0.0,0.0,0.0,,,0.0,0.0,,1.0,
MOL_04350,COc1c2occc2c(OC)c2c(=O)cc(C)oc12,0.0,0.0,1.0,0.0,0.0,0.0,0.0,0.0,0.0,0.0,0.0,0.0
MOL_04351,Nc1ccc(S(=O)(=O)Nc2ccc(Cl)nn2)cc1,0.0,0.0,0.0,0.0,0.0,0.0,0.0,0.0,0.0,0.0,0.0,0.0
MOL_04352,O=C(O)CO,0.0,0.0,0.0,0.0,0.0,0.0,0.0,0.0,0.0,0.0,,0.0
MOL_04353,O=CC=O,0.0,0.0,0.0,0.0,1.0,0.0,0.0,0.0,0.0,0.0,0.0,0.0
MOL_04354,CC1CCC(C(C)C)C(O)C1,0.0,0.0,0.0,0.0,0.0,0.0,0.0,0.0,0.0,0.0,0.0,0.0
MOL_04355,CN(C)CCOC(C)(c1ccccc1)c1ccccn1.O=C(O)CCC(=O)O,0.0,0.0,0.0,0.0,1.0,0.0,0.0,0.0,0.0,0.0,0.0,0.0
MOL_04356,Sc1nc2ccccc2s1,0.0,0.0,1.0,0.0,0.0,0.0,1.0,1.0,0.0,1.0,1.0,0.0
MOL_04357,NCCc1ccc(O)c(O)c1,0.0,0.0,0.0,0.0,,0.0,0.0,1.0,0.0,0.0,0.0,0.0
MOL_04358,O=c1oc2c(O)c(O)cc3c(=O)oc4c(O)c(O)cc1c4c23,0.0,0.0,0.0,0.0,0.0,0.0,0.0,,0.0,0.0,0.0,0.0
MOL_04359,Cc1cnc(NC(=O)C2=C(O)c3ccccc3S(=O)(=O)N2C)s1,1.0,0.0,0.0,0.0,1.0,0.0,0.0,0.0,0.0,0.0,1.0,0.0
MOL_04360,Nc1nc(N)nc(N)n1,0.0,0.0,0.0,0.0,0.0,0.0,0.0,0.0,0.0,0.0,0.0,0.0
MOL_04361,CC[C@H]1CN2CCc3cc(OC)c(OC)cc3[C@@H]2C[C@@H]1C[C@H]1NCCc2cc(OC)c(OC)cc21,0.0,0.0,0.0,1.0,,0.0,,,,0.0,,0.0
MOL_04362,O=S(=O)([O-])CCS,0.0,0.0,0.0,0.0,0.0,0.0,0.0,0.0,0.0,0.0,0.0,0.0
MOL_04363,CCn1cc[n+](C)c1C.O=S(=O)([N-]S(=O)(=O)C(F)(F)F)C(F)(F)F,0.0,0.0,0.0,0.0,0.0,0.0,0.0,0.0,0.0,0.0,,0.0
MOL_04364,CCCCCCCCCCCCSCCOCCO,0.0,0.0,0.0,0.0,0.0,0.0,0.0,,0.0,0.0,0.0,0.0
MOL_04365,N=C(N)n1cccn1,0.0,0.0,0.0,0.0,0.0,0.0,0.0,,0.0,,0.0,0.0
MOL_04366,FC(F)(F)COCC(F)(F)F,0.0,0.0,0.0,0.0,,0.0,0.0,,0.0,,0.0,0.0
MOL_04367,Cc1c(I)c(=O)n(-c2ccccc2)n1C,0.0,0.0,0.0,0.0,0.0,0.0,0.0,0.0,0.0,0.0,0.0,0.0
MOL_04368,CCC(C(N)=O)N1CCCC1=O,0.0,0.0,0.0,0.0,1.0,0.0,0.0,0.0,0.0,0.0,0.0,0.0
MOL_04369,CC(=O)N[C@@H](Cc1ccc(O)cc1)C(=O)O,0.0,0.0,0.0,0.0,0.0,0.0,0.0,0.0,0.0,0.0,0.0,0.0
MOL_04370,OCC(O)CS,,0.0,0.0,,0.0,0.0,0.0,0.0,0.0,0.0,0.0,0.0
MOL_04371,CC(=O)c1ccc2ccc3ccccc3c2c1,0.0,0.0,1.0,,1.0,0.0,0.0,,0.0,0.0,1.0,1.0
MOL_04372,Nc1ccc(NCCO)c([N+](=O)[O-])c1,0.0,0.0,1.0,0.0,0.0,0.0,0.0,1.0,0.0,0.0,1.0,0.0
MOL_04373,Cc1cc(C)c(S(=O)(=O)[O-])cc1N=Nc1cc(S(=O)(=O)[O-])c2ccccc2c1O,0.0,0.0,0.0,0.0,0.0,0.0,0.0,0.0,0.0,0.0,,0.0
MOL_04374,COc1ccccc1N1CCN(CCCCNC(=O)c2ccc(-c3ccc(C(C)=O)cc3)cc2)CC1,0.0,0.0,0.0,0.0,0.0,0.0,0.0,,0.0,0.0,0.0,0.0
MOL_04375,[Be+2],0.0,0.0,0.0,0.0,0.0,0.0,0.0,0.0,0.0,0.0,,0.0
MOL_04376,COCCOCCOCCOCCO,0.0,0.0,0.0,0.0,0.0,0.0,0.0,0.0,0.0,0.0,,0.0
MOL_04377,Cc1cccc(Oc2ccccc2)c1,0.0,0.0,0.0,,0.0,0.0,0.0,0.0,0.0,0.0,0.0,0.0
MOL_04378,CCCCCCCCCCCCCCCCCCCl,0.0,0.0,0.0,0.0,0.0,0.0,0.0,0.0,0.0,0.0,0.0,0.0
MOL_04379,O=C(CC(C(=O)OC1CCCCC1)S(=O)(=O)[O-])OC1CCCCC1,0.0,0.0,0.0,0.0,0.0,0.0,0.0,0.0,0.0,0.0,0.0,0.0
MOL_04380,CC/C(C)=N/O[Si](C)(O/N=C(\C)CC)O/N=C(\C)CC,0.0,0.0,,0.0,0.0,0.0,0.0,0.0,0.0,0.0,0.0,0.0
MOL_04381,CC(C)(C)C(=O)C(Cl)Cl,0.0,0.0,0.0,0.0,0.0,0.0,0.0,0.0,0.0,0.0,0.0,0.0
MOL_04382,CCCOc1nn(C(=O)[N-]S(=O)(=O)c2ccccc2C(=O)OC)c(=O)n1C,0.0,0.0,,0.0,0.0,0.0,0.0,0.0,0.0,0.0,0.0,0.0
MOL_04383,CCCCCCC(CCCCCCCCCCC(=O)OCC(COC(C)=O)OC(C)=O)OC(C)=O,0.0,0.0,0.0,0.0,0.0,0.0,0.0,0.0,0.0,0.0,0.0,0.0
MOL_04384,CC(C)CCCCCCOC(=O)C1CCCCC1C(=O)OCCCCCCC(C)C,0.0,0.0,0.0,0.0,0.0,0.0,0.0,0.0,0.0,0.0,,0.0
MOL_04385,c1ccc2cnccc2c1,0.0,0.0,0.0,0.0,0.0,0.0,0.0,,0.0,0.0,0.0,0.0
MOL_04386,C=CC(C)(CCC=C(C)C)OC=O,0.0,0.0,0.0,0.0,0.0,0.0,0.0,0.0,0.0,0.0,0.0,0.0
MOL_04387,Cc1nc(-c2ccccn2)ncc1C(=O)Nn1cc(C)c2cc(F)ccc21,0.0,0.0,1.0,0.0,,0.0,,,0.0,,0.0,0.0
MOL_04388,CCCCCCCCCCCCOC(C)=O,0.0,0.0,,0.0,0.0,0.0,0.0,0.0,0.0,0.0,0.0,0.0
MOL_04389,CC1C(C)(C)C2=C(C(=O)CCC2)C1(C)C,0.0,0.0,0.0,0.0,0.0,0.0,0.0,0.0,0.0,0.0,0.0,0.0
MOL_04390,CC(=O)OCCCc1ccccc1,0.0,0.0,0.0,0.0,0.0,0.0,0.0,0.0,0.0,0.0,0.0,0.0
MOL_04391,COc1ccc(COC=O)cc1,0.0,0.0,,0.0,0.0,0.0,0.0,0.0,0.0,0.0,0.0,0.0
MOL_04392,Oc1ccc(Cl)c2c1CCC2,0.0,0.0,,0.0,0.0,0.0,0.0,,0.0,,1.0,0.0
MOL_04393,CC(C)=CCC/C(C)=C/CC/C(C)=C/CO,0.0,0.0,0.0,,,0.0,0.0,,0.0,,0.0,0.0
MOL_04394,O=C(NC(=O)c1c(F)cccc1F)Nc1cc(Cl)c(Oc2ncc(C(F)(F)F)cc2Cl)c(Cl)c1,0.0,,0.0,,,0.0,,1.0,0.0,,1.0,1.0
MOL_04395,CC(C)OC(=O)C(O)(c1ccc(Cl)cc1)c1ccc(Cl)cc1,0.0,0.0,0.0,,0.0,0.0,,,0.0,0.0,1.0,
MOL_04396,OC[C@H](O)[C@@H](O)[C@H](O[C@@H]1O[C@H](CO)[C@H](O)[C@H](O)[C@H]1O)[C@H](O)CO,0.0,1.0,0.0,0.0,1.0,1.0,0.0,0.0,0.0,0.0,0.0,0.0
MOL_04397,FC1(F)C(F)(F)C(F)(F)C2(F)C(F)(C1(F)F)C(F)(F)C(F)(F)C1(F)C(F)(F)C(F)(F)C(F)(F)C(F)(F)C12F,0.0,0.0,0.0,0.0,,0.0,0.0,0.0,0.0,0.0,0.0,0.0
MOL_04398,CC1(C)O[C@@H]2CO[C@@]3(COS(N)(=O)=O)OC(C)(C)O[C@H]3[C@@H]2O1,0.0,0.0,0.0,0.0,0.0,0.0,0.0,0.0,0.0,0.0,0.0,0.0
MOL_04399,CC(C)CC(C)CC(C)CC(C)COC(=O)c1ccccc1C(=O)OCC(C)CC(C)CC(C)CC(C)C,0.0,0.0,0.0,0.0,,0.0,0.0,0.0,0.0,0.0,0.0,0.0
MOL_04400,F[B-](F)(F)F,0.0,0.0,0.0,0.0,0.0,0.0,0.0,0.0,0.0,0.0,0.0,0.0
MOL_04401,c1ccc2sc(SN3CCOCC3)nc2c1,,,,,,,,0.0,,0.0,,
MOL_04402,CC(C)(C)NCC(O)c1cc(Cl)c(N)c(Cl)c1,0.0,0.0,,0.0,0.0,0.0,0.0,0.0,,0.0,,
MOL_04403,C=C(Nc1ccc(OCC)cc1)Nc1ccc(OCC)cc1,0.0,0.0,0.0,0.0,0.0,0.0,0.0,,0.0,,0.0,0.0
MOL_04404,C[N+]12CCC(CC1)C(OC(=O)C(O)(c1ccccc1)c1ccccc1)C2,0.0,0.0,0.0,0.0,0.0,0.0,0.0,0.0,0.0,0.0,0.0,0.0
MOL_04405,Oc1c(I)cc(Cl)c2cccnc12,0.0,0.0,1.0,0.0,,0.0,0.0,1.0,0.0,1.0,1.0,
MOL_04406,CC(C)/N=c1/cc2n(-c3ccc(Cl)cc3)c3ccccc3nc-2cc1Nc1ccc(Cl)cc1,0.0,0.0,0.0,0.0,0.0,0.0,0.0,,0.0,,0.0,0.0
MOL_04407,C=CCOC(=O)CCCCCC,0.0,0.0,0.0,0.0,0.0,0.0,0.0,0.0,0.0,0.0,,0.0
MOL_04408,O=C(Nc1cccc(C(F)(F)F)c1)c1cc(Br)cc(Br)c1O,0.0,,,,,0.0,0.0,,0.0,1.0,1.0,1.0
MOL_04409,COc1cc(C(=O)NCCCCCC(=O)O)cc(OC)c1OC,0.0,0.0,0.0,0.0,0.0,0.0,0.0,0.0,0.0,0.0,0.0,0.0
MOL_04410,O=S(=O)(Cl)Cl,0.0,0.0,,0.0,0.0,0.0,0.0,,0.0,0.0,0.0,0.0
MOL_04411,C=C(Cl)CSC(=S)N(CC)CC,0.0,0.0,0.0,,0.0,0.0,0.0,1.0,0.0,,0.0,0.0
MOL_04412,OC[C@H]1O[C@H](O[C@]2(CO)O[C@H](CO)[C@@H](O)[C@@H]2O)[C@H](O)[C@@H](O)[C@@H]1O,0.0,0.0,0.0,0.0,0.0,0.0,0.0,0.0,0.0,0.0,0.0,0.0
MOL_04413,O=S(=O)([O-])[S-],0.0,0.0,0.0,0.0,0.0,0.0,0.0,0.0,0.0,0.0,0.0,0.0
MOL_04414,CC(=O)NS(=O)(=O)c1ccc(N)cc1,0.0,0.0,0.0,0.0,0.0,0.0,0.0,0.0,0.0,0.0,0.0,0.0
MOL_04415,C=C1C(C)(C)[C@@]2(Cl)C(Cl)[C@]1(Cl)C(Cl)(Cl)C2(Cl)Cl,0.0,0.0,,,,,0.0,1.0,0.0,1.0,1.0,
MOL_04416,CN(N=O)C(=O)N[C@H]1[C@@H](O)O[C@H](CO)[C@@H](O)[C@@H]1O,0.0,0.0,0.0,0.0,0.0,0.0,0.0,0.0,0.0,0.0,0.0,0.0
MOL_04417,O=C1CCC(=O)O1,0.0,0.0,0.0,0.0,0.0,0.0,0.0,0.0,0.0,0.0,0.0,0.0
MOL_04418,c1ccc(C2CO2)cc1,0.0,0.0,0.0,0.0,0.0,0.0,0.0,0.0,0.0,0.0,0.0,0.0
MOL_04419,Nc1ccc(S(=O)(=O)Nc2nccs2)cc1,0.0,0.0,0.0,0.0,0.0,0.0,0.0,0.0,0.0,1.0,0.0,0.0
MOL_04420,C=Cc1ccccc1,0.0,0.0,0.0,0.0,0.0,0.0,0.0,0.0,0.0,0.0,0.0,0.0
MOL_04421,Cc1cc(=O)oc2cc(O)ccc12,1.0,0.0,0.0,0.0,0.0,0.0,0.0,0.0,0.0,,0.0,1.0
MOL_04422,C=CC(C)=O,0.0,0.0,0.0,0.0,0.0,0.0,0.0,0.0,0.0,0.0,0.0,0.0
MOL_04423,CC(CCc1ccc(O)cc1)NCCc1ccc(O)c(O)c1,0.0,0.0,,,0.0,0.0,0.0,0.0,0.0,0.0,,0.0
MOL_04424,CCCCC(CC)COC(=O)CC(C(=O)OCC(CC)CCCC)S(=O)(=O)[O-],0.0,1.0,0.0,0.0,1.0,0.0,0.0,1.0,0.0,,0.0,
MOL_04425,CCCCCCOc1ccccc1C(N)=O,0.0,0.0,1.0,,,0.0,0.0,1.0,0.0,0.0,1.0,0.0
MOL_04426,CC(=O)Nc1ccc(S(=O)(=O)Nc2ccc([N+](=O)[O-])cc2)cc1,0.0,0.0,0.0,0.0,0.0,0.0,0.0,,0.0,,1.0,0.0
MOL_04427,CC[C@@H](C(=O)[C@@H](C)[C@@H](O)[C@H](C)CCc1ccc(C)c(O)c1C(=O)[O-])[C@H]1O[C@](CC)([C@H]2CC[C@](O)(CC)[C@H](C)O2)C[C@@H]1C,1.0,,0.0,,0.0,0.0,0.0,,,,1.0,1.0
MOL_04428,O=C1C(O)=C(O)C(=O)C(O)=C1O,0.0,0.0,0.0,0.0,0.0,0.0,0.0,0.0,0.0,0.0,0.0,0.0
MOL_04429,CCCC(=O)O[C@]1(C(=O)CO)CC[C@H]2[C@@H]3CCC4=CC(=O)CC[C@]4(C)[C@H]3[C@@H](O)C[C@@]21C,,,,,,,,0.0,,0.0,,
MOL_04430,CC(N)CCCC(C)(C)O,0.0,0.0,,0.0,0.0,0.0,0.0,0.0,0.0,0.0,0.0,0.0
MOL_04431,CCc1cn([C@H]2C[C@H](O)[C@@H](CO)O2)c(=O)[nH]c1=O,0.0,0.0,0.0,,0.0,0.0,0.0,,0.0,,0.0,0.0
MOL_04432,COc1ccc(-c2cc(=O)c3c(O)cc(O[C@@H]4O[C@H](CO[C@@H]5O[C@@H](C)[C@H](O)[C@@H](O)[C@H]5O)[C@@H](O)[C@H](O)[C@H]4O)cc3o2)cc1O,0.0,0.0,1.0,0.0,0.0,0.0,0.0,,0.0,0.0,0.0,0.0
MOL_04433,CCc1cccc(O)c1,0.0,0.0,0.0,0.0,0.0,0.0,0.0,0.0,0.0,0.0,0.0,0.0
MOL_04434,O=C(c1ccccc1)c1ccc(O)cc1,0.0,,0.0,,1.0,,0.0,,0.0,,1.0,0.0
MOL_04435,Oc1ccc(C(=C(Cl)Cl)c2ccc(O)cc2)cc1,0.0,0.0,,,1.0,,,1.0,0.0,1.0,1.0,
MOL_04436,O=C(O)/C=C/c1ccccc1,0.0,0.0,0.0,0.0,0.0,0.0,0.0,0.0,0.0,0.0,0.0,0.0
MOL_04437,O=C(NCCN1CCOCC1)c1ccc(Cl)cc1,1.0,1.0,0.0,0.0,1.0,0.0,0.0,0.0,0.0,0.0,0.0,0.0
MOL_04438,CCCCCCCCCCCCOCCCN,0.0,0.0,0.0,0.0,0.0,0.0,0.0,,0.0,,0.0,0.0
MOL_04439,CCc1cccc(CC)c1NC(=O)CN(CC(=O)O)CC(=O)O,0.0,0.0,0.0,0.0,0.0,0.0,0.0,0.0,0.0,0.0,0.0,0.0
MOL_04440,COc1ccc(C(=O)CCC(=O)O)c2ccccc12,0.0,,0.0,0.0,0.0,0.0,0.0,,0.0,,0.0,0.0
MOL_04441,O=C(OCCO)c1ccccc1O,0.0,0.0,0.0,0.0,0.0,0.0,0.0,,0.0,,0.0,0.0
MOL_04442,O=C([O-])CC(S[Au])C(=O)[O-],0.0,0.0,0.0,0.0,0.0,0.0,0.0,,0.0,,0.0,0.0
MOL_04443,CCC(=O)O[C@H]1CC[C@H]2[C@@H]3CCc4cc(O)ccc4[C@H]3CC[C@]12C,1.0,1.0,0.0,0.0,1.0,1.0,0.0,,0.0,,,1.0
MOL_04444,O=C(O)c1cc2ccccc2c(Cc2c(O)c(C(=O)O)cc3ccccc23)c1O,0.0,0.0,1.0,0.0,1.0,1.0,0.0,,0.0,,,0.0
MOL_04445,CCOc1ccc(C[C@H]2NC(=O)CCSSC[C@@H](C(=O)N3CCC[C@H]3C(=O)N[C@@H](CCCN)C(=O)NCC(N)=O)NC(=O)[C@H](CC(N)=O)NC(=O)[C@H]([C@@H](C)O)NC(=O)[C@H]([C@@H](C)CC)NC2=O)cc1,0.0,0.0,0.0,0.0,0.0,0.0,0.0,,0.0,,0.0,0.0
MOL_04446,CCCC1([C@H](O)C/C=C/[C@H]2[C@H](O)CC(=O)[C@@H]2CCCCCCC(=O)OC)CCC1,0.0,,0.0,,0.0,,,,0.0,,,1.0
MOL_04447,CSCC[C@H](NC(=O)[C@H](Cc1c[nH]c2ccccc12)NC(=O)CCNC(=O)OC(C)(C)C)C(=O)N[C@@H](CC(=O)O)C(=O)N[C@@H](Cc1ccccc1)C(N)=O,0.0,0.0,0.0,0.0,0.0,0.0,0.0,0.0,0.0,0.0,0.0,0.0
MOL_04448,O=C1c2ccccc2C(=O)C1c1ccc(Br)cc1,,,,,,,,,,0.0,,
MOL_04449,C1CNCCN1.C[C@H](CCC(=O)O)[C@H]1CC[C@H]2[C@H]3[C@H](C[C@H](O)[C@@]21C)[C@@]1(C)CC[C@@H](O)C[C@H]1C[C@H]3O,0.0,0.0,0.0,0.0,0.0,0.0,0.0,,0.0,,0.0,0.0
MOL_04450,CN1[C@H]2CC[C@@H]1C[C@H](OC(c1ccccc1)c1ccccc1)C2,0.0,0.0,0.0,0.0,0.0,0.0,0.0,,0.0,,0.0,0.0
MOL_04451,CC(C)(C)c1ccc(CN2CCN(C(c3ccccc3)c3ccc(Cl)cc3)CC2)cc1,0.0,0.0,0.0,1.0,,0.0,0.0,,0.0,,1.0,0.0
MOL_04452,OC(CCN1CCCCC1)(c1ccccc1)c1ccccc1,0.0,0.0,1.0,0.0,0.0,0.0,0.0,0.0,0.0,0.0,,0.0
MOL_04453,O=C(O)CCc1nc2ccccc2[nH]1,0.0,0.0,0.0,0.0,0.0,0.0,0.0,0.0,0.0,0.0,0.0,0.0
MOL_04454,CN1CCN(c2c(F)cc3c(=O)c(C(=O)O)cn(CCF)c3c2F)CC1,0.0,0.0,0.0,0.0,,0.0,0.0,0.0,0.0,0.0,0.0,0.0
MOL_04455,CC(C)=O,0.0,0.0,0.0,0.0,0.0,0.0,0.0,0.0,0.0,0.0,,0.0
MOL_04456,NC(=O)[C@@H]1CCCN1C(=O)[C@H](Cc1cnc[nH]1)NC(=O)[C@@H]1CCC(=O)N1,0.0,0.0,0.0,0.0,0.0,0.0,0.0,,0.0,,0.0,0.0
MOL_04457,C[C@@H]1O[C@@H](O[C@@H]2C=C3CC[C@@H]4[C@H](CC[C@]5(C)[C@@H](c6ccc(=O)oc6)CC[C@]45O)[C@@]3(C)CC2)[C@H](O)[C@H](O)[C@H]1O,,,0.0,,,,,,,0.0,1.0,0.0
MOL_04458,CC(O)Cn1cnc2c1c(=O)n(C)c(=O)n2C,0.0,0.0,0.0,0.0,0.0,0.0,0.0,0.0,0.0,0.0,0.0,0.0
MOL_04459,O=NN(CCO)CCO,0.0,0.0,0.0,0.0,0.0,0.0,0.0,0.0,0.0,0.0,0.0,0.0
MOL_04460,CCCCN(CCCC)N=O,0.0,0.0,0.0,0.0,0.0,0.0,0.0,0.0,0.0,0.0,0.0,0.0
MOL_04461,C#CC1(O)CCCCC1,0.0,0.0,0.0,0.0,0.0,0.0,0.0,0.0,0.0,0.0,0.0,0.0
MOL_04462,Nc1cccc2c(O)nnc(O)c12,0.0,0.0,0.0,0.0,0.0,0.0,0.0,0.0,0.0,0.0,0.0,0.0
MOL_04463,OCC(F)(F)F,0.0,0.0,0.0,0.0,0.0,0.0,0.0,0.0,0.0,0.0,,0.0
MOL_04464,CC(=O)CN(CC(C)=O)N=O,0.0,0.0,0.0,0.0,0.0,0.0,0.0,0.0,0.0,0.0,0.0,0.0
MOL_04465,Cc1ccc2nc(-c3ccc(N)cc3)sc2c1S(=O)(=O)O,,0.0,1.0,,1.0,0.0,,,1.0,,,
MOL_04466,CC(=O)C(C)(C)C,0.0,0.0,0.0,0.0,0.0,0.0,0.0,0.0,0.0,0.0,0.0,0.0
MOL_04467,CN(C)S(=O)(=O)N(SC(F)(Cl)Cl)c1ccccc1,0.0,,0.0,1.0,,0.0,,,0.0,1.0,1.0,
MOL_04468,CC(C)CO,0.0,0.0,0.0,0.0,0.0,0.0,0.0,0.0,0.0,0.0,0.0,0.0
MOL_04469,CCCCOCCOP(=O)(OCCOCCCC)OCCOCCCC,0.0,0.0,0.0,,0.0,0.0,0.0,,0.0,0.0,0.0,0.0
MOL_04470,Nc1nc(CC(=O)O)cs1,0.0,0.0,,0.0,0.0,0.0,0.0,0.0,0.0,0.0,0.0,0.0
MOL_04471,Nc1nccs1,0.0,0.0,0.0,0.0,0.0,0.0,0.0,0.0,0.0,0.0,,0.0
MOL_04472,CN(C)CCCCl,0.0,0.0,0.0,0.0,,0.0,0.0,0.0,0.0,0.0,0.0,0.0
MOL_04473,Oc1cc(Cl)c(Cl)c(Cl)c1Cl,0.0,,1.0,,,0.0,,,0.0,1.0,1.0,
MOL_04474,Nc1ccc(C(=O)OCC(O)CO)cc1,,,,,,,,0.0,,0.0,,
MOL_04475,COc1cc(C[C@H](C)N)c(OC)cc1C,0.0,0.0,0.0,0.0,0.0,0.0,0.0,,0.0,,,0.0
MOL_04476,Cc1cc(OCCOCC[N+](C)(C)Cc2ccccc2)ccc1C(C)(C)CC(C)(C)C,0.0,,0.0,,,0.0,,1.0,,,1.0,
MOL_04477,[N-]=[N+]=C1C=Cc2c(cccc2S(=O)(=O)[O-])C1=O,0.0,0.0,0.0,0.0,,0.0,0.0,0.0,,0.0,,0.0
MOL_04478,Nc1cc(C(=O)O)ccc1Cl,0.0,0.0,0.0,0.0,0.0,0.0,0.0,0.0,0.0,0.0,0.0,0.0
MOL_04479,COc1ccccc1OCC(O)COC(N)=O,0.0,0.0,0.0,0.0,0.0,0.0,0.0,0.0,0.0,0.0,0.0,0.0
MOL_04480,CC(=O)N=c1sc(S(N)(=O)=O)nn1C,0.0,0.0,0.0,0.0,0.0,0.0,0.0,,0.0,,0.0,0.0
MOL_04481,CCC1(CC)C(=O)NC(=O)N(C)C1=O,0.0,0.0,,0.0,0.0,0.0,0.0,,0.0,,0.0,0.0
MOL_04482,CC[C@@H](CO)NC(=O)[C@@H]1C=C2c3cccc4[nH]cc(c34)C[C@H]2N(C)C1,0.0,0.0,,0.0,0.0,0.0,0.0,0.0,0.0,0.0,0.0,0.0
MOL_04483,CN1C(C)(C)CC(O)CC1(C)C,0.0,0.0,,0.0,0.0,0.0,0.0,0.0,0.0,0.0,0.0,0.0
MOL_04484,CCCCOCCOC(=O)COc1ccc(Cl)cc1Cl,0.0,0.0,0.0,0.0,,0.0,0.0,0.0,0.0,0.0,0.0,0.0
MOL_04485,CCCC/C=C\CCCCCCCCCC=O,0.0,0.0,0.0,0.0,1.0,0.0,0.0,0.0,0.0,0.0,0.0,0.0
MOL_04486,CCCC/C=C/CCCCO,0.0,0.0,0.0,0.0,,0.0,0.0,0.0,0.0,0.0,,0.0
MOL_04487,CCC1(CC)C(=O)N=C([O-])NC1=O,0.0,0.0,0.0,0.0,0.0,0.0,0.0,0.0,0.0,0.0,0.0,0.0
MOL_04488,O=C1CC(=O)NC(=O)N1,0.0,0.0,0.0,0.0,0.0,0.0,0.0,0.0,0.0,0.0,,0.0
MOL_04489,COP(=S)(OC)SCn1nnc2ccccc2c1=O,0.0,0.0,0.0,1.0,0.0,0.0,0.0,1.0,0.0,0.0,0.0,0.0
MOL_04490,c1ccc(N=Nc2ccccc2)cc1,0.0,0.0,0.0,0.0,1.0,0.0,0.0,0.0,0.0,0.0,0.0,0.0
MOL_04491,CC1=C(C(=O)OC(C)C)C(c2cccc([N+](=O)[O-])c2)C(C(=O)OC2CN(C(c3ccccc3)c3ccccc3)C2)=C(N)N1,0.0,,0.0,,,,,1.0,,,,
MOL_04492,[N-]=[N+]=[N-],0.0,0.0,0.0,0.0,0.0,0.0,0.0,0.0,0.0,0.0,0.0,0.0
MOL_04493,Cc1cn([C@H]2C[C@H](N=[N+]=[N-])[C@@H](CO)O2)c(=O)[nH]c1=O,0.0,0.0,0.0,0.0,1.0,0.0,0.0,0.0,0.0,0.0,0.0,0.0
MOL_04494,C/C(=C\c1ccccc1)[N+](=O)[O-],0.0,,0.0,,,0.0,,,,1.0,1.0,
MOL_04495,CCCCN(CCO)CCO,0.0,0.0,,0.0,0.0,0.0,0.0,0.0,0.0,0.0,0.0,0.0
MOL_04496,N#CCc1ccc(Cl)cc1Cl,0.0,0.0,0.0,0.0,0.0,0.0,0.0,0.0,0.0,0.0,0.0,0.0
MOL_04497,C=C1CC[C@H]2C[C@@H]1C2(C)C,0.0,0.0,0.0,0.0,0.0,0.0,0.0,0.0,0.0,0.0,,0.0
MOL_04498,CCOC(=O)Cc1ccccc1,0.0,0.0,0.0,0.0,0.0,0.0,0.0,,0.0,0.0,0.0,0.0
MOL_04499,Cc1cc(O)c(C(C)C)cc1Cl,0.0,,0.0,,,0.0,0.0,0.0,0.0,0.0,1.0,
MOL_04500,O=c1[nH]c2ccc(Cl)cc2o1,0.0,0.0,,0.0,0.0,0.0,0.0,1.0,0.0,0.0,0.0,0.0
MOL_04501,CC1CC(=O)NN=C1c1ccc(NCC(C)(C)NCC(O)COc2cc(Cl)ccc2C#N)cc1,0.0,0.0,1.0,0.0,0.0,0.0,0.0,0.0,0.0,0.0,,0.0
MOL_04502,CC(C)CCC(=O)CCC(C)C,0.0,0.0,1.0,0.0,0.0,0.0,0.0,,0.0,0.0,0.0,0.0
MOL_04503,O=C(O)COc1ccccc1,0.0,0.0,0.0,0.0,0.0,0.0,0.0,0.0,0.0,0.0,0.0,0.0
MOL_04504,c1ccc2nccnc2c1,,0.0,0.0,0.0,0.0,0.0,0.0,0.0,0.0,0.0,0.0,0.0
MOL_04505,O=C1CCN(c2ccccc2)N1,0.0,0.0,,,0.0,0.0,,0.0,0.0,0.0,0.0,0.0
MOL_04506,CC(C)=CCC1=C(O)C(=O)c2ccccc2C1=O,0.0,,1.0,0.0,,,,1.0,0.0,0.0,1.0,1.0
MOL_04507,O=C1c2ccccc2Cc2ccccc21,,0.0,,,1.0,,0.0,0.0,0.0,0.0,1.0,0.0
MOL_04508,C#CCOc1ccc2c(C)cc(=O)oc2c1,1.0,0.0,,,0.0,0.0,0.0,,0.0,,0.0,0.0
MOL_04509,Cc1cc(C)c(NC(=O)CN(CC(=O)O)CC(=O)O)c(C)c1Br,0.0,0.0,0.0,0.0,0.0,0.0,0.0,0.0,0.0,0.0,0.0,0.0
MOL_04510,CC/C=C\CCOC(=O)c1ccccc1O,0.0,0.0,,0.0,0.0,0.0,0.0,0.0,0.0,0.0,0.0,0.0
MOL_04511,CC(=O)OCC(C)C,,0.0,0.0,,,0.0,0.0,0.0,0.0,0.0,0.0,0.0
MOL_04512,CC(C)(O)CCC(C)(C)O,0.0,0.0,0.0,0.0,0.0,0.0,0.0,0.0,0.0,0.0,0.0,0.0
MOL_04513,CCCCCCCCCCCCCC(=O)OC(C)C,0.0,0.0,0.0,0.0,0.0,0.0,0.0,0.0,0.0,0.0,0.0,0.0
MOL_04514,CC(=O)OC1CCCCC1C(C)(C)C,0.0,0.0,0.0,0.0,0.0,0.0,0.0,0.0,0.0,0.0,0.0,0.0
MOL_04515,Cc1oncc1C(=O)Nc1ccc(C(F)(F)F)cc1,0.0,,1.0,,0.0,0.0,0.0,1.0,1.0,1.0,1.0,0.0
MOL_04516,Cc1c(OCC(F)(F)F)ccnc1CS(=O)c1nc2ccccc2[nH]1,0.0,0.0,1.0,,,0.0,0.0,1.0,0.0,0.0,0.0,0.0
MOL_04517,CC(C)CCC[C@@H](C)[C@H]1CC[C@H]2[C@@H]3CC[C@@H]4C[C@H](O)CC[C@]4(C)[C@H]3CC[C@@]21C,0.0,0.0,0.0,0.0,0.0,0.0,0.0,,0.0,,0.0,0.0
MOL_04518,C=C[C@]1(C)C[C@@H](OC(=O)CSCCN(CC)CC)[C@]2(C)C(C)CC[C@]3(CCC(=O)[C@H]32)[C@@H](C)[C@@H]1O,0.0,0.0,,0.0,0.0,0.0,0.0,,0.0,,0.0,0.0
MOL_04519,CO/N=C(\C(=O)N[C@@H]1C(=O)N2C(C(=O)O)=C(CSC(=O)c3ccco3)CS[C@H]12)c1csc(N)n1,0.0,0.0,0.0,0.0,0.0,0.0,0.0,,0.0,,0.0,0.0
MOL_04520,CCCCCCCCCCCCCCCCC(C(=O)O)C(O)(CC(=O)O)C(=O)O,,,,,,,,0.0,,,,
MOL_04521,NC(=O)N[C@@H](CCC(=O)O)C(=O)O,0.0,0.0,,0.0,0.0,0.0,0.0,0.0,0.0,0.0,0.0,0.0
MOL_04522,O=C1CC[C@@H](C(=O)N[C@H]2C[C@@H]2c2ccccc2)N1,0.0,0.0,0.0,0.0,0.0,0.0,0.0,,0.0,,0.0,0.0
MOL_04523,CC(=O)Nc1ccc(OC(C)=O)cc1,0.0,0.0,0.0,0.0,0.0,0.0,0.0,,0.0,,0.0,0.0
MOL_04524,CC1CCCCN1CCCOC(=O)c1ccccc1,0.0,0.0,0.0,0.0,0.0,0.0,0.0,,0.0,,0.0,0.0
MOL_04525,O=C1C(=Cc2cccs2)CCCC1=Cc1cccs1,0.0,0.0,1.0,,1.0,,0.0,,1.0,,,0.0
MOL_04526,C(=Cc1ccncc1)c1ccccc1,0.0,0.0,1.0,1.0,1.0,0.0,0.0,,1.0,,1.0,0.0
MOL_04527,c1ccc2c(c1)Sc1ccccc1N2CCN1CCCC1,0.0,0.0,,0.0,0.0,0.0,,,0.0,,,0.0
MOL_04528,CNC(=O)Oc1ccccc1C(=O)Nc1ccccc1,0.0,,1.0,,,0.0,0.0,,0.0,,1.0,0.0
MOL_04529,CCOC(=O)c1cc(-c2ccccc2)nc2ccc(C)cc12,0.0,0.0,,0.0,0.0,0.0,,,0.0,,,0.0
MOL_04530,OCC1(CO)COC(C(Cl)(Cl)Cl)OC1,0.0,0.0,0.0,0.0,0.0,0.0,0.0,,0.0,,0.0,0.0
MOL_04531,CCCCCCCCCCCC(=O)N(C)CC(=O)O,0.0,0.0,0.0,0.0,,0.0,1.0,1.0,0.0,0.0,0.0,
MOL_04532,ON=CC=NO,0.0,0.0,0.0,0.0,0.0,0.0,0.0,0.0,0.0,0.0,0.0,0.0
MOL_04533,CC(Oc1ccc(Oc2ncc(C(F)(F)F)cc2Cl)cc1)C(=O)O,0.0,,0.0,1.0,,0.0,,,0.0,0.0,,0.0
MOL_04534,CC(C)c1cccc(C(C)C)c1NC(=O)[N-]S(=O)(=O)c1cc(C(C)(C)O)co1,0.0,0.0,0.0,0.0,,0.0,0.0,,0.0,0.0,,0.0
MOL_04535,CCOc1ccc2[nH]cc(C(=O)NCc3ccccc3)c(=O)c2n1,0.0,0.0,1.0,,,0.0,0.0,1.0,0.0,0.0,1.0,0.0
MOL_04536,c1ccc(C(O[C@@H]2CCCN(CCc3ccc4c(c3)OCO4)C2)c2ccccc2)cc1,0.0,0.0,1.0,,,0.0,,,0.0,0.0,,0.0
MOL_04537,COc1ccc(OC(F)(F)F)cc1CN[C@H]1CCCN[C@H]1c1ccccc1,0.0,0.0,0.0,,,0.0,0.0,,0.0,0.0,,0.0
MOL_04538,CCc1nn(C2CCCCC2)c2cc([C@]3(C#N)CC[C@@H](C(=O)O)CC3)ccc12,0.0,0.0,0.0,,0.0,,1.0,1.0,,0.0,,1.0
MOL_04539,O=C(N[C@@H](Cc1ccccc1)[C@@H](O)C(=O)N1C[C@H](O)[C@H](O)C1)c1cc2cc(Cl)ccc2[nH]1,0.0,0.0,0.0,0.0,,0.0,0.0,0.0,0.0,0.0,,0.0
MOL_04540,Clc1cc(Cl)c2c(c1)N=C1CCCCCN1C2,0.0,0.0,,,1.0,0.0,0.0,0.0,0.0,0.0,,0.0
MOL_04541,CN(C(=O)Cc1cccc2occc12)[C@H]1CC[C@@]2(CCCO2)C[C@@H]1N1CCCC1,0.0,0.0,0.0,0.0,0.0,0.0,0.0,0.0,0.0,0.0,0.0,0.0
MOL_04542,CCCCCCCCCCCCCCCCn1cc[n+](C)c1,0.0,,0.0,1.0,,,,1.0,,,,
MOL_04543,CCCCCc1ccc(N)cc1,0.0,0.0,0.0,1.0,0.0,0.0,,0.0,0.0,0.0,0.0,0.0
MOL_04544,O=C(O)c1cc(-c2ccccc2)nc2ccccc12,0.0,,0.0,,0.0,0.0,1.0,0.0,0.0,0.0,0.0,0.0
MOL_04545,Cc1ccc(Cl)cc1Cl,0.0,0.0,0.0,0.0,0.0,0.0,0.0,0.0,0.0,0.0,0.0,0.0
MOL_04546,CC(C)(C)c1ccc(C(=O)O)cc1,0.0,0.0,0.0,0.0,0.0,0.0,0.0,0.0,0.0,0.0,0.0,0.0
MOL_04547,CO[Si](OC)(OC)c1ccccc1,0.0,0.0,0.0,0.0,0.0,0.0,0.0,0.0,0.0,0.0,0.0,0.0
MOL_04548,CCOC(=O)CC(O)(CC(=O)OCC)C(=O)OCC,0.0,0.0,0.0,,0.0,0.0,0.0,,0.0,0.0,,0.0
MOL_04549,CCCCCCc1ccc(N)cc1,0.0,0.0,,,1.0,0.0,,,0.0,0.0,,0.0
MOL_04550,O=C(O)C1C2CCC(O2)C1C(=O)O,0.0,,1.0,0.0,,0.0,0.0,,1.0,0.0,0.0,0.0
MOL_04551,CCOP(=S)(OCC)SCSP(=S)(OCC)OCC,0.0,0.0,1.0,,1.0,0.0,0.0,0.0,0.0,0.0,,0.0
MOL_04552,CCOCCO,0.0,0.0,0.0,0.0,0.0,0.0,0.0,0.0,0.0,0.0,0.0,0.0
MOL_04553,O=P(O)(O)CCCl,0.0,0.0,0.0,0.0,0.0,0.0,0.0,0.0,0.0,0.0,0.0,0.0
MOL_04554,O=P(OCCCl)(OCCCl)OCCCl,0.0,0.0,0.0,0.0,0.0,0.0,0.0,0.0,0.0,0.0,0.0,0.0
MOL_04555,CCCCC(CC)COP(=O)(OCC(CC)CCCC)OCC(CC)CCCC,1.0,1.0,0.0,0.0,0.0,0.0,0.0,0.0,0.0,0.0,0.0,0.0
MOL_04556,O=Cc1ccc(CO)o1,0.0,0.0,0.0,0.0,0.0,0.0,0.0,0.0,0.0,0.0,0.0,0.0
MOL_04557,O=c1cc(-c2ccccc2)oc2ccc3ccccc3c12,,0.0,1.0,1.0,1.0,0.0,0.0,1.0,1.0,0.0,,0.0
MOL_04558,N#CC(Cl)Cl,,,0.0,,0.0,0.0,,1.0,0.0,0.0,0.0,0.0
MOL_04559,Oc1cc(O)c(Cl)cc1Cl,0.0,0.0,,0.0,0.0,0.0,0.0,1.0,0.0,1.0,1.0,
MOL_04560,NC(=O)C(Cl)Cl,0.0,0.0,0.0,0.0,0.0,0.0,0.0,0.0,0.0,0.0,0.0,0.0
MOL_04561,CC(Cl)C(C)Cl,0.0,0.0,0.0,0.0,0.0,0.0,0.0,0.0,0.0,0.0,,0.0
MOL_04562,C[Si](C)(CCCN)O[Si](C)(C)CCCN,0.0,0.0,,0.0,0.0,0.0,0.0,0.0,0.0,0.0,0.0,0.0
MOL_04563,COC(=O)c1ccc(C(=O)OC)c(C(=O)OC)c1,0.0,0.0,0.0,0.0,0.0,0.0,0.0,0.0,0.0,0.0,0.0,0.0
MOL_04564,C=CC(=O)OCCCCO,0.0,0.0,0.0,,0.0,,0.0,1.0,0.0,,0.0,0.0
MOL_04565,CCOC(=O)/C=C(/C)O[AlH3](OC(C)CC)OC(C)CC,0.0,0.0,0.0,0.0,0.0,0.0,0.0,0.0,0.0,0.0,0.0,0.0
MOL_04566,O=CN(CCO)CCO,0.0,0.0,0.0,0.0,0.0,0.0,0.0,0.0,0.0,0.0,0.0,0.0
MOL_04567,C=CC(=O)OCCCCCCCC,0.0,0.0,0.0,0.0,0.0,0.0,0.0,0.0,0.0,0.0,0.0,0.0
MOL_04568,On1nnc2ccccc21,0.0,0.0,0.0,0.0,0.0,0.0,0.0,0.0,0.0,0.0,0.0,0.0
MOL_04569,O=c1n(CCCN2CCN(c3cccc(Cl)c3)CC2)nc2ccccn12,0.0,0.0,0.0,0.0,0.0,0.0,0.0,1.0,0.0,0.0,0.0,0.0
MOL_04570,O=C(COCCOCCOCC(=O)Nc1c(I)cc(I)c(C(=O)O)c1I)Nc1c(I)cc(I)c(C(=O)O)c1I,0.0,0.0,0.0,0.0,0.0,0.0,0.0,0.0,0.0,0.0,0.0,0.0
MOL_04571,O=C(O)Cc1cccc(-c2cc(CCCCCCc3ccc(O[C@H]4O[C@H](CO)[C@@H](O)[C@H](O)[C@@H]4O)c(-c4cccc(CC(=O)O)c4)c3)ccc2O[C@H]2O[C@H](CO)[C@@H](O)[C@H](O)[C@@H]2O)c1,0.0,0.0,0.0,0.0,0.0,0.0,0.0,0.0,0.0,0.0,0.0,0.0
MOL_04572,Cc1ccccc1C(=O)Nc1ccc(C(=O)N2CCCC(O)c3cc(Cl)ccc32)c(C)c1,0.0,0.0,0.0,,0.0,0.0,,0.0,0.0,0.0,1.0,0.0
MOL_04573,C[N+]1(CC2COC(c3ccccc3)(c3ccccc3)O2)CCCCC1,0.0,0.0,0.0,0.0,0.0,0.0,0.0,0.0,0.0,0.0,0.0,0.0
MOL_04574,O=C(CCCCCCCCC#CI)Oc1ccccc1,0.0,0.0,0.0,0.0,0.0,0.0,,0.0,0.0,0.0,,0.0
MOL_04575,O=P(O)(O)C(O)(Cc1cnc2ccccn12)P(=O)(O)O,0.0,0.0,0.0,0.0,0.0,0.0,0.0,,0.0,,0.0,0.0
MOL_04576,O=C(CCC1CCN(Cc2ccccc2)CC1)c1ccc2c(c1)NCCCC2,0.0,0.0,1.0,,,0.0,0.0,1.0,0.0,0.0,0.0,0.0
MOL_04577,CCCCNc1ccc(C(=O)OCC[NH+](CC)CC)cc1,0.0,0.0,1.0,0.0,0.0,0.0,0.0,0.0,0.0,0.0,0.0,0.0
MOL_04578,CCOC(=O)c1ncn2c1CN(C)C(=O)c1c(I)cccc1-2,0.0,0.0,0.0,0.0,0.0,0.0,0.0,0.0,0.0,0.0,,0.0
MOL_04579,Cc1cccc(C)c1N(CCCc1cccnc1)C(=O)C(C)N,0.0,0.0,0.0,1.0,0.0,0.0,0.0,,0.0,,0.0,0.0
MOL_04580,CCc1ccc(C(=O)C(C)CN2CCCCC2)cc1,0.0,0.0,0.0,,0.0,0.0,0.0,1.0,0.0,0.0,0.0,0.0
MOL_04581,[2H]C([2H])([2H])[C@H](N)Cc1ccccc1.[2H]C([2H])([2H])[C@H](N)Cc1ccccc1,0.0,0.0,0.0,0.0,0.0,0.0,0.0,,0.0,,0.0,0.0
MOL_04582,NC1CCN(c2nc3c(cc2F)c(=O)c(C(=O)O)cn3-c2ccc(F)cc2F)C1,0.0,1.0,,0.0,0.0,0.0,,1.0,0.0,0.0,0.0,0.0
MOL_04583,CCOC(=O)C1(c2ccccc2)CCN(CCC(C#N)(c2ccccc2)c2ccccc2)CC1,0.0,1.0,0.0,0.0,,1.0,,1.0,0.0,0.0,1.0,1.0
MOL_04584,C#CCN[C@@H]1CCc2ccccc21,0.0,0.0,0.0,0.0,0.0,0.0,0.0,0.0,0.0,0.0,0.0,0.0
MOL_04585,Nc1ccn([C@@H]2O[C@H](CO)[C@@H](O)C2(F)F)c(=O)n1,0.0,0.0,0.0,0.0,0.0,0.0,,0.0,0.0,0.0,0.0,1.0
MOL_04586,Cc1ncc2n1-c1ccc(Cl)cc1C(c1ccccc1F)=NC2,0.0,0.0,,,,0.0,0.0,,1.0,0.0,,0.0
MOL_04587,C=CCN1CC[C@]23c4c5ccc(O)c4O[C@H]2[C@@H](O)C=C[C@H]3[C@H]1C5,0.0,0.0,0.0,0.0,0.0,0.0,0.0,,0.0,,0.0,0.0
MOL_04588,O=C(OCCN1CCCCC1)C(O)(c1ccccc1)c1ccccc1,0.0,0.0,0.0,0.0,0.0,0.0,0.0,,0.0,,0.0,0.0
MOL_04589,CC(=O)c1ccc2c(c1)N(CCCN1CCN(CCO)CC1)c1ccccc1S2,0.0,0.0,1.0,,,,,,0.0,,,0.0
MOL_04590,CN(C)C,0.0,0.0,0.0,0.0,0.0,0.0,0.0,0.0,0.0,0.0,0.0,0.0
MOL_04591,CCCC(=O)c1cc(O)c(O)cc1O,0.0,0.0,,0.0,0.0,0.0,0.0,,0.0,1.0,,0.0
MOL_04592,Oc1cccc2cc3cccc(O)c3c(O)c12,0.0,0.0,0.0,0.0,0.0,0.0,0.0,0.0,0.0,,1.0,0.0
MOL_04593,CC=C(Cl)Cl,0.0,0.0,0.0,0.0,0.0,,0.0,0.0,0.0,0.0,0.0,0.0
MOL_04594,O=C(O)c1ccc2c(c1)C(=O)OC2=O,0.0,0.0,0.0,0.0,0.0,0.0,0.0,0.0,0.0,0.0,0.0,0.0
MOL_04595,CC(C)Cc1ccc(C(C)C(=O)OCc2ccccn2)cc1,,,,,,,,0.0,,0.0,,
MOL_04596,C1=CC2C3C=CC(C3)C2C1,0.0,0.0,0.0,0.0,0.0,0.0,0.0,0.0,0.0,0.0,0.0,0.0
MOL_04597,O=C(OC1CCCCC1)c1ccccc1C(=O)OC1CCCCC1,0.0,0.0,0.0,,0.0,0.0,,,0.0,0.0,1.0,0.0
MOL_04598,CC1(C)[C@H]2CC[C@]1(C)[C@H](O)C2,0.0,0.0,0.0,0.0,0.0,0.0,0.0,0.0,0.0,0.0,0.0,0.0
MOL_04599,C=CC(N)=O,0.0,0.0,0.0,0.0,0.0,0.0,0.0,0.0,0.0,0.0,0.0,0.0
MOL_04600,C=CC(OCC)OCC,,0.0,,,,0.0,0.0,,0.0,0.0,,0.0
MOL_04601,O=C(O)c1cc(Oc2ccc(C(F)(F)F)cc2Cl)ccc1[N+](=O)[O-],0.0,,0.0,1.0,0.0,0.0,0.0,0.0,0.0,0.0,0.0,0.0
MOL_04602,C=CC=O,0.0,0.0,0.0,0.0,0.0,0.0,0.0,1.0,0.0,0.0,0.0,0.0
MOL_04603,CC(=O)Nc1ccc(CC(=O)O)cc1,0.0,0.0,0.0,0.0,0.0,0.0,0.0,0.0,0.0,0.0,0.0,0.0
MOL_04604,CC(=O)N[C@@H](CS)C(=O)O,0.0,0.0,0.0,0.0,0.0,0.0,0.0,,0.0,0.0,0.0,0.0
MOL_04605,C=CC#N,0.0,0.0,0.0,0.0,0.0,0.0,0.0,0.0,0.0,0.0,0.0,0.0
MOL_04606,c1ccc(NNc2ccccc2)cc1,0.0,0.0,,0.0,1.0,0.0,0.0,0.0,0.0,0.0,0.0,0.0
MOL_04607,NS(=O)(=O)c1cc2c(cc1Cl)NCNS2(=O)=O,0.0,0.0,0.0,0.0,0.0,0.0,0.0,0.0,0.0,0.0,0.0,0.0
MOL_04608,C[C@]12C[C@H](O)[C@H]3[C@@H](CCC4=CC(=O)CC[C@@]43C)[C@@H]1CC[C@]2(O)C(=O)CO,1.0,1.0,0.0,,1.0,0.0,0.0,0.0,0.0,0.0,0.0,0.0
MOL_04609,Oc1ccc(OCc2ccccc2)cc1,0.0,0.0,,,1.0,1.0,,1.0,1.0,0.0,1.0,1.0
MOL_04610,Oc1ccc(O)cc1,0.0,0.0,1.0,0.0,0.0,0.0,0.0,1.0,0.0,0.0,0.0,
MOL_04611,[Zn+2],0.0,0.0,0.0,0.0,0.0,0.0,0.0,0.0,0.0,0.0,0.0,0.0
MOL_04612,CC[C@@H]1C=C(C)C[C@H](C)C[C@H](OC)[C@H]2O[C@@](O)(C(=O)C(=O)N3CCCC[C@H]3C(=O)O[C@H](/C(C)=C/[C@@H]3CC[C@@H](Cl)[C@H](OC)C3)[C@H](C)[C@@H](O)CC1=O)[C@H](C)C[C@@H]2OC,0.0,0.0,0.0,0.0,1.0,1.0,0.0,,0.0,,0.0,0.0
MOL_04613,CCOCCOC(=O)C=Cc1ccc(OC)cc1,,,,,,,,,,0.0,,
MOL_04614,CC(C)(C)C(O)(CCc1ccc(Cl)cc1)Cn1cncn1,0.0,0.0,0.0,1.0,0.0,0.0,0.0,0.0,0.0,0.0,1.0,0.0
MOL_04615,O=C(O)c1cccnc1Nc1cccc(C(F)(F)F)c1,0.0,,0.0,,0.0,0.0,,,0.0,0.0,1.0,0.0
MOL_04616,O=[N+]([O-])/N=C1\NCCN1Cc1ccc(Cl)nc1,0.0,0.0,0.0,0.0,0.0,0.0,0.0,0.0,0.0,0.0,0.0,0.0
MOL_04617,OC(c1ccccc1)(c1ccccc1)C1CCNCC1,0.0,0.0,0.0,0.0,0.0,0.0,0.0,0.0,0.0,0.0,0.0,0.0
MOL_04618,O=C(O)CCC(=O)Nc1ccc(S(=O)(=O)Nc2nccs2)cc1,0.0,0.0,0.0,0.0,0.0,0.0,0.0,0.0,0.0,0.0,0.0,0.0
MOL_04619,C=CCOC(=O)/C=C\C(=O)OCC=C,0.0,0.0,0.0,,0.0,0.0,0.0,1.0,0.0,,0.0,0.0
MOL_04620,Nc1ccc(S(=O)(=O)NC(=O)c2ccccc2)cc1,0.0,0.0,0.0,0.0,0.0,0.0,0.0,0.0,0.0,0.0,0.0,0.0
MOL_04621,CC(C)c1cccc(C(C)C)c1,0.0,0.0,0.0,0.0,0.0,0.0,0.0,0.0,0.0,0.0,,0.0
MOL_04622,O=C(Cl)c1cccc(C(=O)Cl)c1,0.0,0.0,0.0,0.0,0.0,0.0,0.0,0.0,0.0,0.0,0.0,0.0
MOL_04623,O=C(O)c1ccc(O)cc1,0.0,0.0,0.0,0.0,0.0,0.0,0.0,0.0,0.0,0.0,0.0,0.0
MOL_04624,Cc1ccc(C(C)C)cc1,0.0,0.0,0.0,0.0,0.0,0.0,0.0,0.0,0.0,0.0,0.0,0.0
MOL_04625,CS(=O)(=O)CCNCc1ccc(-c2ccc3ncnc(Nc4ccc(OCc5cccc(F)c5)c(Cl)c4)c3c2)o1,,,,,,,,1.0,,1.0,,
MOL_04626,O=C(O)c1cc(-c2ccc(F)cc2F)ccc1O,0.0,,0.0,0.0,0.0,0.0,,,0.0,0.0,,0.0
MOL_04627,C[SiH](C)O[Si](C)(C)O[Si](C)(C)O[SiH](C)C,0.0,0.0,0.0,,0.0,0.0,0.0,0.0,0.0,0.0,0.0,0.0
MOL_04628,C[C@H]1O[C@@H](O[C@H]2[C@@H](O)C[C@H](O[C@H]3[C@@H](O)C[C@H](O[C@H]4CC[C@]5(C)[C@H]6CC[C@]7(C)[C@@H](C8=CC(=O)OC8)CC[C@]7(O)[C@@H]6CC[C@@H]5C4)O[C@@H]3C)O[C@@H]2C)C[C@H](O)[C@@H]1O,,1.0,0.0,,,0.0,,,,0.0,1.0,1.0
MOL_04629,COC(C(=O)O)c1ccccc1,0.0,0.0,0.0,0.0,0.0,0.0,0.0,0.0,0.0,0.0,0.0,0.0
MOL_04630,O=C(O)C(Br)Br,0.0,0.0,0.0,0.0,0.0,0.0,0.0,1.0,0.0,0.0,0.0,0.0
MOL_04631,COc1ccc(C(c2ccc(OC)cc2)C(Cl)(Cl)Cl)cc1,0.0,0.0,0.0,,1.0,,0.0,0.0,0.0,,1.0,
MOL_04632,COc1cccc(O)c1O,0.0,,1.0,,0.0,1.0,1.0,1.0,1.0,1.0,0.0,0.0
MOL_04633,COc1cc2c(cc1N)oc1ccccc12,0.0,0.0,1.0,,1.0,0.0,0.0,0.0,0.0,1.0,1.0,0.0
MOL_04634,CN(Cc1cnc2nc(N)nc(N)c2n1)c1ccc(C(=O)N[C@@H](CCC(=O)O)C(=O)O)cc1,0.0,0.0,0.0,0.0,0.0,0.0,,,0.0,0.0,0.0,1.0
MOL_04635,Cn1cc[nH]c1=S,0.0,0.0,0.0,0.0,0.0,0.0,0.0,0.0,0.0,1.0,0.0,0.0
MOL_04636,CC(=O)Oc1ccccc1C(=O)Nc1ncc([N+](=O)[O-])s1,0.0,,1.0,,1.0,0.0,0.0,0.0,1.0,1.0,1.0,1.0
MOL_04637,CC(=O)Nc1c(I)cc(I)c(C(=O)O)c1I,0.0,0.0,0.0,0.0,0.0,0.0,0.0,0.0,0.0,0.0,0.0,0.0
MOL_04638,CCn1cc(C(=O)O)c(=O)c2cc(F)c(N3CCNCC3)cc21,0.0,0.0,0.0,0.0,0.0,0.0,0.0,0.0,0.0,0.0,0.0,0.0
MOL_04639,CC=CC=O,0.0,0.0,0.0,0.0,0.0,0.0,0.0,0.0,0.0,0.0,,0.0
MOL_04640,CC(C)[C@@H](C)/C=C/[C@@H](C)[C@H]1CC[C@H]2/C(=C/C=C3\C[C@@H](O)CC[C@@H]3C)CCC[C@@]21C,0.0,0.0,0.0,0.0,0.0,0.0,0.0,,,,1.0,0.0
MOL_04641,CN(C)c1ccc(C2(c3ccc(N(C)C)cc3)OC(=O)c3cc(N(C)C)ccc32)cc1,0.0,1.0,0.0,0.0,0.0,1.0,,,0.0,,1.0,1.0
MOL_04642,Cc1ccc(OP(=O)(Oc2ccccc2)Oc2ccccc2)cc1,0.0,0.0,1.0,0.0,1.0,0.0,0.0,,0.0,0.0,1.0,0.0
MOL_04643,Cc1ccccc1OCC1CO1,0.0,0.0,0.0,0.0,0.0,0.0,,0.0,0.0,0.0,,0.0
MOL_04644,CC(C)(OO)c1ccccc1,0.0,0.0,0.0,0.0,0.0,0.0,0.0,,0.0,1.0,0.0,0.0
MOL_04645,CCN(CC)CCN1C(=O)CN=C(c2ccccc2F)c2cc(Cl)ccc21,0.0,0.0,,0.0,0.0,0.0,0.0,0.0,0.0,0.0,,0.0
MOL_04646,CC(CN1c2ccccc2Sc2ccc(S(=O)(=O)N(C)C)cc21)N(C)C,0.0,0.0,0.0,,0.0,0.0,0.0,,0.0,,,0.0
MOL_04647,O=C([O-])P(=O)([O-])[O-],0.0,0.0,0.0,0.0,1.0,1.0,0.0,0.0,0.0,0.0,0.0,0.0
MOL_04648,CC1(C)S[C@@H]2[C@H](NC(=O)[C@H](N)c3ccccc3)C(=O)N2[C@H]1C(=O)O,0.0,0.0,0.0,0.0,0.0,0.0,0.0,0.0,0.0,0.0,0.0,0.0
MOL_04649,CCCCO[AlH3](OCCCC)OCCCC,0.0,0.0,0.0,0.0,0.0,0.0,0.0,0.0,0.0,0.0,0.0,0.0
MOL_04650,C=CS(=O)(=O)[O-],0.0,0.0,0.0,0.0,0.0,0.0,0.0,0.0,0.0,0.0,0.0,0.0
MOL_04651,CN(C)CCOCCN(C)C,0.0,0.0,0.0,0.0,0.0,0.0,0.0,0.0,0.0,0.0,0.0,0.0
MOL_04652,C1=CCC2CC=CC2C1,0.0,0.0,0.0,0.0,0.0,0.0,0.0,,0.0,0.0,,0.0
MOL_04653,O=C(Oc1cccc2cccnc12)c1ccccc1,0.0,0.0,,,,0.0,,1.0,0.0,1.0,,0.0
MOL_04654,CC1(C)CC(O)CC(C)(C)N1[O],0.0,0.0,0.0,0.0,0.0,0.0,0.0,0.0,0.0,0.0,0.0,0.0
MOL_04655,CC(C)(C#N)Nc1nc(Cl)nc(NC2CC2)n1,0.0,0.0,,0.0,0.0,0.0,0.0,0.0,0.0,0.0,0.0,0.0
MOL_04656,CC(C)CN(C[C@@H](O)[C@H](Cc1ccccc1)NC(=O)O[C@@H]1CCOC1)S(=O)(=O)c1ccc(N)cc1,0.0,0.0,0.0,0.0,,0.0,0.0,,0.0,,0.0,0.0
MOL_04657,CCOc1ccc(C(=O)OCCN(CC)CC)cc1,0.0,0.0,0.0,0.0,0.0,0.0,0.0,0.0,0.0,0.0,,0.0
MOL_04658,COC(=O)[C@H]1[C@H](OC(=O)c2ccccc2)C[C@@H]2CC[C@H]1N2C,0.0,0.0,0.0,0.0,0.0,0.0,0.0,,0.0,,0.0,0.0
MOL_04659,CCCOC(=O)NCCCN(C)C,0.0,0.0,0.0,0.0,0.0,0.0,0.0,0.0,0.0,0.0,0.0,0.0
MOL_04660,C[C@]12C[C@H](O)[C@H]3[C@@H](C[C@H](F)C4=CC(=O)C=C[C@@]43C)[C@@H]1CC[C@]2(O)C(=O)CO,1.0,1.0,0.0,,,0.0,0.0,0.0,0.0,0.0,0.0,0.0
MOL_04661,Nc1ccc(C(=O)[O-])c(O)c1,0.0,0.0,0.0,0.0,0.0,0.0,0.0,0.0,0.0,0.0,0.0,0.0
MOL_04662,C1CCC(SSC2CCCCC2)CC1,0.0,0.0,0.0,0.0,0.0,0.0,0.0,0.0,0.0,0.0,0.0,0.0
MOL_04663,CCCCCCCCCC(C)C=O,0.0,0.0,0.0,,0.0,0.0,1.0,,0.0,,0.0,0.0
MOL_04664,CC(=O)c1nccs1,0.0,0.0,1.0,0.0,1.0,0.0,0.0,0.0,0.0,0.0,0.0,0.0
MOL_04665,C=CCCCCCCCCC(=O)OCCCC,0.0,0.0,0.0,0.0,0.0,0.0,0.0,0.0,0.0,0.0,0.0,0.0
MOL_04666,O=C1CCCCCCCCCCCCCCCO1,0.0,0.0,0.0,,0.0,0.0,0.0,0.0,0.0,,0.0,0.0
MOL_04667,CCCCCCOC(=O)CCCCCCCC(=O)OCCCCCC,0.0,0.0,,0.0,0.0,0.0,0.0,0.0,0.0,0.0,0.0,0.0
MOL_04668,CCCCCCCCCCCCCCCC[N+](C)(C)CC,0.0,,0.0,1.0,,0.0,,1.0,,,1.0,
MOL_04669,C[C@]12C(=O)OC(=O)[C@@]1(C)C1CCC2O1,0.0,,,,,0.0,1.0,,1.0,0.0,1.0,1.0
MOL_04670,CCNC(=O)C(C)OC(=O)Nc1ccccc1,0.0,0.0,0.0,0.0,0.0,0.0,0.0,0.0,0.0,0.0,0.0,0.0
MOL_04671,C[C@@H]1OC(=O)C[C@H](O)C[C@H](O)CC[C@@H](O)[C@H](O)C[C@H](O)C[C@]2(O)C[C@H](O)[C@@H](C(=O)O)[C@H](C[C@@H](O[C@@H]3O[C@H](C)[C@@H](O)[C@H](N)[C@@H]3O)C=CC=CC=CC=CC=CC=CC=C[C@H](C)[C@@H](O)[C@H]1C)O2,0.0,,0.0,0.0,,0.0,,1.0,0.0,,0.0,0.0
MOL_04672,NC(=O)C(=O)NN=Cc1ccc([N+](=O)[O-])o1,,,,,,,,1.0,,,,
MOL_04673,CC(=O)N/N=C/c1ccc([N+](=O)[O-])o1,,,,,,,,1.0,,,,
MOL_04674,Cc1ncc(C[n+]2csc(CCOP(=O)(O)O)c2C)c(N)n1,0.0,0.0,0.0,0.0,0.0,0.0,0.0,,0.0,,0.0,0.0
MOL_04675,Cc1c(C)c2c(c(C)c1OC(=O)c1cccnc1)CC[C@@](C)(CCC[C@H](C)CCC[C@H](C)CCCC(C)C)O2,0.0,0.0,0.0,0.0,0.0,0.0,,0.0,0.0,0.0,,0.0
MOL_04676,Cc1ccc(S(=O)(=O)NC(=O)NC2CCCC2)cc1,0.0,0.0,0.0,0.0,0.0,0.0,0.0,0.0,0.0,0.0,0.0,0.0
MOL_04677,Cc1ccc(S(=O)(=O)NC(=O)NC2CCCCCCC2)cc1,0.0,0.0,0.0,0.0,0.0,0.0,0.0,0.0,0.0,0.0,0.0,0.0
MOL_04678,NC(=S)N/N=C/c1cccnc1,0.0,0.0,0.0,0.0,0.0,0.0,0.0,0.0,0.0,0.0,0.0,0.0
MOL_04679,CC(=O)Nc1ncc([N+](=O)[O-])s1,0.0,0.0,0.0,0.0,0.0,0.0,0.0,0.0,0.0,0.0,,0.0
MOL_04680,Cc1cc(NS(=O)(=O)c2ccc(N)cc2)nc(C)n1,0.0,0.0,0.0,0.0,0.0,0.0,0.0,0.0,0.0,0.0,0.0,0.0
MOL_04681,OC1CCCC1,0.0,0.0,0.0,0.0,0.0,0.0,0.0,0.0,0.0,0.0,0.0,0.0
MOL_04682,CC(=O)OCC(=O)[C@@]1(O)CC[C@H]2[C@@H]3CCC4=CC(=O)CC[C@]4(C)[C@H]3C(=O)C[C@@]21C,0.0,1.0,0.0,0.0,0.0,0.0,0.0,0.0,0.0,0.0,0.0,0.0
MOL_04683,CN1CCN(C2=Nc3ccccc3Sc3ccc(Cl)cc32)CC1,0.0,0.0,,0.0,0.0,0.0,,0.0,0.0,0.0,,0.0
MOL_04684,CC(C)(N)Cc1ccccc1Cl,,,,,,,,0.0,,0.0,,
MOL_04685,C[C@]12CC(=O)[C@H]3[C@@H](CCC4=CC(=O)CC[C@@]43C)[C@@H]1CC[C@]2(O)C(=O)CO,1.0,1.0,0.0,0.0,0.0,0.0,0.0,0.0,0.0,0.0,0.0,0.0
MOL_04686,CN1CCN(C2=Nc3cc(Cl)ccc3Nc3ccccc32)CC1,0.0,0.0,0.0,0.0,,0.0,,,0.0,0.0,,0.0
MOL_04687,O=C1CN2CCOC2(c2ccccc2Cl)c2cc(Cl)ccc2N1,,,,,,,,0.0,,0.0,,
MOL_04688,O=C(O)c1cc(O)c2c(c1)C(=O)c1cccc(O)c1C2=O,0.0,,,0.0,1.0,0.0,0.0,1.0,0.0,0.0,1.0,
MOL_04689,O=c1nc([O-])n(Cl)c(=O)n1Cl,0.0,0.0,0.0,0.0,0.0,0.0,0.0,0.0,0.0,0.0,0.0,0.0
MOL_04690,CCCCN(CCCC)c1ccc(C(=O)c2ccccc2C(=O)O)c(O)c1,0.0,0.0,0.0,0.0,,0.0,,1.0,0.0,,1.0,
MOL_04691,CC(C(=O)O)c1ccc2c(c1)[nH]c1ccc(Cl)cc12,0.0,0.0,0.0,0.0,0.0,0.0,0.0,,0.0,0.0,0.0,0.0
MOL_04692,COC(=O)c1ccc(C=O)cc1,0.0,0.0,0.0,0.0,0.0,0.0,0.0,0.0,0.0,0.0,0.0,0.0
MOL_04693,Cc1ccco1,0.0,0.0,0.0,0.0,0.0,0.0,0.0,1.0,0.0,0.0,0.0,0.0
MOL_04694,CC(C#N)CCC#N,0.0,0.0,0.0,0.0,0.0,0.0,0.0,0.0,0.0,0.0,0.0,0.0
MOL_04695,CC(=O)N[C@@H](CC(C)C)C(=O)O,0.0,0.0,0.0,0.0,,0.0,0.0,0.0,0.0,0.0,0.0,0.0
MOL_04696,C[C@H]1O[C@@H](O[C@H]2[C@@H](O)C[C@H](O[C@H]3[C@@H](O)C[C@H](O[C@H]4CC[C@]5(C)[C@H]6C[C@@H](O)[C@]7(C)[C@@H](C8=CC(=O)OC8)CC[C@]7(O)[C@@H]6CC[C@@H]5C4)O[C@@H]3C)O[C@@H]2C)C[C@H](O)[C@@H]1O,,1.0,0.0,1.0,1.0,1.0,,,,0.0,1.0,1.0
MOL_04697,NNc1nnc(NN)c2ccccc12,,,,,,,,0.0,,0.0,,
MOL_04698,Cc1c[nH]cn1,0.0,0.0,0.0,0.0,0.0,0.0,0.0,0.0,0.0,0.0,0.0,0.0
MOL_04699,CCCCCC(O)/C=C/C=O,0.0,0.0,0.0,0.0,0.0,0.0,0.0,,0.0,,0.0,0.0
MOL_04700,Cn1c(=O)c2c(ncn2C)n(C)c1=O.O=C(O)CC(O)(CC(=O)O)C(=O)O,0.0,0.0,0.0,0.0,0.0,0.0,0.0,0.0,0.0,0.0,0.0,0.0
MOL_04701,CCN1CCN(C(=O)N[C@@H](C(=O)N[C@@H]2C(=O)N3C(C(=O)[O-])=C(CSc4nnnn4C)CS[C@H]23)c2ccc(O)cc2)C(=O)C1=O,,,,,,,,0.0,,0.0,,
MOL_04702,CC(CCc1ccccc1)NCC(O)c1ccc(O)c(C(N)=O)c1,0.0,0.0,0.0,0.0,0.0,0.0,0.0,,0.0,,0.0,0.0
MOL_04703,Cn1c([N+](=O)[O-])cnc1COC(N)=O,0.0,0.0,0.0,0.0,0.0,0.0,0.0,0.0,0.0,0.0,0.0,0.0
MOL_04704,OC(c1ccc(F)cc1)(c1cncnc1)c1ccccc1Cl,0.0,0.0,,1.0,,1.0,0.0,0.0,0.0,0.0,0.0,0.0
MOL_04705,c1cc(OCC2CO2)ccc1Cc1ccc(OCC2CO2)cc1,0.0,0.0,0.0,,0.0,0.0,,1.0,0.0,,0.0,1.0
MOL_04706,Oc1ccccc1[Hg]Cl,0.0,1.0,,,,1.0,,,,,,
MOL_04707,C[C@@H]1O[C@@H]1P(=O)([O-])[O-],0.0,0.0,0.0,0.0,1.0,0.0,0.0,,0.0,,0.0,0.0
MOL_04708,COc1c(N2CCNC(C)C2)c(F)cc2c(=O)c(C(=O)O)cn(C3CC3)c12,0.0,0.0,0.0,0.0,1.0,0.0,0.0,0.0,0.0,0.0,0.0,0.0
MOL_04709,COC(=O)c1cncn1C(C)c1ccccc1,0.0,0.0,0.0,0.0,0.0,0.0,0.0,0.0,0.0,0.0,0.0,0.0
MOL_04710,COc1cc(NCCCC(C)N)c2ncccc2c1,0.0,0.0,1.0,,,0.0,0.0,,,,,1.0
MOL_04711,N[C@H]1[C@@H]2CN(c3nc4c(cc3F)c(=O)c(C(=O)O)cn4-c3ccc(F)cc3F)C[C@H]12,0.0,1.0,0.0,1.0,,,1.0,1.0,0.0,0.0,,1.0
MOL_04712,c1ccc(-c2nc[nH]c2-c2ccccc2)cc1,0.0,0.0,0.0,0.0,0.0,0.0,0.0,,0.0,0.0,,1.0
MOL_04713,NC(=O)N1c2ccccc2CC(=O)c2ccccc21,0.0,0.0,,0.0,0.0,0.0,0.0,0.0,0.0,0.0,0.0,0.0
MOL_04714,CCN(CC)CC(=O)Nc1c(C)cc(C)cc1C,0.0,0.0,0.0,,0.0,0.0,0.0,0.0,0.0,0.0,0.0,0.0
MOL_04715,CC(=O)NCCCCCC(=O)O,0.0,0.0,,0.0,0.0,0.0,0.0,0.0,0.0,0.0,0.0,0.0
MOL_04716,O=C(O)c1cc(=O)c2ccccc2o1,0.0,0.0,0.0,0.0,0.0,0.0,0.0,,0.0,0.0,0.0,0.0
MOL_04717,CN1CCN(c2c(F)cc3c(=O)c(C(=O)O)cn4c3c2SCC4)CC1,0.0,0.0,0.0,0.0,0.0,0.0,0.0,0.0,0.0,0.0,0.0,0.0
MOL_04718,CNC(=O)OCc1cccc(COC(=O)NC)n1,0.0,0.0,0.0,0.0,0.0,0.0,0.0,,0.0,,0.0,0.0
MOL_04719,O=C(O)CCCCCCCCCCCBr,0.0,,0.0,,0.0,0.0,,,0.0,0.0,,0.0
MOL_04720,C=C1C(=O)O[C@H]2[C@H]1CCC(C)=CCC[C@@]1(C)O[C@@H]21,0.0,1.0,,,,,,,,,0.0,1.0
MOL_04721,C=C1/C(=C\C=C2/CCC[C@@]3(C)[C@H]2CC[C@@H]3[C@H](C)/C=C/[C@H](C)C(C)C)C[C@@H](O)C[C@@H]1O,0.0,0.0,0.0,,0.0,0.0,,,0.0,,0.0,
MOL_04722,CCCN(CC)CC1COC2(CCC(C(C)(C)C)CC2)O1,0.0,0.0,0.0,0.0,0.0,0.0,0.0,0.0,0.0,0.0,,0.0
MOL_04723,CCCN(CCC)c1c([N+](=O)[O-])cc(C(F)(F)F)c(N)c1[N+](=O)[O-],0.0,,,,,,,,0.0,,1.0,
MOL_04724,COc1cccc2c1[C@@H]1CN(CCCCn3c(=O)[nH]c4c(sc5ncc(-c6ccccc6)nc54)c3=O)C[C@@H]1CO2,0.0,,0.0,,,0.0,,,,,1.0,
MOL_04725,C[C@@H]1C[C@H]2C3C[C@H](F)C4=CC(=O)C=CC4(C)[C@@]3(F)[C@@H](O)CC2(C)[C@@]1(O)C(=O)COC(=O)C(C)(C)C,1.0,1.0,,,0.0,0.0,0.0,,0.0,,1.0,0.0
MOL_04726,COc1ccc(C(=O)Nc2ccccc2CCC2CCCCN2C)cc1,0.0,0.0,0.0,0.0,,0.0,0.0,,0.0,,0.0,0.0
MOL_04727,CC(C)C(=O)c1c(C(C)C)nn2ccccc12,0.0,0.0,0.0,0.0,0.0,0.0,0.0,0.0,0.0,0.0,0.0,0.0
MOL_04728,C[C@]12C[C@H](O)[C@H]3[C@@H](CCC4=CC(=O)CC[C@@]43C)[C@@H]1CC[C@]2(O)C(=O)COC(=O)CCC(=O)[O-],,,,,,,,0.0,,0.0,,
MOL_04729,CCNC(=O)[C@@H]1CCCN1C(=O)[C@H](CCCNC(=N)N)NC(=O)[C@H](CC(C)C)NC(=O)[C@@H](CC(C)C)NC(=O)[C@H](Cc1ccc(O)cc1)NC(=O)[C@H](CO)NC(=O)[C@H](Cc1c[nH]c2ccccc12)NC(=O)[C@H](Cc1cnc[nH]1)NC(=O)[C@@H]1CCC(=O)N1,0.0,0.0,0.0,0.0,0.0,0.0,0.0,,0.0,,0.0,0.0
MOL_04730,CCCCCCCCCCCCCCCCSCC(COC)COP(=O)([O-])OCC[N+](C)(C)C,0.0,0.0,0.0,0.0,0.0,0.0,0.0,,0.0,,,0.0
MOL_04731,C[C@@H]1[C@@H]2Cc3ccc(O)cc3[C@@]1(C)CCN2CC1CC1,0.0,,0.0,0.0,0.0,0.0,0.0,,0.0,,0.0,0.0
MOL_04732,CCN(CC)CCn1c(=O)c(Cc2ccc(OC)cc2)nc2ccccc21,0.0,0.0,0.0,0.0,0.0,0.0,0.0,,0.0,,0.0,0.0
MOL_04733,C=C(C)C(=O)OCCCC,,0.0,,,0.0,0.0,0.0,0.0,0.0,0.0,0.0,0.0
MOL_04734,CC(C)(C)OCC1CO1,,0.0,0.0,0.0,0.0,0.0,0.0,0.0,0.0,0.0,0.0,0.0
MOL_04735,CCCCOCC1CO1,0.0,0.0,0.0,0.0,0.0,0.0,0.0,0.0,0.0,0.0,0.0,0.0
MOL_04736,CC(C)(C)OC=O,0.0,0.0,0.0,0.0,0.0,0.0,0.0,0.0,0.0,0.0,,0.0
MOL_04737,CCCCn1cc[n+](C)c1C.O=S(=O)([O-])C(F)(F)F,0.0,0.0,0.0,0.0,0.0,0.0,0.0,,0.0,0.0,0.0,0.0
MOL_04738,CC(C)(C)OOC(=O)c1ccccc1,0.0,0.0,0.0,0.0,0.0,0.0,0.0,0.0,0.0,0.0,0.0,0.0
MOL_04739,O=C1[N-]C(=O)c2ccccc21,0.0,0.0,0.0,0.0,0.0,0.0,0.0,0.0,0.0,0.0,0.0,0.0
MOL_04740,C=C[Si](OCCOC)(OCCOC)OCCOC,0.0,0.0,0.0,0.0,0.0,0.0,0.0,0.0,0.0,0.0,0.0,0.0
MOL_04741,CCCCCCCCCCCl,0.0,0.0,0.0,0.0,0.0,0.0,0.0,0.0,0.0,0.0,0.0,0.0
MOL_04742,CC(C)[N+](C)(CCOC(=O)C1c2ccccc2Oc2ccccc21)C(C)C,0.0,0.0,0.0,0.0,0.0,0.0,1.0,0.0,0.0,0.0,0.0,0.0
MOL_04743,CCCN(CCC)C(=O)C(CCC(=O)O)NC(=O)c1ccccc1,0.0,0.0,0.0,0.0,0.0,0.0,0.0,0.0,0.0,0.0,0.0,0.0
MOL_04744,CCC1(c2ccccc2)C(=O)NCNC1=O,0.0,0.0,0.0,0.0,0.0,0.0,0.0,0.0,0.0,0.0,0.0,0.0
MOL_04745,CCC(C)(C)OC,0.0,0.0,0.0,0.0,1.0,,0.0,0.0,0.0,0.0,0.0,0.0
MOL_04746,C[C@]12CC[C@H]3[C@@H](CCC4=CC(=O)CC[C@@]43C)[C@@H]1CCC2=O,1.0,1.0,0.0,,1.0,1.0,0.0,0.0,0.0,0.0,0.0,0.0
MOL_04747,CCCCCON=O,0.0,0.0,0.0,0.0,0.0,0.0,0.0,0.0,0.0,0.0,0.0,0.0
MOL_04748,CN(N=O)C(N)=O,0.0,0.0,0.0,0.0,0.0,0.0,0.0,0.0,0.0,1.0,0.0,0.0
MOL_04749,COc1cccc(N)c1,0.0,0.0,,0.0,0.0,0.0,,1.0,0.0,0.0,,0.0
MOL_04750,CC(C)=CCCC(C)CCOC=O,0.0,0.0,0.0,,0.0,0.0,0.0,,0.0,,0.0,0.0
MOL_04751,CN(C)CCC=C1c2ccccc2CCc2ccccc21,0.0,0.0,0.0,0.0,0.0,0.0,,0.0,0.0,0.0,,0.0
MOL_04752,CO[C@H]1C=CO[C@@]2(C)Oc3c(C)c(O)c4c(O)c(c(/C=N/N5CCN(C6CCCC6)CC5)c(O)c4c3C2=O)NC(=O)C(C)=CC=C[C@H](C)[C@H](O)[C@@H](C)[C@@H](O)[C@@H](C)[C@H](OC(C)=O)[C@@H]1C,0.0,0.0,0.0,,,0.0,,,0.0,,1.0,
MOL_04753,CC[C@H]1OC(=O)[C@H](C)[C@@H](O[C@H]2C[C@@](C)(OC)[C@@H](O)[C@H](C)O2)[C@H](C)[C@@H](O[C@@H]2O[C@H](C)C[C@H](N(C)C)[C@H]2O)[C@](C)(O)C[C@@H](C)C(=NOCOCCOC)[C@H](C)[C@@H](O)[C@]1(C)O,0.0,0.0,0.0,0.0,0.0,0.0,0.0,0.0,0.0,0.0,0.0,0.0
MOL_04754,CCC(=O)c1ccccc1,0.0,0.0,0.0,0.0,0.0,0.0,0.0,0.0,0.0,0.0,0.0,0.0
MOL_04755,CC(C)(C)c1ccc(OC(=O)c2ccccc2O)cc1,0.0,0.0,,,1.0,0.0,0.0,0.0,1.0,0.0,1.0,0.0
MOL_04756,CCOC(=O)C(=O)OCC,0.0,0.0,0.0,0.0,0.0,0.0,0.0,0.0,0.0,0.0,0.0,0.0
MOL_04757,O=S(=O)(O)c1ccc(Cl)cc1,0.0,0.0,0.0,0.0,0.0,0.0,0.0,0.0,0.0,0.0,0.0,0.0
MOL_04758,O=C(Nc1ccccc1)c1cc(Cl)ccc1O,0.0,0.0,1.0,,,,0.0,1.0,0.0,,,
MOL_04759,CCO[Si](CCCS)(OCC)OCC,0.0,0.0,0.0,0.0,0.0,0.0,0.0,0.0,0.0,0.0,0.0,0.0
MOL_04760,CNC(=O)Oc1cccc2c1OC(C)(C)O2,0.0,0.0,0.0,0.0,0.0,0.0,0.0,1.0,0.0,0.0,0.0,0.0
MOL_04761,CC(C)OP(=S)(OC(C)C)SCCNS(=O)(=O)c1ccccc1,0.0,0.0,1.0,,,0.0,,1.0,0.0,0.0,,0.0
MOL_04762,O=C1O[C@H]([C@@H](O)CO)C([O-])=C1O,0.0,0.0,0.0,0.0,0.0,0.0,0.0,0.0,0.0,0.0,0.0,0.0
MOL_04763,O=C1O[C@H]([C@@H](O)CO)C(O)=C1O,0.0,0.0,0.0,0.0,1.0,0.0,0.0,0.0,0.0,0.0,0.0,0.0
MOL_04764,COC(=O)[C@H](Cc1ccccc1)NC(=O)[C@@H](N)CC(=O)O,0.0,0.0,1.0,0.0,0.0,0.0,0.0,0.0,0.0,0.0,,0.0
MOL_04765,C1C2OC2C2C1C1CC2C2OC12,0.0,0.0,0.0,0.0,0.0,0.0,0.0,0.0,0.0,0.0,0.0,0.0
MOL_04766,ClC1=C(Cl)[C@]2(Cl)[C@@H]3[C@@H]4C[C@H]([C@@H]3[C@@]1(Cl)C2(Cl)Cl)[C@H]1O[C@@H]41,0.0,,0.0,,,,0.0,,0.0,0.0,1.0,0.0
MOL_04767,OC(c1ccc(Cl)cc1)(c1ccc(Cl)cc1)C(Cl)(Cl)Cl,0.0,0.0,0.0,,,,,,0.0,,1.0,
MOL_04768,O1[As]2O[As]3O[As]1O[As](O2)O3,1.0,1.0,0.0,0.0,1.0,0.0,,,0.0,,0.0,
MOL_04769,CC(=O)Oc1ccccc1C(=O)O,0.0,0.0,0.0,0.0,0.0,0.0,0.0,0.0,0.0,0.0,0.0,0.0
MOL_04770,CCOP(=S)(OCC)Oc1nc(Cl)c(Cl)cc1Cl,0.0,0.0,1.0,0.0,0.0,0.0,0.0,1.0,0.0,0.0,1.0,0.0
MOL_04771,CCN(CC)C(C)=O,0.0,0.0,0.0,0.0,0.0,0.0,0.0,0.0,0.0,0.0,0.0,0.0
MOL_04772,O=S(=O)([O-])O.[Na+],0.0,0.0,0.0,0.0,0.0,0.0,0.0,0.0,0.0,0.0,,0.0
MOL_04773,Cc1cc(CC(=O)[O-])n(C)c1C(=O)c1ccc(Cl)cc1,1.0,0.0,0.0,0.0,0.0,0.0,0.0,1.0,0.0,0.0,0.0,0.0
MOL_04774,N#C[N-]C#N,0.0,0.0,0.0,0.0,0.0,0.0,0.0,0.0,0.0,0.0,0.0,0.0
MOL_04775,COCCOC(=O)C1=C(C)NC(C)=C(C(=O)OC/C=C/c2ccccc2)C1c1cccc([N+](=O)[O-])c1,0.0,,1.0,,,0.0,,1.0,,0.0,1.0,0.0
MOL_04776,c1cnc2c(c1)ccc1cccnc12,0.0,0.0,1.0,,,0.0,0.0,,0.0,1.0,0.0,1.0
MOL_04777,ClSC(Cl)(Cl)Cl,0.0,0.0,0.0,0.0,0.0,0.0,0.0,,0.0,0.0,0.0,0.0
MOL_04778,CCC=CC#N,0.0,0.0,,0.0,0.0,0.0,0.0,0.0,0.0,0.0,,0.0
MOL_04779,CC=CCC#N,0.0,0.0,0.0,,,0.0,0.0,0.0,0.0,0.0,,0.0
MOL_04780,CCCCCC[C@@H](O)C/C=C\CCCCCCCC(=O)O,0.0,0.0,0.0,0.0,0.0,0.0,0.0,,0.0,,0.0,0.0
MOL_04781,CCC(C)(NC(=O)c1cc(Cl)c(C)c(Cl)c1)C(=O)CCl,0.0,,0.0,,,,,,,1.0,,1.0
MOL_04782,CO/N=C(/C(=O)OC)c1ccccc1CON=C(C)c1cccc(C(F)(F)F)c1,0.0,,,,,,,1.0,0.0,0.0,,1.0
MOL_04783,NCCO.O=C(O)c1nc(Cl)ccc1Cl,0.0,0.0,0.0,0.0,0.0,0.0,0.0,0.0,0.0,0.0,0.0,0.0
MOL_04784,O=c1oc2ccccc2c(O)c1C(CC(O)c1ccc(-c2ccc(Br)cc2)cc1)c1ccccc1,0.0,,0.0,0.0,0.0,0.0,1.0,,0.0,,1.0,1.0
MOL_04785,N[Pt](N)(Cl)Cl,0.0,0.0,0.0,0.0,0.0,0.0,0.0,1.0,0.0,0.0,,0.0
MOL_04786,O=C(O)c1cc(Cl)cc(Cl)c1,,,0.0,0.0,0.0,0.0,0.0,0.0,0.0,0.0,0.0,0.0
MOL_04787,O=C(O)c1ccc(Cl)c(Cl)c1,0.0,0.0,0.0,0.0,0.0,0.0,0.0,0.0,0.0,0.0,0.0,0.0
MOL_04788,O=S(=O)(c1ccc(Cl)cc1)c1ccc(Cl)cc1,0.0,0.0,0.0,0.0,,0.0,0.0,,0.0,0.0,1.0,0.0
MOL_04789,CC1(C)C(=O)N(Cl)C(=O)N1Cl,0.0,0.0,0.0,0.0,1.0,0.0,0.0,0.0,0.0,0.0,0.0,0.0
MOL_04790,C=CCOC(=O)COCCC(C)C,0.0,0.0,0.0,0.0,0.0,0.0,0.0,,0.0,0.0,0.0,0.0
MOL_04791,CC[C@H](C)COC(=O)/C=C/c1ccc(/N=C/c2ccc(OC)cc2)cc1,0.0,0.0,,,1.0,0.0,0.0,,1.0,0.0,,0.0
MOL_04792,O=Cc1cccc(Oc2ccccc2)c1,0.0,0.0,0.0,0.0,,0.0,0.0,0.0,0.0,0.0,0.0,0.0
MOL_04793,CC(C=O)=Cc1ccccc1,,,0.0,,0.0,0.0,0.0,0.0,0.0,0.0,0.0,0.0
MOL_04794,Cc1ccc2oc(=O)ccc2c1,0.0,0.0,0.0,0.0,0.0,0.0,0.0,,0.0,0.0,0.0,0.0
MOL_04795,CCCC[Sn](CCCC)(CCCC)OC(=O)c1ccccc1,0.0,,,,,,1.0,1.0,,1.0,1.0,
MOL_04796,CCOC(=S)SSC(=S)OCC,0.0,0.0,0.0,0.0,0.0,0.0,0.0,0.0,0.0,0.0,0.0,0.0
MOL_04797,CCCCCCCCCC[N+](C)(CCCCCCCCCC)CCC[Si](OC)(OC)OC,0.0,,0.0,,0.0,,,,,,,
MOL_04798,CC/C(=C(\c1ccccc1)c1ccc(OCCN(C)C)cc1)c1ccccc1,0.0,0.0,0.0,1.0,1.0,1.0,,,0.0,,,
MOL_04799,CC(=O)S[C@@H]1CC2=CC(=O)CC[C@]2(C)[C@H]2CC[C@@]3(C)[C@@H](CC[C@@]34CCC(=O)O4)[C@@H]21,1.0,1.0,0.0,1.0,0.0,0.0,,,0.0,0.0,,1.0
MOL_04800,N[C@H]1C(O)O[C@H](CO)[C@H](O)[C@@H]1O,0.0,0.0,0.0,0.0,0.0,0.0,0.0,0.0,0.0,0.0,0.0,0.0
MOL_04801,CC[C@H]1CC[C@H](NCc2cc3c(cc2OC)[C@H]2C[C@H]2C(=O)N3C)[C@H](c2ccccc2)N1,0.0,,0.0,,,0.0,,0.0,,0.0,0.0,1.0
MOL_04802,NC(=O)Oc1ccc(Cc2ccccc2)cc1,0.0,0.0,0.0,0.0,1.0,,0.0,,0.0,,1.0,0.0
MOL_04803,CC(C)(C)C(=O)Oc1ccc(S(=O)(=O)Nc2ccccc2C(=O)NCC(=O)[O-])cc1,1.0,1.0,1.0,0.0,0.0,0.0,0.0,0.0,0.0,0.0,0.0,0.0
MOL_04804,FC(F)(F)c1cccc(C2=CCN(CCc3ccc4ccccc4c3)CC2)c1,0.0,0.0,0.0,0.0,0.0,0.0,0.0,1.0,0.0,0.0,,0.0
MOL_04805,Oc1cn2c(n1)Nc1ccc(Cl)c(Cl)c1C2,0.0,0.0,1.0,0.0,0.0,0.0,0.0,,0.0,0.0,0.0,0.0
MOL_04806,C[C@@H]1C[C@H]2[C@@H]3CCC4=CC(=O)C=C[C@]4(C)[C@@]3(F)[C@@H](O)C[C@]2(C)[C@@]1(O)C(=O)COC(=O)c1cccc(S(=O)(=O)[O-])c1,1.0,1.0,,,1.0,0.0,0.0,,,,0.0,0.0
MOL_04807,COc1ccc(C(=O)/C(Br)=C\C(=O)O)cc1,0.0,,0.0,,,,1.0,,1.0,,0.0,1.0
MOL_04808,CCCCCCCCCCCCCCCC(=O)OC[C@H](COP(=O)([O-])OCC[N+](C)(C)C)OC(=O)CCCCCCCCCCCCCCC,0.0,0.0,0.0,0.0,0.0,0.0,0.0,,0.0,,0.0,0.0
MOL_04809,COC(=O)[C@H]1[C@H]2C[C@@H]3c4[nH]c5cc(OC)ccc5c4CCN3C[C@H]2C[C@@H](OC(=O)COc2ccc(OC)cc2)[C@@H]1OC,0.0,0.0,,0.0,0.0,0.0,0.0,0.0,0.0,0.0,0.0,0.0
MOL_04810,CN(Cc1ccccc1)Cc1ccccc1,0.0,0.0,0.0,0.0,0.0,0.0,0.0,,0.0,,0.0,0.0
MOL_04811,O=C(NNCNNC(=O)c1ccncc1)c1ccncc1,0.0,0.0,1.0,0.0,0.0,0.0,0.0,,0.0,,,0.0
MOL_04812,O=C([O-])[C@H](CC(=O)N1C[C@H]2CCCC[C@H]2C1)Cc1ccccc1.O=C([O-])[C@H](CC(=O)N1C[C@H]2CCCC[C@H]2C1)Cc1ccccc1,0.0,0.0,0.0,0.0,1.0,0.0,0.0,,0.0,,0.0,0.0
MOL_04813,CC(C)(COP(=O)([O-])OP(=O)([O-])OC[C@H]1O[C@@H](n2cnc3c(N)ncnc32)[C@H](O)[C@@H]1OP(=O)([O-])O)C(O)C(=O)NCCC(=O)NCCS,0.0,0.0,,0.0,1.0,0.0,0.0,,0.0,,0.0,0.0
MOL_04814,Clc1cc(Cl)c(Cl)cc1Cl,0.0,0.0,0.0,0.0,1.0,0.0,0.0,0.0,0.0,0.0,0.0,0.0
MOL_04815,CCCCCCCOC(=O)CCC,0.0,0.0,0.0,0.0,0.0,0.0,0.0,0.0,0.0,0.0,0.0,0.0
MOL_04816,CCOP(=S)(OCC)OP(=S)(OCC)OCC,0.0,0.0,0.0,0.0,0.0,0.0,0.0,0.0,0.0,0.0,,0.0
MOL_04817,CC(C)CCCCCCOC(=O)CCCCC(=O)OCCCCCCC(C)C,0.0,0.0,0.0,0.0,0.0,0.0,0.0,0.0,0.0,0.0,0.0,0.0
MOL_04818,CCC(O)OCCCOC,0.0,0.0,0.0,0.0,0.0,0.0,0.0,0.0,0.0,0.0,0.0,0.0
MOL_04819,CC(C)(C)c1n[nH]c(=S)n(N)c1=O,0.0,0.0,,0.0,0.0,0.0,0.0,0.0,0.0,0.0,0.0,0.0
MOL_04820,O=[N+]([O-])c1cc(C2CCCCC2)c(O)c([N+](=O)[O-])c1,0.0,,0.0,,,0.0,,,0.0,,1.0,0.0
MOL_04821,O=[N+]([O-])c1cccc([N+](=O)[O-])c1,0.0,0.0,0.0,0.0,,0.0,0.0,1.0,0.0,0.0,0.0,0.0
MOL_04822,O=[N+]([O-])c1ccccc1[N+](=O)[O-],0.0,0.0,1.0,,0.0,0.0,0.0,1.0,0.0,0.0,1.0,0.0
MOL_04823,CCCc1nc2c(C)cc(-c3nc4ccccc4n3C)cc2n1Cc1ccc(-c2ccccc2C(=O)O)cc1,0.0,,0.0,0.0,0.0,0.0,1.0,1.0,0.0,0.0,,0.0
MOL_04824,Cc1ccc(O)cc1C,0.0,0.0,0.0,0.0,0.0,0.0,0.0,0.0,0.0,0.0,0.0,0.0
MOL_04825,Cc1cccc(C)c1O,0.0,0.0,0.0,0.0,0.0,0.0,0.0,0.0,0.0,0.0,0.0,0.0
MOL_04826,C=CCC1(C(C)CC)C(=O)NC(=O)NC1=O,,,,,,,,0.0,,0.0,,
MOL_04827,O=C(O)c1c(O)c(-c2ccccc2)nc2ccccc12,,,,,,,,0.0,,0.0,,
MOL_04828,COc1ccc([C@@H]2Sc3ccccc3NC(=O)[C@@H]2O)cc1,,,,,,,,0.0,,0.0,,
MOL_04829,CN1C2CCC(C)(C)C1CC(OC(=O)C(O)(c1cccs1)c1cccs1)C2,,,,,,,,0.0,,0.0,,
MOL_04830,CCc1cccc2c(CCO)c[nH]c12,,,,,,,,0.0,,0.0,,
MOL_04831,CCC(=O)C(CCN(C)C)(c1ccccc1)c1ccccc1,,,,,,,,0.0,,0.0,,
MOL_04832,Cc1onc(-c2c(Cl)cccc2Cl)c1C(=O)Cl,,,,,,,,0.0,,0.0,,
MOL_04833,CCC(C(=O)OCCN1CCOC(c2ccccc2)C1C)c1ccccc1,,,,,,,,0.0,,0.0,,
MOL_04834,CC(C)(C)c1ccc(C(=O)CCCCl)cc1,,,,,,,,0.0,,0.0,,
MOL_04835,CC(=O)c1ccc(S(=O)(=O)NC(=O)NC2CCCCC2)cc1,0.0,0.0,0.0,0.0,0.0,0.0,0.0,0.0,0.0,0.0,0.0,0.0
MOL_04836,CC(=O)Nc1ccc(O)cc1,0.0,0.0,0.0,0.0,0.0,0.0,0.0,0.0,0.0,0.0,0.0,0.0
MOL_04837,CC(N)=O,0.0,0.0,0.0,0.0,0.0,0.0,0.0,0.0,0.0,0.0,0.0,0.0
MOL_04838,CC=O,0.0,,,1.0,,,,,0.0,,1.0,
MOL_04839,COC(=O)/C=C\C(=O)OC,0.0,0.0,0.0,0.0,0.0,0.0,,1.0,0.0,0.0,0.0,0.0
MOL_04840,O=C(Nc1ccc(Cl)c(Cl)c1)c1cc(Cl)cc(Cl)c1O,0.0,,1.0,,,,,,0.0,1.0,1.0,1.0
MOL_04841,Cc1cc(SCc2sc(-c3ccc(C(F)(F)F)c(F)c3)nc2C)ccc1OCC(=O)O,0.0,0.0,,,0.0,0.0,1.0,,0.0,,,
MOL_04842,CC#N,0.0,0.0,0.0,0.0,0.0,0.0,0.0,0.0,0.0,0.0,0.0,0.0
MOL_04843,COc1cc(Br)c(C[N+]2(CCOCCC3CCC4CC3C4(C)C)CCOCC2)cc1OC,0.0,0.0,0.0,,0.0,0.0,0.0,,0.0,,,0.0
MOL_04844,c1ccc(CCCc2ccncc2)cc1,0.0,0.0,0.0,1.0,0.0,0.0,0.0,,0.0,1.0,1.0,0.0
MOL_04845,CC(=O)Nc1ccc(C)cc1C,0.0,0.0,0.0,0.0,0.0,0.0,0.0,0.0,0.0,0.0,0.0,0.0
MOL_04846,CC1(C)S[C@@H]2[C@H](NC(=O)[C@@H](c3ccccc3)S(=O)(=O)[O-])C(=O)N2[C@H]1C(=O)[O-],0.0,0.0,0.0,0.0,0.0,0.0,0.0,0.0,0.0,0.0,0.0,0.0
MOL_04847,Oc1cccc(-c2c3nc(c(-c4cccc(O)c4)c4ccc([nH]4)c(-c4cccc(O)c4)c4ccc(n4)c(-c4cccc(O)c4)c4ccc2[nH]4)CC3)c1,0.0,,1.0,,,0.0,0.0,,0.0,,,
MOL_04848,N[C@@H](CCC(=O)N[C@@H](CSSC[C@H](NC(=O)CC[C@H](N)C(=O)O)C(=O)NCC(=O)O)C(=O)NCC(=O)O)C(=O)O,1.0,1.0,0.0,,1.0,1.0,0.0,,0.0,,0.0,0.0
MOL_04849,C[C@]12CCC(=O)C[C@@H]1CC[C@@H]1[C@@H]2CC[C@@]2(C)[C@H]1CC[C@]2(C)O,1.0,1.0,,,1.0,1.0,0.0,,0.0,,,0.0
MOL_04850,CCOC(=O)CC(C(C)=O)C(C)=O,0.0,0.0,0.0,0.0,0.0,0.0,0.0,0.0,0.0,0.0,0.0,0.0
MOL_04851,Cc1c(C)c2c(c(C)c1OC(=O)CCC(=O)OCCO)CC[C@@](C)(CCC[C@H](C)CCC[C@H](C)CCCC(C)C)O2,0.0,0.0,0.0,0.0,0.0,0.0,,1.0,0.0,0.0,0.0,
MOL_04852,CC(CC(c1ccccc1)c1ccccc1)NC(C)(C)C,0.0,0.0,0.0,0.0,0.0,0.0,,,0.0,,,0.0
MOL_04853,Cc1cccc(N)n1,0.0,0.0,0.0,0.0,0.0,0.0,0.0,0.0,0.0,0.0,0.0,0.0
MOL_04854,C=C(C)C(=O)OCC(C)(C)COC(=O)C(=C)C,0.0,0.0,0.0,0.0,0.0,0.0,0.0,0.0,0.0,0.0,0.0,0.0
MOL_04855,O=C1NCCN1CCN1CCC(c2cn(-c3ccc(F)cc3)c3ccc(Cl)cc23)CC1,0.0,0.0,0.0,,,0.0,,,0.0,0.0,,
MOL_04856,C[C@]12C[C@H](O)[C@H]3[C@@H](CCC4=CC(=O)C=C[C@@]43C)[C@@H]1CC[C@]2(O)C(=O)COC(=O)CCC(=O)O,1.0,1.0,,,,0.0,0.0,,,,0.0,0.0
MOL_04857,CCN1CCN(C(=O)N[C@@H](C(=O)N[C@@H]2C(=O)N3[C@@H]2SC(C)(C)[C@H]3C(=O)[O-])c2ccccc2)C(=O)C1=O,,,,,,,,0.0,,0.0,,
MOL_04858,CN(N=O)c1ccc([N+](=O)[O-])cc1,0.0,0.0,1.0,0.0,0.0,0.0,0.0,,0.0,0.0,0.0,0.0
MOL_04859,COc1cc(C(=O)OC(COCCC(C)C)CN2CCOCC2)cc(OC)c1OC,0.0,0.0,0.0,0.0,0.0,0.0,0.0,0.0,0.0,0.0,0.0,0.0
MOL_04860,CC(=O)Oc1ccc(C2(c3ccc(OC(C)=O)cc3)Oc3ccccc3NC2=O)cc1,0.0,0.0,0.0,0.0,,,0.0,0.0,0.0,0.0,,1.0
MOL_04861,COc1ccc2c(C(=S)N(C)CC(=O)O)cccc2c1C(F)(F)F,0.0,0.0,0.0,0.0,0.0,0.0,,0.0,0.0,0.0,0.0,0.0
MOL_04862,CN1CCC(N(Cc2cccs2)c2ccccc2)CC1,0.0,0.0,0.0,0.0,0.0,0.0,0.0,0.0,0.0,,,0.0
MOL_04863,O=C1[C@H]2[C@@H]3CC[C@@H](C3)[C@H]2C(=O)N1CCCCN1CCN(c2ncccn2)CC1,0.0,0.0,0.0,0.0,0.0,0.0,0.0,0.0,0.0,0.0,0.0,0.0
MOL_04864,CC(COc1ccccc1)NN,0.0,0.0,0.0,0.0,0.0,0.0,0.0,0.0,0.0,0.0,0.0,0.0
MOL_04865,CCCN(CCC)C(=O)C(CCC(=O)OCCCN1CCN(CCOC(=O)Cc2c(C)n(C(=O)c3ccc(Cl)cc3)c3ccc(OC)cc23)CC1)NC(=O)c1ccccc1,0.0,,1.0,,1.0,1.0,,,0.0,,,0.0
MOL_04866,CCOP(=O)(CC)Oc1ccc([N+](=O)[O-])cc1,0.0,0.0,0.0,1.0,0.0,0.0,0.0,,0.0,0.0,0.0,
MOL_04867,CC(C)(O)c1ccc(C(C)(C)O)cc1,0.0,0.0,0.0,0.0,0.0,0.0,0.0,0.0,0.0,0.0,0.0,0.0
MOL_04868,O=C(Nc1ccc(Cl)cc1)Nc1ccc(Cl)c(Cl)c1,0.0,0.0,1.0,,,0.0,,1.0,0.0,0.0,1.0,1.0
MOL_04869,C1C[C@H]2[C@@H]3CC[C@H](C3)[C@H]2C1,0.0,0.0,0.0,0.0,0.0,0.0,0.0,0.0,0.0,0.0,0.0,0.0
MOL_04870,CC(C)(c1ccccc1)c1ccc(O)c(C(C)(C)c2ccccc2)c1,0.0,,0.0,,,,,,0.0,,1.0,
MOL_04871,C=C[Si](OC)(OC)OC,0.0,0.0,0.0,0.0,0.0,0.0,0.0,0.0,0.0,0.0,0.0,0.0
MOL_04872,CCCCCCCCCCCCCCCCCC(=O)[O-].OCC[NH+](CCO)CCO,0.0,0.0,1.0,0.0,1.0,1.0,0.0,,0.0,0.0,,0.0
MOL_04873,CN(C)CCN(C)CCN(C)C,,0.0,0.0,0.0,0.0,0.0,0.0,0.0,0.0,0.0,,0.0
MOL_04874,Oc1ccc(Cl)c(Cl)c1,0.0,0.0,,0.0,,1.0,0.0,1.0,0.0,0.0,1.0,0.0
MOL_04875,Oc1c(Cl)cccc1Cl,,0.0,0.0,,0.0,0.0,0.0,0.0,0.0,0.0,0.0,0.0
MOL_04876,Cc1ccccc1C=O,0.0,0.0,0.0,0.0,0.0,0.0,0.0,,0.0,0.0,0.0,0.0
MOL_04877,Oc1cc(Cl)cc(Cl)c1,0.0,0.0,0.0,,0.0,0.0,0.0,,0.0,0.0,1.0,
MOL_04878,Oc1cccc(Cl)c1Cl,0.0,0.0,0.0,0.0,0.0,0.0,0.0,0.0,0.0,0.0,1.0,0.0
MOL_04879,Clc1cccc(Cl)c1,0.0,0.0,0.0,0.0,0.0,0.0,0.0,0.0,0.0,0.0,0.0,0.0
MOL_04880,Oc1cc(Cl)ccc1Cl,0.0,0.0,0.0,0.0,0.0,0.0,0.0,0.0,0.0,0.0,1.0,0.0
MOL_04881,CCCCSCCCC,0.0,0.0,0.0,0.0,0.0,0.0,0.0,0.0,0.0,0.0,0.0,0.0
MOL_04882,CCCN(CCC)c1c([N+](=O)[O-])cc(C(C)C)cc1[N+](=O)[O-],0.0,0.0,0.0,0.0,0.0,0.0,0.0,0.0,0.0,0.0,1.0,0.0
MOL_04883,CCc1ccc2c(c1)N(CC(C)CN(C)C)c1ccccc1S2,0.0,0.0,0.0,,0.0,0.0,,,0.0,,,
MOL_04884,c1cc2c(c(NC3=NCCN3)c1)CCCC2,0.0,0.0,,0.0,0.0,0.0,0.0,,0.0,,0.0,0.0
MOL_04885,NS(=O)(=O)c1cc2c(cc1Cl)NC(Cc1ccccc1)NS2(=O)=O,0.0,0.0,0.0,0.0,0.0,0.0,0.0,,0.0,,0.0,0.0
MOL_04886,CC(C)C1(C)N=C(c2nc3ccccc3cc2C(=O)O)NC1=O,0.0,0.0,0.0,0.0,0.0,0.0,0.0,0.0,0.0,0.0,0.0,0.0
MOL_04887,O=c1[nH]c2ccccc2n1CCCN1CCC(n2c(=O)[nH]c3cc(Cl)ccc32)CC1,0.0,0.0,0.0,0.0,,0.0,0.0,0.0,,0.0,0.0,0.0
MOL_04888,Clc1ccccc1-c1nc(-c2ccncc2)no1,0.0,0.0,1.0,,1.0,0.0,0.0,1.0,1.0,0.0,0.0,0.0
MOL_04889,O=C(O)CCc1nc(-c2ccccc2)c(-c2ccccc2)o1,0.0,0.0,0.0,0.0,,0.0,1.0,,0.0,0.0,0.0,0.0
MOL_04890,CC[C@]12CCCN3CCc4c(n(c5ccccc45)C(=O)C1)[C@@H]32,0.0,0.0,0.0,1.0,0.0,,0.0,,0.0,0.0,0.0,1.0
MOL_04891,CCCCOCN(C(=O)CCl)c1c(CC)cccc1CC,0.0,,0.0,,,0.0,,1.0,0.0,,,0.0
MOL_04892,CC(C)N1C(=O)N(c2ccccc2)CSC1=NC(C)(C)C,0.0,,0.0,,,0.0,,0.0,0.0,,,
MOL_04893,O=C(O)Cc1c[nH]c2ccccc12,0.0,0.0,1.0,0.0,0.0,0.0,0.0,0.0,0.0,0.0,0.0,0.0
MOL_04894,O=Cc1ccc(F)cc1,0.0,0.0,0.0,0.0,0.0,0.0,0.0,0.0,0.0,0.0,0.0,0.0
MOL_04895,CC(C)Cc1ccc(C(C)C(=O)O)cc1,0.0,0.0,0.0,0.0,1.0,0.0,0.0,0.0,0.0,0.0,1.0,0.0
MOL_04896,Oc1cccc2cccnc12,0.0,0.0,0.0,,0.0,,,1.0,0.0,1.0,0.0,1.0
MOL_04897,c1ccc2[nH]ccc2c1,0.0,0.0,1.0,0.0,0.0,0.0,0.0,0.0,0.0,0.0,0.0,0.0
MOL_04898,CCCSP(=O)(OCC)Oc1ccc(Br)cc1Cl,0.0,0.0,1.0,,0.0,0.0,0.0,,0.0,0.0,1.0,0.0
MOL_04899,CN1C[C@H](CNC(=O)OCc2ccccc2)C[C@@H]2c3cccc4c3c(cn4C)C[C@H]21,0.0,0.0,,,,0.0,,,0.0,0.0,,0.0
MOL_04900,CCN1CCC[C@H]1CNC(=O)c1cc(S(N)(=O)=O)ccc1OC,0.0,0.0,0.0,0.0,0.0,0.0,,0.0,0.0,0.0,0.0,0.0
MOL_04901,OCCO,0.0,0.0,0.0,0.0,0.0,0.0,0.0,0.0,0.0,0.0,0.0,0.0
MOL_04902,CCc1ccccc1,0.0,0.0,0.0,0.0,0.0,0.0,0.0,0.0,0.0,0.0,0.0,0.0
MOL_04903,CC(C)(CCl)c1ccccc1,0.0,0.0,0.0,0.0,0.0,0.0,0.0,0.0,0.0,,0.0,0.0
MOL_04904,CCN(N=O)C(N)=O,0.0,0.0,0.0,0.0,0.0,0.0,0.0,0.0,0.0,0.0,0.0,0.0
MOL_04905,CCOC(=O)C1OC1(C)c1ccccc1,0.0,0.0,0.0,,0.0,0.0,0.0,,0.0,0.0,0.0,0.0
MOL_04906,O=C(O)[C@H](O)[C@@H](O)[C@H](O)[C@H](O)CO,0.0,0.0,0.0,0.0,0.0,0.0,0.0,0.0,0.0,0.0,0.0,0.0
MOL_04907,O=S1(=O)OCCO1,0.0,0.0,0.0,0.0,0.0,0.0,0.0,0.0,0.0,0.0,,0.0
MOL_04908,CC(C)(C)C(=O)C(Oc1ccc(Cl)cc1)n1cncn1,0.0,0.0,1.0,1.0,,,0.0,0.0,0.0,0.0,0.0,0.0
MOL_04909,CC[C@H](C)[C@H]1O[C@]2(C=C[C@@H]1C)C[C@@H]1C[C@@H](CC=C(C)[C@@H](O[C@H]3C[C@H](OC)[C@@H](O[C@H]4C[C@H](OC)[C@@H](O)[C@H](C)O4)[C@H](C)O3)[C@@H](C)C=CC=C3CO[C@@H]4[C@H](O)C(C)=C[C@@H](C(=O)O1)[C@]34O)O2,0.0,0.0,0.0,0.0,0.0,0.0,,1.0,0.0,0.0,1.0,0.0
MOL_04910,COc1ccc([C@@H]2CC(=O)c3c(O)cc(O[C@@H]4O[C@H](CO[C@@H]5O[C@@H](C)[C@H](O)[C@@H](O)[C@H]5O)[C@@H](O)[C@H](O)[C@H]4O)cc3O2)cc1OC,0.0,0.0,0.0,0.0,0.0,0.0,0.0,0.0,0.0,0.0,0.0,0.0
MOL_04911,CCCCC/C=C\C/C=C\CCCCCCCC(=O)OC,1.0,0.0,0.0,0.0,0.0,0.0,0.0,0.0,0.0,1.0,,0.0
MOL_04912,CC1OC1C1CCC2(C)OC2C1,0.0,0.0,0.0,0.0,0.0,0.0,0.0,0.0,0.0,0.0,0.0,0.0
MOL_04913,COS(C)(=O)=O,0.0,0.0,0.0,0.0,0.0,0.0,0.0,0.0,0.0,0.0,0.0,0.0
MOL_04914,C=C(C)C(=O)OC,0.0,0.0,0.0,0.0,0.0,0.0,0.0,0.0,0.0,0.0,0.0,0.0
MOL_04915,Cc1ccc2c(c1[N+](=O)[O-])C(=O)c1ccccc1C2=O,0.0,,1.0,,1.0,0.0,,1.0,0.0,0.0,1.0,
MOL_04916,CN(N=O)C(=N)N[N+](=O)[O-],0.0,0.0,,,0.0,0.0,,0.0,0.0,0.0,0.0,1.0
MOL_04917,NCc1ccccc1,0.0,0.0,0.0,0.0,0.0,0.0,0.0,0.0,0.0,0.0,0.0,0.0
MOL_04918,O=[N+]([O-])c1ccc(O)cc1,0.0,1.0,0.0,0.0,0.0,0.0,0.0,0.0,0.0,0.0,1.0,0.0
MOL_04919,CN(C)c1ccc(C=O)cc1,0.0,0.0,0.0,0.0,1.0,0.0,0.0,1.0,0.0,0.0,,0.0
MOL_04920,CCN(CC)CCO,0.0,0.0,0.0,0.0,0.0,0.0,0.0,0.0,0.0,0.0,0.0,0.0
MOL_04921,Cc1cccc([N+](=O)[O-])c1,0.0,0.0,0.0,0.0,0.0,0.0,0.0,0.0,0.0,0.0,0.0,0.0
MOL_04922,Cc1ccc(N(C)C)cc1,0.0,0.0,1.0,,1.0,0.0,0.0,0.0,0.0,0.0,0.0,0.0
MOL_04923,O=[N+]([O-])[O-].[NH4+],0.0,0.0,0.0,0.0,0.0,0.0,0.0,0.0,0.0,0.0,0.0,0.0
MOL_04924,CC1=C(C(=O)OCCN(Cc2ccccc2)c2ccccc2)C(c2cccc([N+](=O)[O-])c2)C(P2(=O)OCC(C)(C)CO2)=C(C)N1,0.0,0.0,0.0,,0.0,0.0,,,0.0,,,0.0
MOL_04925,c1ccsc1,,,0.0,,,0.0,0.0,0.0,0.0,0.0,0.0,0.0
MOL_04926,C#C[C@]1(O)CC[C@H]2[C@@H]3CCC4=CC(=O)CCC4=C3C=C[C@@]21CC,1.0,1.0,0.0,0.0,1.0,1.0,0.0,1.0,1.0,0.0,0.0,0.0
MOL_04927,Cc1ccc(S(=O)(=O)NC(=O)NN2CC3CCCC3C2)cc1,0.0,0.0,,0.0,0.0,0.0,0.0,0.0,0.0,0.0,0.0,0.0
MOL_04928,COc1ccc2c(c1)C(=O)N(CCc1ccc(S(=O)(=O)NC(=O)NC3CCCCC3)cc1)C(=O)C2(C)C,0.0,0.0,0.0,0.0,0.0,0.0,0.0,1.0,0.0,0.0,,0.0
MOL_04929,Cc1cc(C(=O)NCCc2ccc(S(=O)(=O)NC(=O)NN3CCCCCC3)cc2)no1,0.0,0.0,,0.0,0.0,0.0,0.0,,0.0,,0.0,0.0
MOL_04930,CC(C)[C@H]1CC[C@@H](C)CC1=O,0.0,0.0,0.0,0.0,0.0,0.0,0.0,0.0,0.0,0.0,0.0,0.0
MOL_04931,O=C(O)CS,0.0,0.0,0.0,0.0,0.0,0.0,0.0,0.0,0.0,0.0,0.0,0.0
MOL_04932,COC1CCC=CO1,0.0,0.0,0.0,0.0,0.0,,0.0,0.0,0.0,0.0,0.0,
MOL_04933,CC(CO)(CO)C(=O)O,0.0,0.0,0.0,0.0,0.0,0.0,0.0,0.0,0.0,0.0,0.0,0.0
MOL_04934,OCCOCCOCCOCCOCCO,0.0,0.0,0.0,0.0,0.0,0.0,0.0,0.0,0.0,0.0,0.0,0.0
MOL_04935,COC(=O)c1cccnc1,0.0,0.0,0.0,0.0,0.0,0.0,0.0,0.0,0.0,0.0,0.0,0.0
MOL_04936,CC1=C2N=C(C=C3N=C(C(C)=C4N([Co+]C[C@H]5O[C@@H](n6cnc7c(N)ncnc76)[C@H](O)[C@@H]5O)C(C(CC(N)=O)C4(C)CCC(=O)NCC(C)OP(=O)([O-])O[C@@H]4[C@@H](CO)O[C@H](n5cnc6cc(C)c(C)cc65)[C@@H]4O)C4(C)N=C1C(CCC(N)=O)C4(C)CC(N)=O)C(CCC(N)=O)C3(C)C)C(CCC(N)=O)C2(C)CC(N)=O,0.0,0.0,0.0,0.0,0.0,0.0,,,,,0.0,0.0
MOL_04937,CC(C)C[C@@H]1NC(=O)[C@H](CCCN)NC(=O)[C@H](C(C)C)NC(=O)[C@@H]2CCCN2C(=O)[C@@H](Cc2ccccc2)NC(=O)[C@H](CC(C)C)NC(=O)[C@H](CCCN)NC(=O)[C@H](C(C)C)NC(=O)[C@@H]2CCCN2C(=O)[C@@H](Cc2ccccc2)NC1=O,0.0,,,,,0.0,1.0,,,,1.0,1.0
MOL_04938,CNCc1ccccc1,0.0,0.0,0.0,0.0,0.0,0.0,0.0,0.0,0.0,0.0,0.0,0.0
MOL_04939,CN(C)CCC[C@@]1(c2ccc(F)cc2)OCc2cc(C#N)ccc21,0.0,0.0,0.0,0.0,0.0,0.0,0.0,,0.0,0.0,,0.0
MOL_04940,C[C@H]1[C@H]2CC[C@H]3[C@@H]4CC=C5C[C@@H](N(C)C)CC[C@]5(C)[C@H]4CC[C@]23CN1C,,,,,,,,0.0,,0.0,,
MOL_04941,CC(C)CC(=O)OCc1ccccc1,0.0,0.0,0.0,0.0,0.0,0.0,0.0,0.0,0.0,0.0,0.0,0.0
MOL_04942,CC(C)(O)Cc1ccccc1,0.0,0.0,0.0,0.0,0.0,0.0,0.0,0.0,0.0,0.0,0.0,0.0
MOL_04943,CCC(=O)OC/C=C/c1ccccc1,0.0,0.0,0.0,0.0,1.0,0.0,0.0,1.0,0.0,0.0,0.0,0.0
MOL_04944,NC(=O)Cn1c(=O)cc(CCN2CCN(c3nccc4sccc34)CC2)c2ccc(F)cc21,0.0,0.0,,0.0,,0.0,0.0,,0.0,0.0,,0.0
MOL_04945,CCCC(=O)OCCc1ccccc1,0.0,0.0,0.0,0.0,0.0,0.0,0.0,0.0,0.0,0.0,0.0,0.0
MOL_04946,O=C(C=Cc1ccccc1)OCCc1ccccc1,0.0,0.0,0.0,,1.0,0.0,0.0,0.0,1.0,0.0,,0.0
MOL_04947,COc1ccc(S(=O)(=O)N2C(=O)[C@@](c3ccccc3OC)(N3C[C@H](O)C[C@H]3C(=O)N(C)C)c3cc(Cl)ccc32)c(OC)c1,0.0,0.0,,,,0.0,,,0.0,0.0,0.0,0.0
MOL_04948,O=C(Oc1ccc(Br)cc1)N1CCN2CCC1CC2,0.0,0.0,0.0,,0.0,0.0,0.0,0.0,0.0,0.0,,0.0
MOL_04949,CC(C)C(=O)OCC=Cc1ccccc1,0.0,0.0,0.0,0.0,0.0,0.0,0.0,0.0,0.0,0.0,0.0,0.0
MOL_04950,CCCCC1CCC(=O)O1,0.0,0.0,0.0,0.0,0.0,0.0,0.0,0.0,0.0,0.0,0.0,0.0
MOL_04951,NCCS,0.0,0.0,0.0,0.0,0.0,0.0,0.0,0.0,0.0,0.0,0.0,0.0
MOL_04952,NS(=O)(=O)c1cc2c(cc1Cl)NC(C1CC3C=CC1C3)NS2(=O)=O,0.0,0.0,0.0,0.0,0.0,0.0,0.0,0.0,0.0,0.0,0.0,0.0
MOL_04953,N[C@@H]1CONC1=O,0.0,0.0,0.0,,0.0,0.0,0.0,0.0,0.0,0.0,0.0,0.0
MOL_04954,CN1CCC(=C2c3ccccc3C=Cc3ccccc32)CC1,0.0,0.0,0.0,0.0,0.0,0.0,0.0,0.0,0.0,0.0,,0.0
MOL_04955,O=C(OC1CN2CCC1CC2)c1ccccc1,0.0,0.0,0.0,0.0,0.0,0.0,0.0,,0.0,,0.0,0.0
MOL_04956,Cc1ccc2c(c1)C1CN(C)CCC1N2,0.0,0.0,0.0,0.0,0.0,0.0,0.0,0.0,0.0,0.0,0.0,0.0
MOL_04957,COc1ccccc1Oc1c(NS(=O)(=O)c2ccc(C(C)(C)C)cc2)nc(-c2ncccn2)nc1OCCO,0.0,,0.0,0.0,0.0,0.0,,,0.0,0.0,0.0,0.0
MOL_04958,O=C1CCCCC1CN1CCCCC1,0.0,0.0,0.0,0.0,0.0,0.0,0.0,,0.0,,0.0,0.0
MOL_04959,CC1=CC(=O)/C(=C(/C)[O-])C(=O)O1,0.0,0.0,0.0,0.0,,0.0,0.0,0.0,0.0,0.0,0.0,0.0
MOL_04960,Nc1ccc([As](=O)([O-])O)cc1,0.0,0.0,0.0,0.0,0.0,0.0,0.0,0.0,0.0,0.0,0.0,0.0
MOL_04961,CCCCCCCc1ccc(O)cc1,0.0,0.0,0.0,,1.0,0.0,0.0,0.0,0.0,,1.0,0.0
MOL_04962,O[C@H]1CO[C@@H]2[C@H](O)CO[C@H]12,0.0,0.0,0.0,0.0,0.0,0.0,0.0,0.0,0.0,0.0,0.0,0.0
MOL_04963,Fc1ccc(C2(Cn3cncn3)OC2c2ccccc2Cl)cc1,0.0,0.0,,1.0,0.0,0.0,,0.0,0.0,0.0,,0.0
MOL_04964,O[C@H](CBr)[C@@H](O)[C@H](O)[C@H](O)CBr,0.0,0.0,0.0,0.0,0.0,0.0,0.0,0.0,0.0,0.0,0.0,0.0
MOL_04965,Cc1cccc([N+](=O)[O-])c1C(=O)O,,0.0,0.0,0.0,0.0,0.0,0.0,0.0,0.0,0.0,0.0,0.0
MOL_04966,CC(=O)Nc1c(I)c(NC(C)=O)c(I)c(C(=O)[O-])c1I,0.0,0.0,0.0,0.0,1.0,0.0,0.0,0.0,0.0,0.0,0.0,0.0
MOL_04967,Cc1ccc(N)cc1[N+](=O)[O-],0.0,0.0,,0.0,0.0,0.0,0.0,0.0,0.0,0.0,0.0,0.0
MOL_04968,OC[C@H]1OC(O)[C@H](O)[C@@H](O)[C@@H]1O,0.0,0.0,0.0,0.0,0.0,0.0,0.0,0.0,0.0,0.0,0.0,0.0
MOL_04969,Cc1c(C(=O)O)cccc1[N+](=O)[O-],0.0,0.0,0.0,0.0,0.0,0.0,0.0,0.0,0.0,1.0,0.0,0.0
MOL_04970,CC1=Nc2ccc(Cl)cc2S(=O)(=O)N1,0.0,0.0,0.0,0.0,0.0,0.0,0.0,0.0,0.0,0.0,0.0,0.0
MOL_04971,NC[C@@H]1CC[C@@H](N)[C@@H](O[C@@H]2[C@@H](N)C[C@@H](N)[C@H](O[C@H]3O[C@H](CO)[C@@H](O)[C@H](N)[C@H]3O)[C@H]2O)O1,1.0,0.0,0.0,0.0,1.0,0.0,0.0,,0.0,,0.0,0.0
MOL_04972,CCOCCn1c(N2CCCN(C)CC2)nc2ccccc21,0.0,0.0,0.0,0.0,0.0,0.0,0.0,0.0,0.0,0.0,0.0,0.0
MOL_04973,NS(=O)(=O)c1cc(-c2nnn[nH]2)c(NCc2cccs2)cc1Cl,0.0,0.0,0.0,0.0,0.0,0.0,0.0,1.0,0.0,0.0,,0.0
MOL_04974,COc1cc2c(cc1OC)CC(=O)N(CCCN(C)C[C@H]1Cc3cc(OC)c(OC)cc31)CC2,0.0,0.0,0.0,0.0,0.0,0.0,0.0,,0.0,,0.0,0.0
MOL_04975,CCOC(=O)[C@H](CCc1ccccc1)N[C@@H](C)C(=O)N1C(=O)N(C)C[C@H]1C(=O)O,0.0,0.0,0.0,0.0,0.0,0.0,0.0,0.0,0.0,0.0,0.0,0.0
MOL_04976,CC1(C)C[C@@H]1C(=O)N/C(=C\CCCCSC[C@H](N)C(=O)O)C(=O)[O-],0.0,0.0,0.0,0.0,0.0,0.0,0.0,,0.0,,0.0,0.0
MOL_04977,CCOC(=O)[C@H](CCc1ccccc1)N[C@H]1CS[C@H](c2cccs2)CN(CC(=O)O)C1=O,0.0,0.0,0.0,0.0,0.0,0.0,,0.0,0.0,0.0,0.0,0.0
MOL_04978,CCCCC/C=C\CCC(=O)N[C@H]1[C@H](Oc2c3cc4cc2Oc2ccc(cc2Cl)[C@@H](O[C@@H]2O[C@H](CO)[C@@H](O)[C@H](O)[C@H]2NC(C)=O)[C@@H]2NC(=O)[C@H](NC(=O)[C@@H]4NC(=O)[C@H]4NC(=O)[C@@H](Cc5ccc(c(Cl)c5)O3)NC(=O)[C@@H](N)c3ccc(O)c(c3)Oc3cc(O)cc4c3)c3ccc(O)c(c3)-c3c(O[C@H]4O[C@H](CO)[C@@H](O)[C@H](O)[C@@H]4O)cc(O)cc3[C@H](C(=O)O)NC2=O)O[C@H](CO)[C@@H](O)[C@@H]1O,0.0,0.0,0.0,0.0,0.0,0.0,0.0,,0.0,,,0.0
MOL_04979,S=C(NC1CCCCC1)NC1CCCCC1,0.0,0.0,0.0,,,0.0,0.0,,0.0,1.0,1.0,0.0
MOL_04980,CCCN(CCC)c1c([N+](=O)[O-])cc(S(C)(=O)=O)cc1[N+](=O)[O-],0.0,0.0,0.0,,,0.0,0.0,,0.0,0.0,0.0,0.0
MOL_04981,CCCCCCCCCCCCN1CCCC1=O,0.0,0.0,1.0,,,,,,0.0,,,
MOL_04982,CCCCCCCCN(C)CCCCCCCC,0.0,0.0,0.0,0.0,0.0,0.0,0.0,0.0,0.0,0.0,0.0,0.0
MOL_04983,CNC(=O)C(c1ccccc1)c1ccccc1,0.0,0.0,,0.0,0.0,0.0,0.0,0.0,0.0,0.0,0.0,0.0
MOL_04984,CCOC(=O)N1CCC(=O)CC1,,,,,,,,0.0,,0.0,,
MOL_04985,CC(Oc1cccc(Cl)c1)C(=O)O,0.0,0.0,0.0,0.0,0.0,0.0,0.0,0.0,0.0,0.0,0.0,0.0
MOL_04986,O=Cc1ccc(F)c(Br)c1,0.0,0.0,0.0,0.0,0.0,0.0,0.0,0.0,0.0,0.0,0.0,0.0
MOL_04987,O=C(O)c1cccc(/C=C2/C[C@H]3[C@H](C[C@@H](O)[C@@H]3/C=C/[C@@H](O)C3CCCCC3)O2)c1,0.0,,0.0,0.0,0.0,0.0,1.0,,0.0,,,0.0
MOL_04988,O=C(O)c1ccccc1S,0.0,0.0,0.0,0.0,0.0,0.0,0.0,,0.0,0.0,0.0,0.0
MOL_04989,C=COCCOCCOC=C,0.0,0.0,0.0,0.0,0.0,0.0,0.0,0.0,0.0,0.0,0.0,0.0
MOL_04990,CS(=O)(=O)NC(=O)CCC/C=C\C[C@H]1C(=O)C[C@@H](O)[C@@H]1/C=C/[C@H](O)COc1ccccc1,0.0,0.0,0.0,0.0,0.0,0.0,0.0,,0.0,,0.0,0.0
MOL_04991,OCC(O)COc1ccc(Cl)cc1,0.0,0.0,0.0,0.0,0.0,0.0,0.0,,0.0,,0.0,0.0
MOL_04992,CN(C)CCCNCCC#N,0.0,0.0,0.0,0.0,0.0,0.0,0.0,0.0,0.0,0.0,0.0,0.0
MOL_04993,O=P(O)(O)Oc1ccccc1,0.0,0.0,0.0,0.0,0.0,0.0,0.0,,0.0,0.0,0.0,0.0
MOL_04994,CN(C1CCCCC1)S(=O)(=O)c1ccccc1N,0.0,0.0,0.0,0.0,,,0.0,0.0,0.0,0.0,,0.0
MOL_04995,C=CC(=O)OCCOCCOCC,0.0,0.0,0.0,0.0,0.0,0.0,0.0,1.0,0.0,,0.0,0.0
MOL_04996,C=C(C)[C@H]1Cc2c(ccc3c2O[C@@H]2COc4cc(OC)c(OC)cc4[C@@H]2C3=O)O1,0.0,0.0,0.0,,,0.0,,1.0,0.0,0.0,,1.0
MOL_04997,N=C1C=CC(=C(c2ccc(N)cc2)c2ccc(N)cc2)C=C1,0.0,,0.0,,,,,1.0,,1.0,1.0,1.0
MOL_04998,Cc1cc(C(=C2C=CC(=N)C=C2)c2ccc(N)cc2)ccc1N,0.0,0.0,0.0,,0.0,0.0,0.0,,0.0,0.0,1.0,0.0
MOL_04999,CO[C@H]1C=CO[C@@]2(C)Oc3c(C)c(O)c4c(O)c(c(/C=N/N5CCN(C)CC5)c(O)c4c3C2=O)NC(=O)C(C)=CC=C[C@H](C)[C@H](O)[C@@H](C)[C@@H](O)[C@@H](C)[C@H](OC(C)=O)[C@@H]1C,0.0,0.0,0.0,0.0,0.0,0.0,0.0,0.0,0.0,0.0,1.0,0.0
MOL_05000,CC/N=c1/cc2oc3cc(NCC)c(C)cc3c(-c3ccccc3C(=O)OCC)c-2cc1C,0.0,,,1.0,,0.0,,1.0,0.0,1.0,,1.0
MOL_05001,CCCCCCCCCCCCCCCC(=O)OC/C=C(C)/C=C/C=C(C)/C=C/C1=C(C)CCCC1(C)C,0.0,0.0,0.0,0.0,0.0,0.0,0.0,1.0,0.0,0.0,0.0,0.0
MOL_05002,CC(=O)OC/C=C(C)/C=C/C=C(C)/C=C/C1=C(C)CCCC1(C)C,0.0,0.0,0.0,0.0,0.0,1.0,0.0,1.0,0.0,1.0,0.0,0.0
MOL_05003,CO[Si](C)(OC)OC,0.0,0.0,0.0,0.0,0.0,0.0,0.0,0.0,0.0,0.0,,0.0
MOL_05004,O=C1Nc2ccccc2C1=O,0.0,0.0,1.0,0.0,0.0,0.0,0.0,1.0,0.0,0.0,,0.0
MOL_05005,CCN(CC)C1CCCCC1,0.0,0.0,0.0,0.0,0.0,0.0,0.0,0.0,0.0,0.0,0.0,0.0
MOL_05006,c1ccc2ncccc2c1,0.0,0.0,0.0,0.0,0.0,0.0,0.0,0.0,0.0,0.0,0.0,0.0
MOL_05007,CCC(=O)c1c(O)cc(O)cc1O,0.0,0.0,1.0,0.0,0.0,0.0,0.0,0.0,0.0,0.0,1.0,0.0
MOL_05008,O=[N+]([O-])c1ccccc1O,0.0,0.0,0.0,0.0,0.0,0.0,0.0,0.0,0.0,0.0,0.0,0.0
MOL_05009,Oc1cccc2ccccc12,0.0,0.0,1.0,0.0,0.0,0.0,0.0,1.0,0.0,0.0,1.0,0.0
MOL_05010,O=NN1CCCCC1,0.0,0.0,0.0,0.0,0.0,0.0,0.0,0.0,0.0,0.0,0.0,0.0
MOL_05011,O=c1c2ccccc2oc2ccccc12,0.0,0.0,,,1.0,0.0,0.0,0.0,0.0,0.0,0.0,0.0
MOL_05012,Cc1ccccc1N=O,0.0,0.0,,0.0,,0.0,0.0,,0.0,0.0,0.0,0.0
MOL_05013,O=C(O)CN(CC(=O)O)CC1=CC2C(=CC1=O)Oc1cc(O)c(CN(CC(=O)O)CC(=O)O)cc1C21OC(=O)c2ccccc21,0.0,,0.0,0.0,,0.0,,,0.0,,,0.0
MOL_05014,CN(C)P(=O)(N(C)C)N(C)C,0.0,0.0,0.0,0.0,0.0,0.0,0.0,0.0,0.0,0.0,0.0,0.0
MOL_05015,CCCCCC(N)=O,0.0,0.0,0.0,0.0,0.0,0.0,0.0,0.0,0.0,0.0,0.0,0.0
MOL_05016,CCCCCCOc1cc(C)c(O)c(C)c1C,0.0,0.0,1.0,,0.0,0.0,0.0,,0.0,,1.0,0.0
MOL_05017,Oc1c(Cl)cc(Cl)c(Cl)c1Cc1c(O)c(Cl)cc(Cl)c1Cl,0.0,0.0,0.0,,,0.0,1.0,,0.0,1.0,1.0,1.0
MOL_05018,CCCCCCC(O)CCCCCCCCCCC(=O)OC,0.0,0.0,,0.0,0.0,0.0,0.0,0.0,0.0,0.0,0.0,0.0
MOL_05019,CCCCOCCOCCOC(=O)CCCCC(=O)OCCOCCOCCCC,0.0,0.0,0.0,0.0,0.0,0.0,0.0,0.0,0.0,0.0,0.0,0.0
MOL_05020,CC(C)OC(=S)[S-],0.0,0.0,0.0,,,0.0,,0.0,0.0,1.0,,0.0
MOL_05021,CCc1cccc(CC)c1N(COC)C(=O)CCl,0.0,0.0,0.0,,0.0,0.0,,1.0,0.0,,,
MOL_05022,CNC(=O)ON=C(C)SC,0.0,0.0,0.0,0.0,0.0,0.0,0.0,0.0,0.0,0.0,0.0,0.0
MOL_05023,COc1ccc([C@@H]2CC(=O)c3c(O)cc(O[C@@H]4O[C@H](CO[C@@H]5O[C@@H](C)[C@H](O)[C@@H](O)[C@H]5O)[C@@H](O)[C@H](O)[C@H]4O)cc3O2)cc1O,0.0,0.0,0.0,0.0,0.0,0.0,0.0,,0.0,,0.0,0.0
MOL_05024,Cc1ccc([N+](=O)[O-])cc1,0.0,0.0,0.0,0.0,0.0,0.0,0.0,0.0,0.0,0.0,0.0,0.0
MOL_05025,O=S(=O)([O-])CCN1CCN(CCO)CC1,0.0,0.0,0.0,0.0,0.0,0.0,0.0,0.0,0.0,0.0,0.0,0.0
MOL_05026,Cc1c(C2(c3cc(Br)c(O)c(Br)c3C)OS(=O)(=O)c3ccccc32)cc(Br)c(O)c1Br,0.0,0.0,0.0,,,0.0,0.0,,,0.0,,0.0
MOL_05027,N=C(N)c1ccc(OCCCCCOc2ccc(C(=N)N)cc2)cc1.O=S(=O)(O)CCO.O=S(=O)(O)CCO,0.0,0.0,0.0,1.0,,0.0,0.0,1.0,,0.0,1.0,0.0
MOL_05028,C[C@]12C/C(=C/O)C(=O)C[C@@H]1CC[C@@H]1[C@@H]2CC[C@@]2(C)[C@H]1CC[C@]2(C)O,1.0,1.0,0.0,,1.0,1.0,,1.0,0.0,1.0,,
MOL_05029,O=C(CCCCCCC(=O)Nc1ccccc1)NO,0.0,,0.0,,,0.0,0.0,,1.0,0.0,0.0,1.0
MOL_05030,CCCOC(OCCC)OCCC,0.0,0.0,0.0,0.0,0.0,0.0,0.0,0.0,0.0,0.0,0.0,0.0
MOL_05031,COC(=O)CCCCC(=O)O,0.0,0.0,0.0,0.0,0.0,0.0,0.0,0.0,0.0,0.0,,0.0
MOL_05032,Nc1cc[nH]c(=O)n1,0.0,0.0,0.0,0.0,0.0,0.0,0.0,0.0,0.0,0.0,0.0,0.0
MOL_05033,CC[N+](CC)(CC)CC,0.0,0.0,0.0,0.0,0.0,0.0,0.0,0.0,0.0,0.0,0.0,0.0
MOL_05034,CCOC(=O)CC(=O)CCl,0.0,1.0,0.0,,0.0,0.0,1.0,0.0,1.0,,,
MOL_05035,C=C(C)C(=O)OCCCCCCOC(=O)C(=C)C,0.0,0.0,0.0,1.0,0.0,0.0,0.0,0.0,0.0,0.0,0.0,0.0
MOL_05036,CNCCc1ccccn1,,,,,,,,,,0.0,,
MOL_05037,C[C@H](C(=O)[O-])c1cccc(Oc2ccccc2)c1.C[C@H](C(=O)[O-])c1cccc(Oc2ccccc2)c1,0.0,0.0,0.0,0.0,0.0,0.0,1.0,0.0,0.0,0.0,0.0,0.0
MOL_05038,CCSc1ccc2c(c1)N(CCCN1CCN(C)CC1)c1ccccc1S2.O=C(O)CC(O)C(=O)O.O=C(O)CC(O)C(=O)O,0.0,0.0,,0.0,0.0,0.0,0.0,,0.0,,,0.0
MOL_05039,NC(=O)c1cc[n+](CC2=C(C(=O)[O-])N3C(=O)[C@@H](NC(=O)[C@H](c4ccccc4)S(=O)(=O)[O-])[C@@H]3SC2)cc1,0.0,0.0,0.0,0.0,0.0,0.0,0.0,,0.0,,0.0,0.0
MOL_05040,CNC[C@H](O)[C@@H](O)[C@@H](O)[C@H](O)CO.Cc1c(Nc2ncccc2C(=O)O)cccc1C(F)(F)F,0.0,,,,,0.0,0.0,0.0,0.0,0.0,1.0,0.0
MOL_05041,Cc1cc(C2CCCCC2)n(O)c(=O)c1.NCCO,,,,,,,,,,1.0,,
MOL_05042,CCCCC[C@H](O)/C=C/[C@H]1[C@H](O)C[C@H](O)[C@@H]1C/C=C\CCCC(=O)O.COC(N)(CO)CO,0.0,,,0.0,,,0.0,,0.0,,0.0,0.0
MOL_05043,CC1(C)S[C@@H]2[C@H](NC(=O)[C@@H](NC(=O)N3CCNC3=O)c3ccccc3)C(=O)N2[C@H]1C(=O)[O-],0.0,0.0,0.0,0.0,0.0,0.0,0.0,,0.0,,0.0,0.0
MOL_05044,C[C@H](N)[C@H](O)c1cccc(O)c1,,,,,,,,0.0,,0.0,,
MOL_05045,c1cc(OCC2CO2)cc(OCC2CO2)c1,0.0,0.0,0.0,,,0.0,,1.0,0.0,,0.0,1.0
MOL_05046,O=C1CCc2ccccc2O1,0.0,0.0,0.0,0.0,0.0,0.0,0.0,0.0,0.0,0.0,0.0,0.0
MOL_05047,CC1(C)OC(=O)NC1=O,0.0,0.0,0.0,0.0,1.0,0.0,0.0,0.0,0.0,0.0,0.0,0.0
MOL_05048,CNC(=O)CSP(=S)(OC)OC,0.0,0.0,0.0,0.0,0.0,0.0,0.0,0.0,0.0,0.0,0.0,0.0
MOL_05049,Oc1c(Cl)cc(Cl)cc1Sc1cc(Cl)cc(Cl)c1O,0.0,,0.0,,,0.0,,,0.0,1.0,1.0,1.0
MOL_05050,BrC(Br)C(Br)(Br)Br,0.0,0.0,,,0.0,0.0,0.0,,0.0,,0.0,1.0
MOL_05051,NS(=O)(=O)c1cc2c(cc1C(F)(F)F)NCNS2(=O)=O,0.0,0.0,0.0,0.0,0.0,0.0,0.0,0.0,0.0,0.0,0.0,0.0
MOL_05052,Clc1ccc(C(Cl)(Cl)Cl)c(Cl)c1,0.0,0.0,0.0,,0.0,0.0,0.0,,0.0,0.0,,0.0
MOL_05053,CCCCNc1ccc(C(=O)OCCN(C)C)cc1,0.0,0.0,,,0.0,0.0,0.0,0.0,0.0,0.0,0.0,0.0
MOL_05054,CCCCOc1ccc(C(=O)CCN2CCCCC2)cc1,0.0,0.0,0.0,,1.0,0.0,0.0,1.0,,,0.0,0.0
MOL_05055,COC(=O)C1CCC(C(=O)OC)CC1,0.0,0.0,0.0,0.0,0.0,0.0,0.0,0.0,0.0,0.0,0.0,0.0
MOL_05056,CNC(=O)Oc1c(C(C)(C)C)cc(C)cc1C(C)(C)C,0.0,0.0,0.0,,0.0,0.0,0.0,0.0,0.0,0.0,,0.0
MOL_05057,CCC(C)(CN(C)C)OC(=O)c1ccccc1,0.0,0.0,0.0,0.0,1.0,0.0,0.0,0.0,0.0,0.0,0.0,0.0
MOL_05058,CCCCCCCC/C=C\CCCCCCCC(=O)N(CCO)CCO,0.0,,0.0,,,0.0,,,0.0,,,0.0
MOL_05059,CCCCCCCCCCCCCCCC[N+](C)(C)CCN(Cc1ccc(OC)cc1)c1ncccn1,0.0,0.0,0.0,,0.0,0.0,0.0,,0.0,,,0.0
MOL_05060,CCCOc1cc(N)ccc1C(=O)OCCN(CC)CC,0.0,0.0,,0.0,0.0,0.0,0.0,,0.0,,,0.0
MOL_05061,O=C(Nc1ccccc1)OCC(CN1CCCCC1)OC(=O)Nc1ccccc1,0.0,0.0,0.0,0.0,0.0,0.0,,,0.0,0.0,0.0,0.0
MOL_05062,C#C[C@]1(O)CC[C@H]2[C@@H]3CCC4=CC(=O)CC[C@@H]4[C@H]3CC[C@@]21CC,1.0,1.0,0.0,0.0,1.0,1.0,0.0,,0.0,0.0,0.0,0.0
MOL_05063,O=[N+]([O-])c1ccccc1[O-],0.0,0.0,0.0,0.0,0.0,0.0,0.0,0.0,0.0,0.0,0.0,0.0
MOL_05064,CCOC(=O)CBr,0.0,0.0,,0.0,0.0,0.0,0.0,,0.0,0.0,0.0,0.0
MOL_05065,NCC(O)c1cccc(O)c1,0.0,0.0,0.0,0.0,0.0,0.0,0.0,,0.0,,0.0,0.0
MOL_05066,Oc1cc(Cl)c(Cl)c(Cl)c1,0.0,,0.0,,,,,,0.0,1.0,1.0,
MOL_05067,CC(O)[C@H]1CC[C@H]2[C@@H]3CC[C@@H]4C[C@@H](O)CC[C@]4(C)[C@H]3CC[C@]12C,0.0,0.0,0.0,0.0,1.0,1.0,0.0,,0.0,,0.0,0.0
MOL_05068,C=CCn1c(=O)n([C@@H]2O[C@H](CO)[C@@H](O)[C@H]2O)c2nc(N)[nH]c(=O)c21,0.0,0.0,0.0,0.0,0.0,0.0,0.0,0.0,0.0,0.0,0.0,0.0
MOL_05069,CC1=C[C@H](O)CC(C)(C)[C@H]1/C=C/C(C)=C/C=C/C(C)=C/C=C\C=C(C)\C=C\C=C(C)\C=C\C1=C(C)C[C@@H](O)CC1(C)C,0.0,0.0,0.0,0.0,,0.0,,,0.0,,,1.0
MOL_05070,CC(C)(Cc1c[nH]c2ccccc12)NCC(O)COc1ccccc1C#N,0.0,0.0,1.0,,0.0,0.0,,0.0,0.0,0.0,,0.0
MOL_05071,CCOc1cc(-c2nccc3cc(OC)c(OC)cc23)cc(OCC)c1OCC,0.0,0.0,1.0,,,0.0,0.0,,,,0.0,0.0
MOL_05072,CC(=O)O[C@]1(C(C)=O)CC[C@H]2[C@@H]3CCC4=CC(=O)CC[C@]4(C)[C@@]3(F)[C@@H](O)C[C@@]21C,1.0,,,,1.0,,0.0,,0.0,,0.0,0.0
MOL_05073,Cc1nc(-c2ccc(Cl)cc2)oc1COC(C)(C)C(=O)O,0.0,0.0,0.0,0.0,1.0,0.0,1.0,0.0,0.0,0.0,0.0,0.0
MOL_05074,CN1CCC(OC(=O)C(Oc2ccc(Cl)cc2)Oc2ccc(Cl)cc2)CC1,0.0,0.0,0.0,0.0,0.0,0.0,0.0,,0.0,,,0.0
MOL_05075,N[Pt]1(N)OC(=O)C2(CCC2)C(=O)O1,0.0,0.0,0.0,0.0,0.0,0.0,0.0,1.0,0.0,0.0,,0.0
MOL_05076,CCC1Nc2cc(Cl)c(S(N)(=O)=O)cc2S(=O)(=O)N1,0.0,0.0,0.0,0.0,0.0,0.0,0.0,0.0,0.0,0.0,0.0,0.0
MOL_05077,CCCC(=O)OCCC(C)C,0.0,0.0,0.0,0.0,0.0,0.0,0.0,0.0,0.0,0.0,0.0,0.0
MOL_05078,Cc1ccccc1NC(=N)NC(=N)N,0.0,,0.0,0.0,0.0,0.0,0.0,0.0,0.0,0.0,,0.0
MOL_05079,C1=Cc2ccccc2C1,0.0,0.0,1.0,0.0,,0.0,0.0,0.0,0.0,0.0,,0.0
MOL_05080,O=C(O)C(=O)Cc1c[nH]c2ccccc12,0.0,0.0,1.0,0.0,0.0,0.0,0.0,1.0,0.0,0.0,1.0,0.0
MOL_05081,O=[Se](O)O,0.0,0.0,,,,0.0,,1.0,,0.0,1.0,1.0
MOL_05082,NC(N)=[Se],0.0,0.0,0.0,,0.0,0.0,0.0,0.0,0.0,0.0,0.0,0.0
MOL_05083,CCc1oc2ccccc2c1C(=O)c1cc(Br)c(O)c(Br)c1,0.0,0.0,0.0,0.0,0.0,0.0,1.0,,0.0,,1.0,1.0
MOL_05084,CCCC(=NOCC)C1=C(O)CC(CC(C)SCC)CC1=O,0.0,0.0,0.0,0.0,0.0,0.0,0.0,0.0,0.0,0.0,0.0,0.0
MOL_05085,O=C([O-])[C@H](O)[C@H](O)[C@@H](O)[C@H](O)[C@H](O)CO,0.0,0.0,0.0,0.0,0.0,0.0,0.0,0.0,0.0,0.0,0.0,0.0
MOL_05086,CC(C)CCCCCCCCCCCCCCC(=O)O,0.0,0.0,0.0,,0.0,0.0,1.0,,0.0,,0.0,0.0
MOL_05087,CCOP(=O)(OCC)Oc1ccc([N+](=O)[O-])cc1,0.0,0.0,0.0,1.0,0.0,0.0,0.0,,0.0,0.0,0.0,0.0
MOL_05088,CCOS(=O)(=O)OCC,0.0,0.0,0.0,0.0,0.0,0.0,0.0,0.0,0.0,0.0,0.0,0.0
MOL_05089,COS(=O)(=O)[O-].Cn1c(-c2ccccc2)cc(-c2ccccc2)[n+]1C,0.0,0.0,0.0,,,0.0,0.0,1.0,0.0,0.0,0.0,0.0
MOL_05090,O=C(NC(=O)c1c(F)cccc1F)Nc1ccc(Cl)cc1,0.0,0.0,1.0,,1.0,0.0,0.0,0.0,0.0,0.0,0.0,0.0
MOL_05091,Cc1ccc(NC=O)c(C)c1,0.0,0.0,0.0,0.0,0.0,0.0,0.0,0.0,0.0,0.0,,0.0
MOL_05092,Cc1ccc(C=O)s1,0.0,0.0,0.0,,0.0,0.0,0.0,,0.0,,0.0,0.0
MOL_05093,CC1(C)C2CCC3(C2)[C@H]1C(=O)CCC3(C)C,0.0,0.0,0.0,,0.0,0.0,0.0,0.0,0.0,0.0,0.0,0.0
MOL_05094,CC(=O)c1ccc2c(c1)CCCC2,0.0,0.0,0.0,,,,0.0,0.0,0.0,0.0,0.0,0.0
MOL_05095,C=CC(=O)CCCCC,0.0,0.0,0.0,0.0,0.0,0.0,0.0,0.0,0.0,0.0,0.0,0.0
MOL_05096,CC(=O)CCc1ccc2c(c1)OCO2,0.0,0.0,0.0,0.0,0.0,0.0,0.0,0.0,0.0,0.0,0.0,0.0
MOL_05097,C=CC(C)(CCC=C(C)C)OC(=O)CC(C)C,0.0,0.0,0.0,0.0,0.0,0.0,0.0,0.0,0.0,0.0,0.0,0.0
MOL_05098,CNC(C)=O,0.0,0.0,0.0,0.0,0.0,0.0,0.0,0.0,0.0,0.0,0.0,0.0
MOL_05099,COc1ccc(CCC(C)=O)cc1,0.0,0.0,0.0,0.0,0.0,0.0,0.0,0.0,0.0,0.0,0.0,0.0
MOL_05100,Cc1ccc2c(c1)OCC(=O)CO2,0.0,0.0,0.0,,,0.0,0.0,0.0,0.0,0.0,0.0,0.0
MOL_05101,CCCC1CCCC(=O)O1,0.0,0.0,0.0,,0.0,0.0,1.0,0.0,0.0,0.0,0.0,0.0
MOL_05102,CCOc1ccccc1OCC1CNCCO1,,,,,,,,0.0,,0.0,,
MOL_05103,COc1ccc2cc(C=O)ccc2c1,,,,,,,,0.0,,0.0,,
MOL_05104,CCN(CC)CC(=O)Nc1c(C)cccc1C(=O)OC,,,,,,,,0.0,,0.0,,
MOL_05105,O=C(NCC1CN(c2ccc(N3CCOCC3=O)cc2)C(=O)O1)c1ccc(Cl)s1,,,,,,,,0.0,,0.0,,
MOL_05106,CC(=O)N(CC(=O)N(C)C)c1ccccc1,,,,,,,,0.0,,0.0,,
MOL_05107,O=C(O)C1CCC1,,,,,,,,0.0,,0.0,,
MOL_05108,CCNC(=O)[C@@H]1CCCN1C(=O)[C@H](CCCNC(=N)N)NC(=O)[C@H](CC(C)C)NC(=O)CNC(=O)[C@H](Cc1ccc(O)cc1)NC(=O)[C@H](CO)NC(=O)[C@H](Cc1c[nH]c2ccccc12)NC(=O)[C@H](Cc1cnc[nH]1)NC(=O)[C@@H]1CCC(=O)N1,,,,,,,,0.0,,0.0,,
MOL_05109,CC(Cc1ccccc1)N(C)Cc1ccco1,,,,,,,,0.0,,0.0,,
MOL_05110,CCCOc1ccc2c(c1)CC[C@@H]1[C@@H]2CC[C@]2(C)C(OC)CC[C@@H]12,,,,,,,,0.0,,0.0,,
MOL_05111,O=C(CCCCl)c1ccc(F)cc1,,,,,,,,0.0,,0.0,,
MOL_05112,C[C@]12C[C@H](O)[C@@]3(F)[C@@H](CCC4=CC(=O)C=C[C@@]43C)[C@@H]1C[C@@H](O)[C@]2(O)C(=O)CO,1.0,1.0,0.0,,1.0,0.0,0.0,0.0,0.0,0.0,0.0,0.0
MOL_05113,Cn1sccc1=O,0.0,0.0,0.0,,,0.0,0.0,,0.0,,,0.0
MOL_05114,CNC(=O)Oc1ccccc1C1OCCO1,0.0,0.0,,0.0,0.0,0.0,0.0,0.0,0.0,0.0,,0.0
MOL_05115,CC(=O)[C@@]1(O)CC[C@H]2[C@@H]3CCC4=CC(=O)CC[C@]4(C)[C@H]3CC[C@@]21C,1.0,1.0,0.0,0.0,1.0,1.0,0.0,,0.0,0.0,0.0,0.0
MOL_05116,CCCc1c(OCCCOc2ccc(OCC(=O)O)cc2)ccc(C(C)=O)c1O,0.0,,0.0,,0.0,0.0,1.0,,0.0,0.0,0.0,
MOL_05117,C=C(C)C(=O)OCC(O)COc1ccc(C(C)(C)c2ccc(OCC(O)COC(=O)C(=C)C)cc2)cc1,0.0,0.0,,,,0.0,,,,,1.0,
MOL_05118,C=C(C)CS(=O)(=O)[O-],0.0,0.0,0.0,0.0,0.0,0.0,0.0,0.0,0.0,0.0,0.0,0.0
MOL_05119,NC(=O)Cc1cccc(C(=O)c2ccccc2)c1N,0.0,0.0,,0.0,0.0,0.0,0.0,0.0,0.0,0.0,0.0,0.0
MOL_05120,C[Si](NC1CCCCC1)(NC1CCCCC1)NC1CCCCC1,0.0,0.0,0.0,0.0,0.0,0.0,0.0,0.0,0.0,0.0,0.0,0.0
MOL_05121,CCCCOC(=O)CCS,0.0,0.0,0.0,,,0.0,0.0,0.0,0.0,0.0,,0.0
MOL_05122,CCCCCCCCOCCCN,0.0,0.0,0.0,0.0,,0.0,0.0,,0.0,0.0,,0.0
MOL_05123,CC(C)OP(=O)(CP(=O)(OC(C)C)OC(C)C)OC(C)C,0.0,0.0,0.0,0.0,0.0,0.0,0.0,0.0,0.0,0.0,,0.0
MOL_05124,O=Cc1ccc(Cl)c([N+](=O)[O-])c1,0.0,0.0,0.0,,,0.0,0.0,1.0,0.0,,0.0,0.0
MOL_05125,Nc1nc(=S)[nH][nH]1,0.0,0.0,0.0,0.0,0.0,0.0,0.0,0.0,0.0,0.0,0.0,0.0
MOL_05126,C=CC(=O)NCOCC(C)C,0.0,0.0,0.0,0.0,0.0,0.0,0.0,,0.0,0.0,0.0,0.0
MOL_05127,CC1=Nc2ccc3ccccc3c2C1(C)C,0.0,0.0,,,,0.0,0.0,0.0,0.0,1.0,1.0,0.0
MOL_05128,CC(C)(C)NC(=O)[C@H]1CC[C@H]2[C@@H]3CC=C4C=C(C(=O)O)CC[C@]4(C)[C@H]3CC[C@]12C,0.0,0.0,0.0,0.0,0.0,0.0,,,0.0,,,0.0
MOL_05129,CC(C)(C)C1CCC(CC2=C(O)C(=O)c3ccccc3C2=O)CC1,,,,,,,,1.0,,0.0,,
MOL_05130,CC(NC(CCc1ccccc1)C(=O)O)C(=O)N1C(=O)N(C)CC1C(=O)O,,,,,,,,0.0,,0.0,,
MOL_05131,Cc1coc2ccccc2c1=O,,,,,,,,0.0,,0.0,,
MOL_05132,O=C(O)c1cn(C2CC2)c2cc(Cl)c(F)cc2c1=O,,,,,,,,0.0,,0.0,,
MOL_05133,CC(C)c1cc2c(cc1S(=O)(=O)O)[C@@]1(C)CCC[C@@](C)(C(=O)[O-])[C@@H]1CC2,,,,,,,,0.0,,0.0,,
MOL_05134,Cc1nc2n(c(=O)c1CCN1CCC(C(=O)c3ccc(F)cc3)CC1)CCS2,,,,,,,,,,0.0,,
MOL_05135,O=C(O)c1ccc(OCCN2CCCCC2)cc1,,,,,,,,0.0,,0.0,,
MOL_05136,COC(=O)c1cc(Cl)ccc1NS(=O)(=O)C(F)(F)F,,,,,,,,0.0,,0.0,,
MOL_05137,O=C1CC(c2ccc(Cl)cc2)CC(=O)N1,,,,,,,,0.0,,0.0,,
MOL_05138,COc1ccc2c(c1)c(CC(=O)OC/C=C(\C)CC/C=C(\C)CCC=C(C)C)c(C)n2C(=O)c1ccc(Cl)cc1,,,,,,,,,,0.0,,
MOL_05139,O=[N+]([O-])c1cccc(C(F)(F)F)c1,0.0,0.0,0.0,0.0,0.0,0.0,0.0,0.0,0.0,0.0,0.0,0.0
MOL_05140,CCCCCCCCC,0.0,0.0,0.0,0.0,0.0,0.0,0.0,0.0,0.0,0.0,0.0,0.0
MOL_05141,Cc1ccccc1[N+](=O)[O-],0.0,0.0,0.0,1.0,0.0,0.0,0.0,0.0,0.0,0.0,0.0,0.0
MOL_05142,O=[N+]([O-])c1ccccc1C(F)(F)F,0.0,0.0,0.0,0.0,0.0,0.0,0.0,0.0,0.0,0.0,0.0,0.0
MOL_05143,CCOC(=O)N(C)N=O,0.0,0.0,0.0,0.0,0.0,0.0,0.0,0.0,0.0,0.0,0.0,0.0
MOL_05144,C#C[C@@]1(O)CC[C@H]2[C@@H]3CCC4=CCCC[C@@H]4[C@H]3CC[C@@]21C,1.0,1.0,0.0,0.0,1.0,1.0,0.0,1.0,0.0,,1.0,0.0
MOL_05145,CC(=O)Nc1ccc2c(c1)Cc1cc(NC(C)=O)ccc1-2,0.0,0.0,0.0,0.0,1.0,0.0,0.0,0.0,0.0,0.0,0.0,0.0
MOL_05146,O=C1NCCN1CCO,0.0,0.0,0.0,0.0,0.0,0.0,0.0,0.0,0.0,0.0,0.0,0.0
MOL_05147,CNCCS(=O)(=O)[O-],0.0,0.0,0.0,0.0,0.0,0.0,0.0,0.0,0.0,0.0,0.0,0.0
MOL_05148,CCc1cc(C(C)(C)C)c(O)c(C(C)(C)C)c1,0.0,0.0,0.0,,0.0,0.0,0.0,,0.0,0.0,,0.0
MOL_05149,COc1cc(NC(=O)CC(C)=O)c(OC)cc1Cl,0.0,0.0,1.0,,0.0,0.0,0.0,,0.0,0.0,0.0,0.0
MOL_05150,CCO[Si](CCCCl)(OCC)OCC,0.0,0.0,0.0,0.0,0.0,0.0,0.0,0.0,0.0,0.0,1.0,0.0
MOL_05151,Oc1c(Br)c(Br)c(Br)c(Br)c1Br,0.0,0.0,1.0,,,0.0,,,0.0,,1.0,
MOL_05152,O=C(Nc1ccccc1-c1ccc(Cl)cc1)c1cccnc1Cl,0.0,0.0,0.0,0.0,0.0,0.0,0.0,0.0,0.0,0.0,,0.0
MOL_05153,CCCCCCCCCCCC(C)=O,0.0,0.0,0.0,0.0,1.0,,0.0,0.0,0.0,0.0,0.0,0.0
MOL_05154,OC[C@H]1O[C@](O)(CO)[C@@H](O)[C@@H]1O,0.0,0.0,0.0,0.0,0.0,0.0,0.0,0.0,0.0,0.0,0.0,0.0
MOL_05155,Clc1ccc(Cn2c(CN3CCCC3)nc3ccccc32)cc1,0.0,0.0,0.0,0.0,0.0,0.0,0.0,0.0,0.0,1.0,0.0,0.0
MOL_05156,O=C1CCc2cc(OCCCCc3nnnn3C3CCCCC3)ccc2N1,0.0,0.0,0.0,0.0,0.0,0.0,0.0,1.0,0.0,0.0,0.0,0.0
MOL_05157,Oc1cc(O)c2c(c1)O[C@H](c1ccc(O)c(O)c1)[C@H](O)C2,0.0,0.0,0.0,0.0,0.0,0.0,0.0,,0.0,0.0,,0.0
MOL_05158,c1ccc(C2CC2)c(OCC2=NCCN2)c1,0.0,0.0,0.0,0.0,0.0,0.0,0.0,0.0,0.0,0.0,0.0,0.0
MOL_05159,Clc1cccc(N2CCNCC2)c1,0.0,0.0,0.0,0.0,0.0,0.0,0.0,0.0,0.0,0.0,0.0,0.0
MOL_05160,NC(Cc1ccc(Cl)cc1)C(=O)O,0.0,0.0,0.0,0.0,0.0,0.0,0.0,0.0,0.0,0.0,0.0,0.0
MOL_05161,Nc1ccc2c(c1)C(=O)c1ccccc1C2=O,0.0,0.0,1.0,,1.0,0.0,0.0,1.0,1.0,0.0,1.0,0.0
MOL_05162,Cc1cc(N=Nc2ccccc2C)ccc1N,0.0,0.0,1.0,,1.0,,,1.0,1.0,0.0,,
MOL_05163,Nc1cc([N+](=O)[O-])ccc1O,0.0,0.0,1.0,,0.0,0.0,0.0,1.0,0.0,0.0,1.0,0.0
MOL_05164,Nc1ccc([N+](=O)[O-])cc1O,0.0,0.0,1.0,0.0,0.0,0.0,,1.0,0.0,0.0,1.0,0.0
MOL_05165,Nc1ncc([N+](=O)[O-])s1,0.0,0.0,1.0,0.0,1.0,0.0,0.0,0.0,0.0,0.0,1.0,0.0
MOL_05166,Nc1ccc(O)c([N+](=O)[O-])c1,0.0,0.0,,0.0,0.0,0.0,0.0,1.0,0.0,0.0,1.0,0.0
MOL_05167,Nc1nc(-c2ccc([N+](=O)[O-])cc2)cs1,0.0,0.0,,,1.0,0.0,0.0,,0.0,0.0,1.0,0.0
MOL_05168,O=C(NN1CCCC1)NS(=O)(=O)c1ccc(Cl)cc1,0.0,0.0,0.0,0.0,0.0,0.0,0.0,0.0,0.0,0.0,0.0,0.0
MOL_05169,C=CC[N+]1([C@H]2C[C@H]3[C@@H]4CC[C@H]5C[C@H](OC(C)=O)[C@@H](N6CCCCC6)C[C@]5(C)[C@H]4CC[C@]3(C)[C@H]2OC(=O)CC)CCCCC1,0.0,0.0,0.0,0.0,0.0,0.0,0.0,0.0,0.0,0.0,,0.0
MOL_05170,CCOC(=O)CCC(=O)OCC,0.0,0.0,0.0,0.0,0.0,0.0,0.0,0.0,0.0,0.0,0.0,0.0
MOL_05171,O=[N+]([O-])c1nccn1CO[C@@H](CO)[C@H](O)CO,0.0,0.0,0.0,0.0,0.0,0.0,0.0,0.0,0.0,0.0,0.0,0.0
MOL_05172,CC[C@H]1C[C@H]2[C@@H]3CCC4=CC(=O)CC[C@@H]4[C@H]3CC[C@]2(C)[C@H]1O,1.0,1.0,0.0,0.0,1.0,0.0,0.0,,0.0,0.0,0.0,0.0
MOL_05173,CCCCCC1Nc2cc(C(F)(F)F)c(S(N)(=O)=O)cc2S(=O)(=O)N1,0.0,0.0,0.0,0.0,0.0,0.0,0.0,0.0,0.0,0.0,0.0,0.0
MOL_05174,CO/N=C(/C(=O)N[C@@H]1C(=O)N2C(C(=O)O)=C(Cn3nnc(C)n3)CS[C@H]12)c1csc(N)n1,0.0,0.0,0.0,0.0,0.0,0.0,0.0,0.0,0.0,0.0,0.0,0.0
MOL_05175,Cc1cccc(N(C)C(=S)Oc2ccc3c(c2)CCC3)c1,0.0,0.0,0.0,0.0,0.0,0.0,0.0,1.0,0.0,0.0,0.0,0.0
MOL_05176,CC(=O)OCC(=O)Nc1cc(C#N)cc(NC(=O)COC(C)=O)c1Cl,0.0,0.0,0.0,0.0,0.0,0.0,0.0,0.0,0.0,0.0,0.0,0.0
MOL_05177,O=C(O)CCCC[P+](c1ccccc1)(c1ccccc1)c1ccccc1,,,,,,,,0.0,,0.0,,
MOL_05178,COCCCN1CCC(NC(=O)c2cc(Cl)c(N)c3c2OCC3)CC1,,,,,,,,0.0,,0.0,,
MOL_05179,C[C@](N)(Cc1ccc(O)c(O)c1)C(=O)O.C[C@](N)(Cc1ccc(O)c(O)c1)C(=O)O,0.0,0.0,0.0,0.0,0.0,0.0,0.0,0.0,0.0,0.0,0.0,0.0
MOL_05180,Cc1ccc2cc3c(ccc4ccccc43)c3c2c1CC3,0.0,0.0,1.0,,,,,1.0,0.0,,1.0,0.0
MOL_05181,Cc1ccc(O)c(O)c1,0.0,,1.0,,0.0,1.0,0.0,1.0,0.0,,,0.0
MOL_05182,Cc1cc(Cc2ccc(N)c(C)c2)ccc1N,0.0,0.0,,0.0,0.0,0.0,0.0,0.0,0.0,0.0,0.0,0.0
MOL_05183,FC(F)(F)C(Cl)(Cl)Cl,0.0,0.0,0.0,0.0,0.0,0.0,0.0,0.0,0.0,0.0,0.0,0.0
MOL_05184,N#CCC(=O)O,0.0,0.0,0.0,0.0,0.0,0.0,0.0,0.0,0.0,0.0,0.0,0.0
MOL_05185,CCSCC,0.0,0.0,0.0,0.0,0.0,0.0,0.0,0.0,0.0,,0.0,0.0
MOL_05186,CN(C)c1ccc(Cc2ccc(N(C)C)cc2)cc1,0.0,0.0,1.0,0.0,0.0,0.0,0.0,0.0,0.0,0.0,0.0,0.0
MOL_05187,ClCCl,0.0,0.0,0.0,0.0,0.0,0.0,0.0,0.0,0.0,0.0,0.0,0.0
MOL_05188,FC(F)(F)c1ccc(Cl)c(Cl)c1,0.0,0.0,0.0,0.0,0.0,0.0,0.0,0.0,0.0,0.0,0.0,0.0
MOL_05189,O=C=Nc1cccc(C(F)(F)F)c1,0.0,0.0,1.0,1.0,0.0,0.0,0.0,,0.0,0.0,1.0,0.0
MOL_05190,CC[C@@H](CO)NC(=O)[C@@H]1C=C2c3cccc4c3c(cn4C)C[C@H]2N(C)C1,0.0,0.0,1.0,0.0,0.0,0.0,0.0,0.0,0.0,0.0,0.0,0.0
MOL_05191,C[C@H]1C[C@H]2[C@@H]3CC[C@](O)(C(=O)CO)[C@@]3(C)C[C@H](O)[C@@H]2[C@@]2(C)C=CC(=O)C=C12,1.0,1.0,0.0,,0.0,0.0,0.0,0.0,0.0,0.0,0.0,0.0
MOL_05192,CC(=O)OCC(=O)[C@@]1(O)CC[C@H]2[C@@H]3C[C@H](C)C4=CC(=O)C=C[C@]4(C)[C@H]3[C@@H](O)C[C@@]21C,1.0,1.0,0.0,,1.0,0.0,0.0,,0.0,,0.0,0.0
MOL_05193,C[C@H]1C[C@H]2[C@@H]3CC[C@](O)(C(=O)COC(=O)CCC(=O)[O-])[C@@]3(C)C[C@H](O)[C@@H]2[C@@]2(C)C=CC(=O)C=C12,1.0,1.0,0.0,,,0.0,0.0,,0.0,,0.0,0.0
MOL_05194,C=CCOC(=O)C(=C)C,0.0,0.0,0.0,0.0,0.0,0.0,0.0,0.0,0.0,0.0,0.0,0.0
MOL_05195,OCC(Br)CBr,,,0.0,0.0,0.0,0.0,0.0,0.0,0.0,0.0,0.0,0.0
MOL_05196,Nc1ccc(Cl)c(Cl)c1,0.0,0.0,1.0,0.0,0.0,0.0,0.0,0.0,0.0,0.0,0.0,0.0
MOL_05197,NCCCC(=O)O,0.0,0.0,0.0,0.0,0.0,0.0,0.0,,0.0,,0.0,0.0
MOL_05198,Nc1ccccc1Cl,0.0,0.0,0.0,0.0,0.0,0.0,0.0,0.0,0.0,0.0,0.0,0.0
MOL_05199,CCC(C)C=O,0.0,0.0,0.0,0.0,0.0,0.0,0.0,0.0,0.0,0.0,0.0,0.0
MOL_05200,O=C1Cc2cc(Cl)ccc2N1,,,,,,,,1.0,,0.0,,
MOL_05201,FC(F)(F)c1ccc(Cl)cc1,0.0,0.0,0.0,0.0,0.0,0.0,0.0,0.0,0.0,0.0,0.0,0.0
MOL_05202,C[Si](C)(C)Cl,0.0,0.0,0.0,0.0,0.0,0.0,0.0,1.0,0.0,0.0,0.0,0.0
MOL_05203,CCC(Cl)C(Cl)C(Cl)CC(Cl)C(Cl)C(C)Cl,0.0,0.0,0.0,0.0,,0.0,0.0,,0.0,0.0,1.0,0.0
MOL_05204,C=Cc1ccc(C=C)cc1,0.0,0.0,0.0,0.0,0.0,0.0,0.0,0.0,0.0,0.0,0.0,0.0
MOL_05205,Nc1ccc([As](=O)(O)O)cc1,0.0,0.0,0.0,0.0,0.0,0.0,0.0,0.0,0.0,0.0,0.0,0.0
MOL_05206,O=[N+]([O-])C(Cl)(Cl)Cl,0.0,0.0,0.0,0.0,0.0,0.0,0.0,0.0,0.0,0.0,0.0,0.0
MOL_05207,Clc1ccc(Sc2cc(Cl)c(Cl)cc2Cl)cc1,0.0,0.0,0.0,0.0,0.0,0.0,0.0,0.0,0.0,0.0,1.0,0.0
MOL_05208,Cc1ccc(C)c2ccccc12,0.0,0.0,0.0,0.0,,0.0,0.0,0.0,0.0,0.0,0.0,0.0
MOL_05209,O=S(=O)(Oc1ccc(Cl)cc1)c1ccc(Cl)cc1,0.0,0.0,,0.0,0.0,0.0,0.0,0.0,0.0,0.0,1.0,0.0
MOL_05210,Cc1nnc2n1-c1sc(CCc3ccc(CC(C)C)cc3)cc1C(c1ccccc1Cl)=NC2C,0.0,,0.0,1.0,,0.0,,1.0,0.0,,1.0,
MOL_05211,CCC(=O)[O-].CCC(=O)[O-],0.0,0.0,0.0,,,,0.0,0.0,0.0,0.0,0.0,0.0
MOL_05212,COC(=O)c1cc(C(=O)OC)cc(S(=O)(=O)[O-])c1,0.0,0.0,0.0,0.0,0.0,0.0,0.0,0.0,0.0,0.0,0.0,0.0
MOL_05213,O=C([O-])CCl,0.0,0.0,0.0,0.0,0.0,0.0,0.0,0.0,0.0,0.0,0.0,0.0
MOL_05214,CC(C)C(OC(=O)c1ccccc1)C(C)(C)COC(=O)c1ccccc1,0.0,0.0,0.0,1.0,1.0,1.0,0.0,0.0,0.0,0.0,,0.0
MOL_05215,OCCCO,0.0,0.0,0.0,0.0,0.0,0.0,0.0,0.0,0.0,0.0,0.0,0.0
MOL_05216,O=C(CC(=O)c1ccccc1)c1ccccc1,0.0,0.0,1.0,,1.0,0.0,0.0,1.0,1.0,0.0,1.0,0.0
MOL_05217,CC(C)(C)c1cc(O)c(C(C)(C)C)cc1O,0.0,0.0,0.0,,,0.0,,1.0,0.0,0.0,1.0,
MOL_05218,COC(=O)[C@H](c1ccccc1Cl)N1CCc2sccc2C1,0.0,0.0,0.0,0.0,1.0,1.0,0.0,0.0,0.0,0.0,0.0,0.0
MOL_05219,CC(C)CCCCOC(=O)c1ccccc1C(=O)OCCCCC(C)C,0.0,0.0,0.0,0.0,0.0,0.0,0.0,0.0,0.0,0.0,0.0,0.0
MOL_05220,Cc1ncc(CO)c(C=O)c1O,0.0,0.0,0.0,0.0,0.0,0.0,0.0,,0.0,0.0,0.0,0.0
MOL_05221,NS(=O)(=O)Cc1noc2ccccc12,0.0,0.0,0.0,0.0,0.0,0.0,0.0,0.0,0.0,0.0,0.0,0.0
MOL_05222,CNC1=Nc2ccc(Cl)cc2C(c2ccccc2)=[N+]([O-])C1,0.0,0.0,0.0,0.0,0.0,0.0,0.0,,0.0,,0.0,0.0
MOL_05223,O=C1Nc2ccc(Cl)cc2[C@@](C#CC2CC2)(C(F)(F)F)O1,0.0,0.0,0.0,,,0.0,0.0,1.0,0.0,1.0,1.0,
MOL_05224,O=C(NC(=O)c1cc(F)c(F)cc1Cl)Nc1cc(F)ccc1N1CCC(C(=O)O)CC1,0.0,0.0,0.0,0.0,0.0,0.0,0.0,0.0,0.0,0.0,0.0,0.0
MOL_05225,CCOC(=O)O[C@H](C)OC(=O)c1ccc2c(c1)cc(C(=O)NC1CCN(C(C)C)CC1)n2Cc1cc(-c2ccc(Cl)s2)on1,0.0,,0.0,,,,,,,,,
MOL_05226,COc1ccc(C(=O)Nc2nc3ccccc3c(NCc3ccccc3)c2C#N)cc1,0.0,0.0,1.0,,,0.0,,,0.0,0.0,1.0,
MOL_05227,O=C(O)c1ccccc1-n1cc(C(=O)O)c(=O)c2cc(Nc3c(F)cc(F)cc3Cl)c(Cl)cc21,0.0,0.0,0.0,0.0,0.0,0.0,0.0,0.0,0.0,0.0,0.0,0.0
MOL_05228,CC[C@H](NC(=O)c1cc(F)ccc1[N-]S(=O)(=O)c1cccc2cccnc12)c1ccccc1,0.0,0.0,0.0,,0.0,0.0,0.0,,0.0,,1.0,
MOL_05229,NCc1cccc(C2CCN(C(=O)c3ccc(C#Cc4ccccc4F)o3)CC2)c1,0.0,,0.0,,,0.0,0.0,1.0,0.0,,0.0,
MOL_05230,CCN(Cc1cccnc1)C(=O)c1cccc(Cl)c1[C@]1(C)C(=O)N(Cc2ccc(OC)cc2OC)c2ccc(Cl)cc21,0.0,,,,,,,,0.0,1.0,1.0,
MOL_05231,CC(C)(C)C(=O)CCc1ccc(Cl)cc1,0.0,0.0,0.0,0.0,0.0,0.0,0.0,0.0,0.0,0.0,0.0,0.0
MOL_05232,CCCCCC(C)OC(=O)COc1ccc(Cl)c2cccnc12,0.0,,0.0,1.0,0.0,0.0,0.0,0.0,0.0,,0.0,0.0
MOL_05233,Cc1nc(C)c(Cl)c(O)c1Cl,0.0,0.0,0.0,0.0,0.0,0.0,0.0,0.0,0.0,0.0,0.0,0.0
MOL_05234,CC(C)=CCCC(C)CC=O,0.0,0.0,0.0,0.0,0.0,0.0,0.0,0.0,0.0,0.0,,0.0
MOL_05235,O=c1oc2ccccc2c(O)c1C1CCCc2ccccc21,0.0,0.0,0.0,0.0,0.0,0.0,1.0,,0.0,0.0,1.0,0.0
MOL_05236,COCC(C)OC(C)=O,1.0,1.0,,0.0,,,0.0,,0.0,0.0,0.0,0.0
MOL_05237,Cc1cc(C)cc(C)c1,1.0,0.0,0.0,0.0,0.0,0.0,0.0,0.0,0.0,0.0,0.0,0.0
MOL_05238,Cc1cccc(N)c1,0.0,0.0,1.0,0.0,0.0,0.0,0.0,0.0,0.0,0.0,0.0,0.0
MOL_05239,COC(=O)C1=C(C)NC(C)=C(C(=O)OCCN2CCN(C(c3ccccc3)c3ccccc3)CC2)C1c1cccc([N+](=O)[O-])c1,0.0,0.0,0.0,,,0.0,,,,0.0,1.0,
MOL_05240,Clc1nc(Cl)nc(Cl)n1,0.0,0.0,0.0,0.0,,0.0,0.0,0.0,0.0,0.0,0.0,0.0
MOL_05241,CC(C)Cc1ccc(CC(=O)O)cc1,,,,,,,,0.0,,0.0,,
MOL_05242,C#C[C@]1(O)CC[C@H]2[C@@H]3CCC4=CCCC[C@@H]4[C@H]3C(=C)C[C@@]21CC,1.0,1.0,0.0,0.0,1.0,1.0,0.0,,0.0,,1.0,
MOL_05243,C[C@H]1O[C@@H](O[C@H]2[C@@H](O)C[C@H](O[C@H]3CC[C@]4(C)[C@H]5C[C@@H](O)[C@]6(C)[C@@H](C7=CC(=O)OC7)CC[C@]6(O)[C@@H]5CC[C@@H]4C3)O[C@@H]2C)C[C@H](O)[C@@H]1O[C@H]1C[C@H](O)[C@H](O[C@@H]2O[C@H](CO)[C@@H](O)[C@H](O)[C@H]2O)[C@@H](C)O1,,,0.0,,,0.0,,,,0.0,1.0,
MOL_05244,CC(=O)OCC(=O)[C@H]1CC[C@H]2[C@@H]3CCC4=CC(=O)CC[C@]4(C)[C@H]3CC[C@]12C,1.0,1.0,0.0,0.0,1.0,0.0,0.0,0.0,0.0,0.0,0.0,0.0
MOL_05245,CC(C)Nc1cccnc1N1CCN(C(=O)c2cc3cc(NS(C)(=O)=O)ccc3[nH]2)CC1,0.0,0.0,0.0,0.0,0.0,0.0,0.0,,0.0,0.0,,0.0
MOL_05246,COc1cc2c(Nc3ccc(Br)cc3F)ncnc2cc1OCC1CCN(C)CC1,,,,,,,,0.0,,0.0,,
MOL_05247,CCNC(=O)[C@@H]1CCCN1C(=O)[C@H](CCCNC(=N)N)NC(=O)[C@H](CC(C)C)NC(=O)[C@@H](Cc1c[nH]c2ccccc12)NC(=O)[C@H](Cc1ccc(O)cc1)NC(=O)[C@H](CO)NC(=O)[C@H](Cc1c[nH]c2ccccc12)NC(=O)[C@H](Cc1c[nH]cn1)NC(=O)[C@@H]1CCC(=O)N1,0.0,,,,,,,,,,,
MOL_05248,CCCCCCCCCCCCCCCCCCCCCC(=O)Nc1ccn([C@@H]2O[C@H](CO)[C@@H](O)[C@@H]2O)c(=O)n1,0.0,0.0,0.0,0.0,0.0,0.0,0.0,,0.0,,0.0,1.0
MOL_05249,O=C(O)CCn1c2c(c3ccccc31)C[C@H](NS(=O)(=O)c1ccc(F)cc1)CC2,,,,,,,,,,0.0,,
MOL_05250,COc1ccc2[nH]c(S(=O)Cc3ncc(C)c(OC)c3C)nc2n1,0.0,0.0,1.0,0.0,0.0,,0.0,1.0,0.0,0.0,0.0,0.0
MOL_05251,COc1cc(C)c(Cc2cnc(N)nc2N)cc1OC,0.0,0.0,0.0,0.0,0.0,0.0,0.0,0.0,0.0,0.0,0.0,0.0
MOL_05252,Oc1ccc(C(O)CNCCCCCCNCC(O)c2ccc(O)c(O)c2)cc1O,0.0,0.0,0.0,0.0,0.0,0.0,0.0,,0.0,0.0,,0.0
MOL_05253,CC[C@H]1OC(=O)C[C@@H](O)[C@H](C)[C@@H](O[C@@H]2O[C@H](C)[C@@H](O)[C@H](N(C)C)[C@H]2O)[C@@H](CCN2C[C@@H](C)C[C@@H](C)C2)C[C@@H](C)C(=O)C=CC(C)=C[C@@H]1CO[C@@H]1O[C@H](C)[C@@H](O)[C@@H](OC)[C@H]1OC,,0.0,0.0,0.0,0.0,0.0,0.0,,0.0,,0.0,0.0
MOL_05254,O=C([O-])[C@H]1/C(=C/CO)O[C@@H]2CC(=O)N21,0.0,,0.0,0.0,0.0,0.0,0.0,,0.0,,0.0,
MOL_05255,CCC1CCC(=O)O1,0.0,0.0,0.0,0.0,1.0,0.0,0.0,0.0,0.0,0.0,0.0,0.0
MOL_05256,C=CC(C)(CCC=C(C)C)OC(=O)C=Cc1ccccc1,0.0,0.0,0.0,,1.0,0.0,0.0,,0.0,1.0,,0.0
MOL_05257,C/C=C/C(=O)Oc1c(CCCCCC(C)C)cc([N+](=O)[O-])cc1[N+](=O)[O-],0.0,,0.0,,,,,,,,1.0,
MOL_05258,O=C(O)CCCCCCCCCC(=O)O,0.0,,0.0,0.0,0.0,0.0,0.0,0.0,0.0,0.0,,0.0
MOL_05259,CC(C)[C@H]1CC[C@H](C(=O)N[C@H](Cc2ccccc2)C(=O)O)CC1,0.0,0.0,0.0,,0.0,0.0,0.0,0.0,0.0,0.0,0.0,0.0
MOL_05260,COc1ccc2cc([C@H](C)C(=O)O)ccc2c1,0.0,0.0,0.0,0.0,0.0,0.0,0.0,0.0,0.0,0.0,0.0,0.0
MOL_05261,Nc1cc(N2CCCCC2)nc(N)[n+]1[O-],0.0,0.0,0.0,0.0,0.0,0.0,0.0,0.0,0.0,0.0,0.0,0.0
MOL_05262,CC[C@H](C)C(=O)O[C@H]1CCC=C2C=C[C@H](C)[C@H](CC[C@@H]3C[C@@H](O)CC(=O)O3)[C@H]21,0.0,0.0,0.0,1.0,0.0,0.0,0.0,,0.0,,0.0,0.0
MOL_05263,CC(=O)O[C@]1(C(C)=O)CC[C@H]2[C@@H]3C=C(C)C4=CC(=O)CC[C@]4(C)[C@H]3CC[C@@]21C,1.0,,0.0,,0.0,0.0,0.0,1.0,0.0,0.0,,0.0
MOL_05264,COC(=O)Nc1nc2cc(C(=O)c3ccccc3)ccc2[nH]1,0.0,,1.0,0.0,0.0,,,1.0,1.0,0.0,1.0,1.0
MOL_05265,C[C@@H]1OC(=O)C[C@H](O)C[C@H](O)C[C@H](O)CC[C@@H](O)[C@H](O)C[C@]2(O)C[C@H](O)[C@@H](C(=O)O)C(C[C@@H](O[C@H]3O[C@@H](C)[C@H](O)[C@@H](N)[C@H]3O)C=CC=CC=CC=CCCC=CC=C[C@H](C)[C@@H](O)[C@H]1C)O2,0.0,0.0,0.0,0.0,0.0,0.0,0.0,,0.0,,0.0,0.0
MOL_05266,COc1cc(OC)c(C(=O)CCCN2CCCC2)c(OC)c1,0.0,0.0,0.0,0.0,0.0,0.0,0.0,0.0,0.0,0.0,0.0,0.0
MOL_05267,OCCSc1ccccc1,0.0,0.0,0.0,0.0,0.0,0.0,0.0,0.0,0.0,0.0,0.0,0.0
MOL_05268,CC(C)c1cccc(C(C)C)c1N1C(=O)c2ccc(O)cc2C1=O,0.0,,0.0,1.0,1.0,1.0,,,0.0,,1.0,1.0
MOL_05269,O=C1Cc2ccccc2N1c1c(Cl)cccc1Cl,0.0,0.0,0.0,,1.0,1.0,0.0,1.0,0.0,0.0,,0.0
MOL_05270,CCCCCSCCCCC,0.0,0.0,0.0,0.0,0.0,0.0,0.0,0.0,0.0,0.0,0.0,0.0
MOL_05271,C=CC(=O)OCC(COC(=O)C=C)(COC(=O)C=C)COC(=O)C=C,0.0,,,,,1.0,1.0,,1.0,,,
MOL_05272,CSc1c(Cl)c(Cl)c(Cl)c(Cl)c1Cl,0.0,0.0,0.0,0.0,0.0,0.0,0.0,,0.0,0.0,,0.0
MOL_05273,CC(S)C(C)S,0.0,0.0,0.0,0.0,0.0,0.0,0.0,0.0,0.0,0.0,0.0,0.0
MOL_05274,O=C(Nc1ccccc1)N(Cc1ccc(Cl)cc1)C1CCCC1,0.0,0.0,1.0,0.0,0.0,0.0,,,,0.0,1.0,
MOL_05275,CCCC(Cn1cncn1)c1ccc(Cl)cc1Cl,0.0,0.0,,1.0,,0.0,,1.0,,0.0,,
MOL_05276,CC(=O)c1ccc[nH]1,0.0,0.0,0.0,,0.0,0.0,0.0,0.0,0.0,0.0,0.0,0.0
MOL_05277,CC(=O)c1cnccn1,0.0,0.0,0.0,0.0,0.0,0.0,0.0,0.0,0.0,0.0,0.0,0.0
MOL_05278,CCCCCC/C=C/C=O,0.0,0.0,0.0,0.0,0.0,0.0,0.0,0.0,0.0,0.0,0.0,0.0
MOL_05279,COC(=O)c1ccccc1OC,0.0,0.0,0.0,0.0,0.0,0.0,0.0,0.0,0.0,0.0,0.0,0.0
MOL_05280,CCc1ccc(C=O)cc1,0.0,0.0,0.0,0.0,0.0,0.0,0.0,0.0,0.0,0.0,0.0,0.0
MOL_05281,CC(C)(C)C1CCCCC1=O,0.0,0.0,0.0,0.0,0.0,0.0,0.0,0.0,0.0,0.0,0.0,0.0
MOL_05282,CCOP(=S)(OCC)SCSc1cc(Cl)ccc1Cl,0.0,0.0,0.0,0.0,,0.0,0.0,0.0,0.0,0.0,0.0,0.0
MOL_05283,CCCC(=O)OC,0.0,0.0,0.0,0.0,0.0,0.0,0.0,0.0,0.0,0.0,0.0,0.0
MOL_05284,CC(CN(CCN(CC(C)OCCO)CC(C)OCCO)CC(C)OCCO)OCCO,0.0,0.0,0.0,0.0,0.0,0.0,0.0,1.0,0.0,0.0,0.0,0.0
MOL_05285,CNC(=O)c1ccccc1Sc1ccc2c(/C=C/c3ccccn3)n[nH]c2c1,,,,,,,,1.0,,0.0,,
MOL_05286,CCN(CC)CCCN(c1ccccc1)C1Cc2ccccc2C1,0.0,,,,,0.0,,0.0,,0.0,,
MOL_05287,CO.COc1cc(Nc2c(C#N)cnc3cc(OCCCN4CCN(C)CC4)c(OC)cc23)c(Cl)cc1Cl,0.0,,,,,,,,,,1.0,1.0
MOL_05288,COC(=O)C1=C(C)NC(C)=C(C(=O)O[C@@H]2CCCN(Cc3ccccc3)C2)[C@@H]1c1cccc([N+](=O)[O-])c1,0.0,0.0,,,0.0,0.0,,,0.0,0.0,1.0,0.0
MOL_05289,COCCCOc1cc(C[C@@H](C[C@H](N)[C@@H](O)C[C@H](C(=O)NCC(C)(C)C(N)=O)C(C)C)C(C)C)ccc1OC,0.0,0.0,0.0,0.0,0.0,0.0,0.0,0.0,0.0,0.0,0.0,0.0
MOL_05290,CC(=O)Nc1ccc(S(=O)(=O)Nc2cc(C)on2)cc1,0.0,0.0,0.0,0.0,0.0,0.0,0.0,0.0,0.0,0.0,0.0,0.0
MOL_05291,C[C@@H](O[C@H]1OCCN(CC2=NC(=O)N=N2)[C@H]1C1CCC(F)CC1)c1cc(C(F)(F)F)cc(C(F)(F)F)c1,0.0,0.0,0.0,,,0.0,0.0,0.0,0.0,,,
MOL_05292,CCCN(CCC)C(=O)Cc1c(-c2ccc(Cl)cc2)nc2ccc(Cl)cn12,0.0,0.0,,0.0,0.0,0.0,0.0,,0.0,0.0,,0.0
MOL_05293,CC1(C)N=C(N)N=C(N)N1c1ccc(Cl)cc1,0.0,0.0,,0.0,,0.0,,,0.0,,0.0,
MOL_05294,NC(=O)COCCN1CCN(C(c2ccccc2)c2ccc(Cl)cc2)CC1,0.0,0.0,0.0,0.0,0.0,0.0,0.0,0.0,0.0,0.0,,0.0
MOL_05295,CCNc1nc(Cl)nc(NCC)n1,0.0,0.0,0.0,0.0,0.0,0.0,0.0,0.0,0.0,0.0,0.0,0.0
MOL_05296,CCN(CC)CCOc1ccc(-c2nc3cc(Cl)ccc3s2)cc1,0.0,,1.0,,,0.0,,,,,,
MOL_05297,C=C1CC[C@H](O)C/C1=C/C=C1\CCC[C@@]2(C)[C@H]1CC[C@@H]2[C@H](C)CC[C@@H](O)C(C)(C)O,0.0,0.0,0.0,0.0,,0.0,,,0.0,,1.0,
MOL_05298,O=[Se]=O,0.0,,0.0,0.0,,0.0,0.0,1.0,,0.0,,1.0
MOL_05299,Oc1ccc2c(c1)OCO2,1.0,1.0,0.0,,,,,0.0,0.0,0.0,0.0,0.0
MOL_05300,CN1C(=O)CCS(=O)(=O)C1c1ccc(Cl)cc1,0.0,0.0,0.0,0.0,0.0,0.0,0.0,0.0,0.0,0.0,0.0,0.0
MOL_05301,S=C(SSSSSSC(=S)N1CCCCC1)N1CCCCC1,0.0,0.0,,,0.0,0.0,,,1.0,1.0,,0.0
MOL_05302,ClC/C=C\CCl,0.0,0.0,0.0,0.0,0.0,0.0,0.0,,0.0,0.0,0.0,0.0
MOL_05303,CCc1ncnc2cc(OC)c(OC)cc12,0.0,0.0,0.0,0.0,0.0,0.0,0.0,,0.0,,0.0,0.0
MOL_05304,CC(C)(C)C(=O)C(=O)O,0.0,0.0,0.0,0.0,0.0,0.0,0.0,0.0,0.0,0.0,0.0,0.0
MOL_05305,Cc1c(N)cccc1N,0.0,0.0,1.0,0.0,0.0,0.0,0.0,0.0,0.0,0.0,1.0,0.0
MOL_05306,CCOC(=O)NC(O)C(Cl)(Cl)Cl,0.0,0.0,0.0,0.0,0.0,0.0,0.0,0.0,0.0,0.0,0.0,0.0
MOL_05307,CC(=O)[C@@]1(O)CC[C@H]2[C@@H]3C=C(Cl)C4=CC(=O)CC[C@]4(C)[C@H]3CC[C@@]21C,1.0,1.0,0.0,,1.0,0.0,0.0,,0.0,,,0.0
MOL_05308,O=NN1CCCCCC1,0.0,0.0,0.0,0.0,0.0,0.0,0.0,0.0,0.0,0.0,0.0,0.0
MOL_05309,O=S(=O)(O)c1ccccc1,0.0,0.0,0.0,0.0,0.0,0.0,0.0,0.0,0.0,0.0,0.0,0.0
MOL_05310,CC[C@@H](C)CCCCC(=O)N[C@H](CCN)C(=O)N[C@@H](C(=O)N[C@H](CCN)C(=O)N[C@@H]1CCNC(=O)C([C@@H](C)O)NC(=O)[C@@H](CCN)NC(=O)[C@@H](CCN)NC(=O)[C@@H](CC(C)C)NC(=O)[C@@H](Cc2ccccc2)NC(=O)[C@@H](CCN)NC1=O)[C@@H](C)O,0.0,0.0,0.0,0.0,0.0,0.0,0.0,,0.0,,0.0,0.0
MOL_05311,NCCc1cc(O)c(O)cc1O,,,,,,,,,,0.0,,
MOL_05312,NC(=O)c1cc([N+](=O)[O-])cc([N+](=O)[O-])c1,0.0,0.0,0.0,0.0,,0.0,0.0,1.0,0.0,0.0,0.0,0.0
MOL_05313,COc1cccc(OC)c1C(=O)N[C@@H]1C(=O)N2[C@@H](C(=O)[O-])C(C)(C)S[C@H]12,0.0,0.0,0.0,0.0,1.0,0.0,0.0,1.0,0.0,0.0,0.0,0.0
MOL_05314,OC[C@H]1O[C@](O)(CO)[C@@H](O)[C@@H]1O[C@@H]1O[C@H](CO)[C@H](O)[C@H](O)[C@H]1O,0.0,0.0,0.0,0.0,0.0,0.0,0.0,0.0,0.0,0.0,0.0,0.0
MOL_05315,O=[N+]([O-])O[C@H]1CO[C@H]2[C@@H]1OC[C@H]2O[N+](=O)[O-],0.0,0.0,0.0,0.0,,0.0,0.0,0.0,0.0,0.0,0.0,0.0
MOL_05316,CC(C(=O)O)c1ccc(N2Cc3ccccc3C2=O)cc1,0.0,,,1.0,1.0,,0.0,,1.0,,0.0,0.0
MOL_05317,Oc1cc2c(cc1O)[C@H]1c3ccc(O)c(O)c3OC[C@@]1(O)C2,0.0,,0.0,,,0.0,0.0,0.0,0.0,,0.0,0.0
MOL_05318,ClC1=C(Cl)C2(Cl)C3C(Cl)C=CC3C1(Cl)C2(Cl)Cl,0.0,0.0,0.0,,0.0,0.0,0.0,1.0,0.0,,1.0,
MOL_05319,COC1=CC(=O)O[C@@H](/C=C/c2ccc3c(c2)OCO3)C1,0.0,,1.0,,,0.0,0.0,,0.0,0.0,,0.0
MOL_05320,COC1=CC(=O)C[C@@H](C)[C@]12Oc1c(Cl)c(OC)cc(OC)c1C2=O,0.0,0.0,0.0,1.0,0.0,0.0,1.0,,1.0,0.0,0.0,1.0
MOL_05321,CCN(Cc1cccc(S(=O)(=O)[O-])c1)c1ccc(C(=C2C=CC(=[N+](CC)Cc3cccc(S(=O)(=O)[O-])c3)C=C2)c2ccc(O)cc2S(=O)(=O)[O-])cc1,0.0,0.0,0.0,,,0.0,0.0,0.0,0.0,0.0,,0.0
MOL_05322,COC(=O)CS,0.0,0.0,0.0,0.0,0.0,0.0,0.0,0.0,0.0,0.0,0.0,
MOL_05323,CCCN1CCCC[C@H]1C(=O)Nc1c(C)cccc1C,0.0,0.0,0.0,0.0,0.0,0.0,0.0,0.0,0.0,0.0,,0.0
MOL_05324,O=C([O-])C(F)(F)C(F)(F)C(F)(F)C(F)(F)C(F)(F)C(F)(F)C(F)(F)F,0.0,0.0,0.0,,0.0,0.0,0.0,1.0,0.0,0.0,0.0,0.0
MOL_05325,O=S(=O)([O-])C(F)(F)C(F)(F)C(F)(F)C(F)(F)C(F)(F)C(F)(F)F,0.0,0.0,0.0,0.0,0.0,0.0,0.0,0.0,0.0,0.0,,0.0
MOL_05326,CC1(C)[C@H]2CC[C@](C)(C2)[C@H]1O,0.0,0.0,0.0,0.0,0.0,0.0,0.0,0.0,0.0,0.0,0.0,0.0
MOL_05327,CC(C)c1c(C(=O)Nc2ccccc2)c(-c2ccccc2)c(-c2ccc(F)cc2)n1CC[C@@H](O)C[C@@H](O)CC(=O)[O-].CC(C)c1c(C(=O)Nc2ccccc2)c(-c2ccccc2)c(-c2ccc(F)cc2)n1CC[C@@H](O)C[C@@H](O)CC(=O)[O-],0.0,0.0,0.0,1.0,1.0,0.0,0.0,,0.0,0.0,,0.0
MOL_05328,CCOC(=O)C(C)C(C)=O,0.0,0.0,0.0,0.0,0.0,0.0,0.0,0.0,0.0,0.0,0.0,0.0
MOL_05329,ClCC(Br)CBr,0.0,0.0,0.0,0.0,0.0,0.0,0.0,0.0,0.0,0.0,,0.0
MOL_05330,c1ccc2c(c1)Oc1ccccc1O2,0.0,0.0,0.0,0.0,0.0,0.0,0.0,0.0,0.0,0.0,0.0,0.0
MOL_05331,BrCCBr,0.0,0.0,0.0,0.0,0.0,0.0,0.0,0.0,0.0,0.0,0.0,0.0
MOL_05332,CCCCCCCCCCCOC(=O)c1ccccc1C(=O)OCCCCCCCCCCC,0.0,0.0,0.0,0.0,1.0,0.0,0.0,0.0,0.0,0.0,0.0,0.0
MOL_05333,C=Cc1ccccc1C=C,0.0,0.0,0.0,0.0,0.0,0.0,0.0,0.0,0.0,0.0,0.0,0.0
MOL_05334,CCCCCCCCC/C=C/CC1CC(=O)OC1=O,0.0,0.0,0.0,0.0,0.0,0.0,,1.0,0.0,0.0,0.0,0.0
MOL_05335,NCCCN1CCN(CCCN)CC1,0.0,0.0,0.0,0.0,0.0,0.0,0.0,0.0,0.0,0.0,0.0,0.0
MOL_05336,C=CC(C)(O)CCC=C(C)CCC=C(C)C,0.0,0.0,0.0,,0.0,0.0,0.0,0.0,0.0,0.0,1.0,0.0
MOL_05337,CCCCCCCCCCCCOCCO,0.0,0.0,0.0,,0.0,0.0,0.0,0.0,0.0,1.0,0.0,0.0
MOL_05338,CCCCCCCCCC(CC)c1ccc(S(=O)(=O)[O-])cc1,0.0,0.0,0.0,0.0,0.0,0.0,0.0,1.0,0.0,0.0,0.0,0.0
MOL_05339,Cc1cc2c(C(C)C)c(O)c(O)c(C=O)c2c(O)c1-c1c(C)cc2c(C(C)C)c(O)c(O)c(C=O)c2c1O,0.0,,0.0,,,0.0,0.0,,1.0,,1.0,
MOL_05340,CN(C(=O)CN(CCO)CC(=O)N(C)C(C)(C)Cc1ccccc1)C(C)(C)Cc1ccccc1,0.0,0.0,0.0,0.0,0.0,0.0,0.0,0.0,0.0,0.0,,0.0
MOL_05341,c1ccc(COCc2ccccc2)cc1,0.0,0.0,0.0,0.0,0.0,0.0,0.0,0.0,0.0,0.0,0.0,0.0
MOL_05342,COc1ccccc1OCC(O)CO,0.0,0.0,0.0,0.0,0.0,0.0,0.0,0.0,0.0,0.0,0.0,0.0
MOL_05343,CCCCCc1cc(O)cc(O)c1,0.0,0.0,1.0,,0.0,0.0,0.0,1.0,0.0,0.0,1.0,
MOL_05344,CCCCCCCC/C=C\CCCCCCCC(=O)OC,0.0,0.0,0.0,0.0,,,0.0,0.0,0.0,0.0,0.0,0.0
MOL_05345,O=C(O)C(=O)O,0.0,0.0,0.0,0.0,,0.0,0.0,0.0,0.0,0.0,0.0,0.0
MOL_05346,O=C(O)c1cc(O)nc(O)n1,0.0,0.0,0.0,0.0,0.0,0.0,0.0,0.0,0.0,0.0,0.0,0.0
MOL_05347,Cc1ccccc1C(OCCN(C)C)c1ccccc1,0.0,0.0,0.0,0.0,0.0,0.0,0.0,,0.0,0.0,,0.0
MOL_05348,O=C1O[C@H](CO)[C@@H](O)[C@H](O)[C@H]1O,0.0,0.0,0.0,0.0,0.0,0.0,0.0,0.0,0.0,0.0,0.0,0.0
MOL_05349,CN(C)Cc1cc(CN(C)C)c(O)c(CN(C)C)c1,0.0,0.0,0.0,0.0,0.0,0.0,0.0,,0.0,0.0,0.0,0.0
MOL_05350,IC(I)=C(I)I,0.0,,,,,0.0,,,,,1.0,1.0
MOL_05351,O=P([O-])([O-])OP(=O)([O-])[O-],0.0,0.0,,0.0,1.0,0.0,0.0,,0.0,,0.0,0.0
MOL_05352,CC(C)NC[C@@H](O)COc1cccc2ccccc12,0.0,0.0,,0.0,0.0,0.0,0.0,0.0,0.0,0.0,,0.0
MOL_05353,CC(=O)OCC(=O)[C@@]12OC(C)(C)O[C@@H]1C[C@H]1[C@@H]3C[C@H](F)C4=CC(=O)C=C[C@]4(C)[C@@]3(F)[C@@H](O)C[C@@]12C,1.0,0.0,,,,,0.0,0.0,,0.0,0.0,0.0
MOL_05354,CC(=O)OCC(=O)[C@@]1(O)CC[C@H]2[C@@H]3CCC4=CC(=O)C=C[C@]4(C)[C@@]3(F)[C@@H](O)C[C@@]21C,1.0,1.0,,,0.0,0.0,0.0,0.0,0.0,0.0,0.0,0.0
MOL_05355,CNC(=O)ON=C(CSC)C(C)(C)C,0.0,0.0,0.0,0.0,0.0,0.0,0.0,0.0,0.0,0.0,,0.0
MOL_05356,O=c1nn[nH]c2ccccc12,0.0,0.0,0.0,0.0,0.0,0.0,0.0,0.0,0.0,0.0,0.0,0.0
MOL_05357,Nc1ccc2cc(S(=O)(=O)O)cc(O)c2c1,0.0,0.0,1.0,0.0,0.0,0.0,0.0,0.0,0.0,0.0,0.0,0.0
MOL_05358,CCOC(=O)COc1cc(-n2ncc(C(F)(F)F)c(C)c2=O)c(F)cc1Cl,0.0,0.0,0.0,0.0,0.0,0.0,0.0,0.0,0.0,0.0,0.0,0.0
MOL_05359,CCCCOC(=O)C(C)Oc1ccc(Oc2ccc(C(F)(F)F)cn2)cc1,0.0,0.0,0.0,1.0,0.0,0.0,0.0,0.0,0.0,0.0,0.0,0.0
MOL_05360,COc1nn(C(=O)[N-]S(=O)(=O)c2ccccc2OC(F)(F)F)c(=O)n1C,0.0,0.0,0.0,0.0,0.0,0.0,0.0,0.0,0.0,0.0,0.0,0.0
MOL_05361,CCCCCOC(=O)c1ccccc1C(=O)OCCCCC,0.0,0.0,0.0,0.0,0.0,0.0,0.0,0.0,0.0,0.0,0.0,0.0
MOL_05362,CCCOC(=O)c1ccccc1C(=O)OCCC,0.0,0.0,0.0,0.0,0.0,0.0,0.0,0.0,0.0,0.0,0.0,0.0
MOL_05363,CCc1ccc(C(=O)NN(C(=O)c2cc(C)cc(C)c2)C(C)(C)C)cc1,0.0,0.0,0.0,0.0,0.0,0.0,0.0,1.0,0.0,0.0,,0.0
MOL_05364,c1nc[n-]n1,0.0,0.0,1.0,0.0,0.0,,0.0,0.0,0.0,0.0,0.0,0.0
MOL_05365,CCCCCCCCS,,0.0,0.0,,0.0,0.0,0.0,0.0,0.0,0.0,0.0,0.0
MOL_05366,N#CCCSCCC#N,0.0,0.0,0.0,0.0,,0.0,0.0,0.0,0.0,0.0,0.0,0.0
MOL_05367,CCOC(=O)C1=C[C@]2(CC)CCCN3CCc4c(n1c1ccccc41)[C@@H]32,0.0,0.0,0.0,0.0,0.0,0.0,0.0,0.0,0.0,0.0,,0.0
MOL_05368,Cc1nnc2n1-c1ccc(Cl)cc1C(c1ccccc1Cl)=NC2,0.0,0.0,0.0,0.0,,0.0,0.0,,0.0,,0.0,0.0
MOL_05369,CCOc1ccc2c3c1O[C@H]1[C@@H](O)C=C[C@H]4[C@@H](C2)N(C)CC[C@]314,0.0,0.0,0.0,0.0,0.0,0.0,0.0,,0.0,,0.0,0.0
MOL_05370,CC(=O)Oc1ccc2c3c1O[C@H]1[C@@H](OC(C)=O)C=C[C@H]4[C@@H](C2)N(C)CC[C@]314,0.0,0.0,0.0,0.0,0.0,0.0,0.0,,0.0,,0.0,0.0
MOL_05371,CCC(=O)O[C@]1(c2ccccc2)CCN(C)C[C@H]1C,0.0,0.0,0.0,0.0,0.0,0.0,0.0,,0.0,,0.0,0.0
MOL_05372,CC(C)Cn1cnc2c1c(=O)n(C)c(=O)n2C,0.0,0.0,0.0,0.0,0.0,0.0,0.0,0.0,0.0,0.0,0.0,0.0
MOL_05373,Brc1c2ccccc2c(Br)c2ccccc12,0.0,,0.0,0.0,0.0,,1.0,1.0,0.0,1.0,,1.0
MOL_05374,Cc1nc2ccccc2c(=O)o1,0.0,0.0,,,0.0,0.0,0.0,0.0,0.0,0.0,0.0,0.0
MOL_05375,CCn1cc[n+](C)c1.COS(=O)(=O)[O-],0.0,0.0,0.0,0.0,0.0,0.0,0.0,0.0,0.0,0.0,,0.0
MOL_05376,CCOC(=O)c1ccc(I)cc1,,0.0,0.0,,0.0,0.0,0.0,0.0,0.0,0.0,0.0,0.0
MOL_05377,C/C=C(\C)C=O,0.0,0.0,0.0,0.0,0.0,0.0,0.0,0.0,0.0,0.0,0.0,0.0
MOL_05378,CN(C)c1ccc(CCO)cc1,0.0,0.0,,0.0,0.0,0.0,0.0,0.0,0.0,0.0,0.0,0.0
MOL_05379,O=C1c2ccccc2-c2ccccc21,0.0,0.0,0.0,0.0,0.0,0.0,0.0,0.0,0.0,0.0,,0.0
MOL_05380,CNC(=O)Oc1ccccc1C(C)C,0.0,0.0,0.0,0.0,0.0,0.0,0.0,0.0,0.0,0.0,0.0,0.0
MOL_05381,CC(C)c1ccc(NC(=O)N(C)C)cc1,0.0,0.0,1.0,,,0.0,0.0,0.0,0.0,0.0,0.0,0.0
MOL_05382,Cc1ccc(C(C)C)cc1O,0.0,0.0,0.0,0.0,0.0,0.0,0.0,0.0,0.0,0.0,,0.0
MOL_05383,CCOCCOCCOCCO,0.0,0.0,0.0,0.0,0.0,0.0,0.0,0.0,0.0,0.0,0.0,0.0
MOL_05384,CC(Cl)C(Cl)Cl,0.0,0.0,0.0,0.0,0.0,0.0,0.0,0.0,0.0,0.0,0.0,0.0
MOL_05385,CCN(CC)CC,0.0,0.0,0.0,0.0,0.0,0.0,0.0,0.0,0.0,0.0,0.0,0.0
MOL_05386,CCCCCCCCCCCCCCCC/C=C/C1CC(=O)OC1=O,0.0,0.0,0.0,0.0,0.0,0.0,0.0,,0.0,0.0,,0.0
MOL_05387,C#CC(C)(O)CC(C)C,,0.0,0.0,0.0,0.0,0.0,0.0,0.0,0.0,0.0,0.0,0.0
MOL_05388,CC(=O)Nc1ccc(C)cc1,,0.0,0.0,0.0,,0.0,0.0,0.0,0.0,0.0,,0.0
MOL_05389,CCOP(=S)(OCC)SCn1nnc2ccccc2c1=O,0.0,0.0,,,,,0.0,1.0,0.0,0.0,,0.0
MOL_05390,CC(C)Nc1nc(N)nc(Cl)n1,0.0,0.0,0.0,0.0,0.0,0.0,0.0,0.0,0.0,0.0,0.0,0.0
MOL_05391,CCNc1nc(N)nc(Cl)n1,0.0,0.0,0.0,0.0,0.0,0.0,0.0,0.0,0.0,0.0,0.0,0.0
MOL_05392,CCNc1nc(NC(C)C)nc(OC)n1,0.0,0.0,,0.0,0.0,0.0,0.0,0.0,0.0,0.0,,0.0
MOL_05393,O=C1CCCCCCCCCCCCCC1,0.0,0.0,0.0,,0.0,0.0,0.0,0.0,0.0,0.0,1.0,0.0
MOL_05394,CCC(=O)C=Cc1ccc(OC)cc1,0.0,0.0,0.0,0.0,0.0,0.0,0.0,0.0,0.0,0.0,0.0,0.0
MOL_05395,CC(C)(Cl)[N+](=O)[O-],0.0,0.0,0.0,0.0,0.0,0.0,0.0,0.0,0.0,0.0,,0.0
MOL_05396,O=[N+]([O-])c1cc(C(F)(F)F)ccc1Cl,0.0,0.0,0.0,0.0,0.0,0.0,0.0,0.0,0.0,0.0,0.0,0.0
MOL_05397,CC1=C(O)C(=O)CO1,0.0,0.0,0.0,0.0,0.0,0.0,0.0,,0.0,0.0,,0.0
MOL_05398,C=CC(=C)CCCC(C)(C)OC(C)=O,0.0,0.0,0.0,0.0,0.0,0.0,0.0,0.0,0.0,0.0,0.0,0.0
MOL_05399,C=CC(C)(O)CC/C=C(\C)CC,0.0,0.0,0.0,0.0,0.0,0.0,0.0,0.0,0.0,0.0,0.0,0.0
MOL_05400,CCC(=O)Oc1ccc(/C(CC)=C(\CC)c2ccc(OC(=O)CC)cc2)cc1,0.0,0.0,0.0,,1.0,1.0,0.0,,0.0,,1.0,1.0
MOL_05401,CC(C)C1CCC(O)CC1,0.0,0.0,0.0,0.0,,0.0,0.0,0.0,0.0,0.0,0.0,0.0
MOL_05402,COc1cc(Cl)c(OC)cc1Cl,0.0,0.0,,0.0,0.0,0.0,0.0,0.0,0.0,0.0,,0.0
MOL_05403,CC(C)CC=C(C=O)c1ccccc1,0.0,0.0,0.0,0.0,1.0,0.0,0.0,0.0,0.0,0.0,1.0,0.0
MOL_05404,Clc1cccc2ccccc12,0.0,0.0,0.0,0.0,1.0,0.0,0.0,0.0,0.0,0.0,0.0,0.0
MOL_05405,CCC(Cl)[N+](=O)[O-],0.0,0.0,,0.0,0.0,0.0,0.0,0.0,0.0,0.0,0.0,0.0
MOL_05406,Sc1ccccc1Cl,,,,,,,,0.0,,0.0,,
MOL_05407,CCS(=O)(=O)c1ccc(OC)c(C(=O)OC)c1,,,,,,,,0.0,,0.0,,
MOL_05408,ClCc1cccc(Cl)c1,,,,,,,,0.0,,0.0,,
MOL_05409,CCOC(=O)CN1CCCC1=O,,,,,,,,0.0,,0.0,,
MOL_05410,C/C(=C1\CCOC(=O)S1)N(C=O)Cc1cnc(C)nc1N,,,,,,,,0.0,,0.0,,
MOL_05411,CCCC(CCC)(C(=O)OCC)C(=O)OCC,,,,,,,,0.0,,0.0,,
MOL_05412,Cc1cnc(NS(=O)(=O)c2ccc(N)cc2)nc1,,,,,,,,0.0,,0.0,,
MOL_05413,C=C(C)C(=O)OCC(O)CO,,,,,,,,0.0,,0.0,,
MOL_05414,N#CSCC(=O)[O-],,,,,,,,0.0,,0.0,,
MOL_05415,CCC(C(=O)O)c1ccc(N2Cc3ccccc3C2=O)cc1,,,,,,,,0.0,,0.0,,
MOL_05416,CC(=O)OCC(C)OC(C)=O,0.0,0.0,0.0,0.0,0.0,0.0,0.0,0.0,0.0,0.0,0.0,0.0
MOL_05417,CC(C)CCCC(C)CC=O,0.0,0.0,0.0,0.0,0.0,0.0,0.0,0.0,0.0,0.0,0.0,0.0
MOL_05418,CC(C)(C)c1cccc(O)c1,0.0,0.0,0.0,0.0,0.0,0.0,0.0,0.0,0.0,0.0,1.0,0.0
MOL_05419,CC1=CCC(O)(C(C)C)CC1,0.0,0.0,0.0,0.0,,0.0,0.0,0.0,0.0,0.0,0.0,0.0
MOL_05420,C=C(C)C(=O)[O-],0.0,0.0,0.0,0.0,0.0,0.0,0.0,0.0,0.0,0.0,0.0,0.0
MOL_05421,CC(CCO)CCc1ccccc1,0.0,0.0,0.0,0.0,0.0,0.0,0.0,0.0,0.0,0.0,0.0,0.0
MOL_05422,CCOC(=O)C(C#N)=C(c1ccccc1)c1ccccc1,0.0,0.0,0.0,0.0,1.0,1.0,0.0,0.0,0.0,0.0,,0.0
MOL_05423,COc1ccc(C(=O)CC(=O)c2ccc(C(C)(C)C)cc2)cc1,0.0,0.0,,,0.0,,0.0,0.0,0.0,0.0,,0.0
MOL_05424,C=CCCCCCCCCC(=O)OCC,0.0,0.0,0.0,0.0,0.0,0.0,0.0,0.0,0.0,0.0,0.0,0.0
MOL_05425,CCN(CC)CC(=O)OCC(=O)[C@@]1(O)CC[C@H]2[C@@H]3CCC4=CC(=O)CC[C@]4(C)[C@H]3[C@@H](O)C[C@@]21C,,,,,,,,0.0,,0.0,,
MOL_05426,CCO[C@H]1O[C@@H]2OC3(C)CC[C@H]4[C@H](C)CC[C@@H]([C@H]1C)[C@]42OO3,,,,,,,,0.0,,0.0,,
MOL_05427,Fc1cc(Br)ccc1CBr,,,,,,,,0.0,,0.0,,
MOL_05428,O=c1[nH]c(=O)n([C@H]2O[C@H](CO)[C@@H](O)[C@@H]2O)cc1/C=C\Br,,,,,,,,0.0,,0.0,,
MOL_05429,CC(C)=CCNc1ncnc2c1ncn2[C@@H]1O[C@H](CO)[C@@H](O)[C@H]1O,,,,,,,,1.0,,0.0,,
MOL_05430,CCCC(=O)O[C@]1(C(=O)CC)CC[C@H]2[C@@H]3CCC4=CC(=O)CC[C@]4(C)[C@H]3[C@@H](O)C[C@@]21C,,,,,,,,0.0,,0.0,,
MOL_05431,COc1ccc(/C(C)=C/C(=O)O)c(OC)c1,,,,,,,,0.0,,0.0,,
MOL_05432,CCOC(=O)C(O)c1ccccc1,,,,,,,,0.0,,0.0,,
MOL_05433,CC(CC(C#N)(c1ccccc1)C(C)C)N(C)C,,,,,,,,0.0,,0.0,,
MOL_05434,O=C1NC(=O)c2cc([N+](=O)[O-])ccc21,0.0,0.0,0.0,0.0,0.0,0.0,0.0,1.0,0.0,0.0,0.0,0.0
MOL_05435,O=C1OC(=O)c2cc([N+](=O)[O-])ccc21,0.0,0.0,0.0,0.0,0.0,0.0,0.0,0.0,0.0,0.0,0.0,0.0
MOL_05436,O=c1[nH][nH]c(=O)c2cc([N+](=O)[O-])ccc12,0.0,0.0,0.0,0.0,0.0,0.0,0.0,0.0,0.0,0.0,,0.0
MOL_05437,Nc1ccc([N+](=O)[O-])c(N)c1,0.0,0.0,,0.0,,0.0,0.0,0.0,0.0,0.0,,0.0
MOL_05438,O=[N+]([O-])c1ccc(NCCO)c(OCCO)c1,0.0,0.0,0.0,,0.0,0.0,0.0,0.0,0.0,0.0,0.0,0.0
MOL_05439,O=S(=O)([O-])c1ccc(/N=N/c2c(O)ccc3cc(S(=O)(=O)[O-])ccc23)cc1,0.0,0.0,0.0,0.0,0.0,0.0,0.0,0.0,0.0,0.0,,0.0
MOL_05440,CC(/C=C/C=C(\C)C(=O)O[C@@H]1O[C@H](CO[C@@H]2O[C@H](CO)[C@@H](O)[C@H](O)[C@H]2O)[C@@H](O)[C@H](O)[C@H]1O)=C\C=C\C=C(C)\C=C\C=C(/C)C(=O)O[C@@H]1O[C@H](CO[C@@H]2O[C@H](CO)[C@@H](O)[C@H](O)[C@H]2O)[C@@H](O)[C@H](O)[C@H]1O,0.0,0.0,0.0,0.0,1.0,0.0,0.0,,0.0,,0.0,0.0
MOL_05441,O=C([O-])c1[nH]n(-c2ccc(S(=O)(=O)[O-])cc2)c(=O)c1/N=N/c1ccc(S(=O)(=O)[O-])cc1,0.0,0.0,0.0,0.0,0.0,0.0,0.0,0.0,0.0,0.0,0.0,0.0
MOL_05442,CCN(CC)CCCl,0.0,0.0,0.0,0.0,0.0,0.0,0.0,1.0,1.0,0.0,,
MOL_05443,COC(=O)c1ccc2cc(C(=O)OC)ccc2c1,0.0,0.0,,,0.0,0.0,0.0,0.0,0.0,,0.0,0.0
MOL_05444,Cc1cccc[n+]1[O-],0.0,0.0,0.0,0.0,0.0,0.0,0.0,0.0,0.0,0.0,,0.0
MOL_05445,CC[N+](CC)(CC(=O)Nc1c(C)cccc1C)Cc1ccccc1.O=C([O-])c1ccccc1,0.0,0.0,0.0,0.0,0.0,0.0,0.0,0.0,0.0,0.0,,0.0
MOL_05446,CCC(C)C1CCCCC1=O,0.0,0.0,0.0,0.0,0.0,0.0,0.0,0.0,0.0,0.0,0.0,0.0
MOL_05447,NC1CCN(c2cccc(Cl)n2)CC1,0.0,0.0,0.0,0.0,0.0,0.0,0.0,0.0,0.0,0.0,0.0,0.0
MOL_05448,C#CCC(Cc1cnc2nc(N)nc(N)c2n1)c1ccc(C(=O)N[C@@H](CCC(=O)O)C(=O)O)cc1,0.0,0.0,,0.0,0.0,0.0,,,,,0.0,1.0
MOL_05449,C/C=C1\NC(=O)[C@H]2CSSCCC=C[C@H](CC(=O)N[C@H](C(C)C)C(=O)N2)OC(=O)[C@H](C(C)C)NC1=O,0.0,,,1.0,,1.0,1.0,,1.0,,0.0,1.0
MOL_05450,CC1CCC(CO)CC1,0.0,0.0,0.0,0.0,0.0,0.0,0.0,0.0,0.0,0.0,0.0,0.0
MOL_05451,CCS(=O)(=O)C(C)(C)S(=O)(=O)CC,0.0,0.0,0.0,0.0,0.0,0.0,0.0,0.0,0.0,0.0,0.0,0.0
MOL_05452,NCCCC[C@H](NC(=O)[C@@H]1CCCN1C(=O)[C@@H]1CSSC[C@H](N)C(=O)N[C@@H](Cc2ccc(O)cc2)C(=O)N[C@@H](Cc2ccccc2)C(=O)N[C@@H](CCC(N)=O)C(=O)N[C@@H](CC(N)=O)C(=O)N1)C(=O)NCC(N)=O,0.0,0.0,0.0,0.0,0.0,0.0,0.0,,0.0,,0.0,0.0
MOL_05453,CC(=O)SC[C@@H](C)C(=O)N1CCC[C@H]1C(=O)N[C@@H](Cc1ccccc1)C(=O)O,0.0,0.0,0.0,0.0,0.0,0.0,0.0,0.0,0.0,0.0,0.0,0.0
MOL_05454,CCC(C)(C)OC(=O)N[C@@H](Cc1c[nH]c2ccccc12)C(=O)N[C@@H](CCSC)C(=O)N[C@@H](CC(=O)O)C(=O)N[C@@H](Cc1ccccc1)C(N)=O,0.0,0.0,0.0,0.0,0.0,0.0,0.0,,0.0,,0.0,0.0
MOL_05455,Nc1c2c(nc3ccccc13)CCCC2O,0.0,0.0,0.0,0.0,0.0,0.0,0.0,0.0,0.0,0.0,0.0,0.0
MOL_05456,N=C(N)NC(=O)Cc1c(Cl)cccc1Cl,0.0,0.0,0.0,0.0,0.0,0.0,0.0,0.0,0.0,0.0,0.0,0.0
MOL_05457,O=c1c2ccccc2[se]n1-c1ccccc1,0.0,0.0,,,,0.0,0.0,,0.0,,1.0,0.0
MOL_05458,O=C(O)CN(CCOCCOCCN(CC(=O)O)CC(=O)O)CC(=O)O,,,,,,,,0.0,,0.0,,
MOL_05459,O=C1NCN(c2ccccc2)C12CCN(CCCC(c1ccc(F)cc1)c1ccc(F)cc1)CC2,0.0,0.0,0.0,0.0,,0.0,0.0,,,,,
MOL_05460,Cc1nc2c([nH]1)c(=O)n(C)c(=O)n2Cc1ccco1,0.0,0.0,,,0.0,0.0,0.0,0.0,0.0,0.0,0.0,0.0
MOL_05461,ClC1=C(Cl)[C@]2(Cl)[C@H]3[C@H](C4C=C[C@H]3C4)C1(Cl)C2(Cl)Cl,0.0,0.0,0.0,0.0,0.0,0.0,0.0,0.0,0.0,0.0,1.0,
MOL_05462,NC(=O)NC1NC(=O)NC1=O,1.0,0.0,0.0,0.0,0.0,0.0,0.0,0.0,0.0,0.0,0.0,0.0
MOL_05463,C=CCO,0.0,0.0,0.0,0.0,0.0,0.0,0.0,0.0,0.0,0.0,0.0,0.0
MOL_05464,C=CCCl,0.0,0.0,0.0,0.0,1.0,,0.0,0.0,0.0,0.0,0.0,0.0
MOL_05465,C=CCOCC1CO1,0.0,0.0,0.0,0.0,0.0,0.0,0.0,0.0,0.0,0.0,0.0,0.0
MOL_05466,C=CCN=C=S,0.0,0.0,0.0,0.0,0.0,0.0,0.0,0.0,0.0,0.0,0.0,0.0
MOL_05467,C=CCOC(=O)CC(C)C,0.0,0.0,0.0,0.0,0.0,0.0,0.0,0.0,0.0,0.0,0.0,0.0
MOL_05468,[S-]c1nc2ccccc2s1,0.0,0.0,1.0,,0.0,0.0,1.0,,0.0,1.0,1.0,0.0
MOL_05469,CCCCNCC,0.0,0.0,0.0,0.0,0.0,0.0,0.0,0.0,0.0,0.0,0.0,0.0
MOL_05470,Cc1[nH]c(=O)c(C#N)cc1-c1ccncc1,0.0,0.0,0.0,0.0,0.0,0.0,0.0,0.0,0.0,0.0,0.0,0.0
MOL_05471,CN1CCN2c3ncccc3Cc3ccccc3C2C1,0.0,0.0,0.0,0.0,0.0,0.0,0.0,,0.0,,0.0,0.0
MOL_05472,CC#C[C@]1(O)CC[C@H]2[C@@H]3CCC4=CC(=O)CCC4=C3[C@@H](c3ccc(N(C)C)cc3)C[C@@]21C,1.0,0.0,0.0,,,0.0,,1.0,,0.0,1.0,1.0
MOL_05473,Cc1cccc2cccnc12,0.0,0.0,0.0,0.0,0.0,0.0,0.0,0.0,0.0,0.0,0.0,0.0
MOL_05474,O=S([O-])CO,0.0,0.0,0.0,0.0,,0.0,0.0,0.0,0.0,0.0,0.0,0.0
MOL_05475,Cc1ccc2ncccc2c1,0.0,0.0,0.0,0.0,0.0,0.0,0.0,0.0,0.0,0.0,0.0,0.0
MOL_05476,COC(=O)C(c1ccccc1)C1CCCCN1,0.0,0.0,0.0,0.0,0.0,0.0,0.0,0.0,0.0,0.0,0.0,0.0
MOL_05477,NC(=O)CS(=O)C(c1ccccc1)c1ccccc1,0.0,0.0,0.0,0.0,0.0,0.0,0.0,0.0,0.0,0.0,0.0,0.0
MOL_05478,CCSC(=O)Cl,,,0.0,0.0,,0.0,0.0,1.0,0.0,0.0,0.0,0.0
MOL_05479,Oc1ccc(Cl)cc1,0.0,0.0,0.0,0.0,0.0,0.0,0.0,0.0,0.0,0.0,1.0,0.0
MOL_05480,Cc1ccc(N)cc1,0.0,0.0,1.0,0.0,1.0,0.0,0.0,0.0,0.0,0.0,0.0,0.0
MOL_05481,C=CC(=O)OCC(C)C,0.0,0.0,0.0,0.0,0.0,0.0,0.0,0.0,0.0,0.0,0.0,0.0
MOL_05482,CCCBr,0.0,0.0,0.0,0.0,0.0,0.0,0.0,0.0,0.0,0.0,0.0,0.0
MOL_05483,OCCCl,0.0,0.0,0.0,0.0,0.0,0.0,0.0,0.0,0.0,0.0,0.0,0.0
MOL_05484,CCC#N,0.0,0.0,0.0,0.0,0.0,0.0,0.0,0.0,0.0,0.0,0.0,0.0
MOL_05485,CCc1cc(Cc2cc(CC)cc(C(C)(C)C)c2O)c(O)c(C(C)(C)C)c1,0.0,,0.0,,,,,,,,1.0,
MOL_05486,CCCC(C)C1(CC)C(=O)N=C([S-])NC1=O,0.0,0.0,0.0,0.0,0.0,0.0,0.0,0.0,0.0,0.0,0.0,0.0
MOL_05487,CCC(=O)OCCc1ccccc1,0.0,0.0,0.0,,0.0,0.0,0.0,,0.0,0.0,0.0,0.0
MOL_05488,CC1(C)C(=O)NC(=O)N1CO,0.0,0.0,0.0,0.0,,0.0,0.0,0.0,0.0,0.0,0.0,0.0
MOL_05489,C#C[C@]1(OC(C)=O)CC[C@H]2[C@@H]3CCC4=C[C@@H](OC(C)=O)CC[C@@H]4[C@H]3CC[C@@]21C,1.0,1.0,0.0,1.0,1.0,1.0,0.0,1.0,0.0,0.0,1.0,1.0
MOL_05490,CCc1cccc2c3c([nH]c12)C(CC)(CC(=O)O)OCC3,0.0,0.0,0.0,0.0,0.0,0.0,0.0,1.0,0.0,0.0,0.0,0.0
MOL_05491,CCN(CC)CCOc1ccc(C(=C(Cl)c2ccccc2)c2ccccc2)cc1.O=C(O)CC(O)(CC(=O)O)C(=O)O,0.0,,0.0,1.0,,0.0,,,0.0,,,
MOL_05492,CCOC(=O)C(C)(C)Oc1ccc(Cl)cc1,0.0,0.0,0.0,0.0,1.0,0.0,0.0,0.0,0.0,0.0,0.0,0.0
MOL_05493,O=C(O)CC(O)(CC(=O)O)C(=O)O,0.0,0.0,0.0,0.0,0.0,0.0,0.0,0.0,0.0,0.0,0.0,0.0
MOL_05494,CC(C)(Oc1ccc(C2CC2(Cl)Cl)cc1)C(=O)O,0.0,0.0,0.0,0.0,0.0,0.0,1.0,0.0,0.0,0.0,0.0,0.0
MOL_05495,Nc1ccccc1C(=O)OCC=Cc1ccccc1,0.0,0.0,1.0,,,0.0,0.0,,0.0,,,0.0
MOL_05496,CCCCCCCCCCCC[N+](C)(C)CC(=O)[O-],0.0,0.0,0.0,0.0,0.0,0.0,0.0,,0.0,0.0,0.0,0.0
MOL_05497,CCCCCCCCC(CO)CCCCCC,0.0,0.0,0.0,0.0,0.0,0.0,0.0,0.0,0.0,0.0,0.0,0.0
MOL_05498,Cc1c(Cl)cccc1[N+](=O)[O-],0.0,0.0,0.0,0.0,0.0,0.0,0.0,0.0,0.0,0.0,0.0,0.0
MOL_05499,C=CCOCC(O)CCl,0.0,0.0,,0.0,0.0,0.0,0.0,,0.0,0.0,0.0,0.0
MOL_05500,CCOC(=O)c1nc(C(Cl)(Cl)Cl)n(-c2ccc(Cl)cc2Cl)n1,0.0,,0.0,,,0.0,,,0.0,,,1.0
MOL_05501,Nc1cc([N+](=O)[O-])ccc1C(=O)O,0.0,0.0,1.0,0.0,1.0,0.0,0.0,1.0,0.0,0.0,1.0,0.0
MOL_05502,CCC(C(=O)NC(N)=O)c1ccccc1,0.0,0.0,0.0,0.0,0.0,0.0,0.0,0.0,0.0,0.0,0.0,0.0
MOL_05503,O=c1ssc(Cl)c1Cl,0.0,0.0,0.0,,0.0,,,1.0,0.0,1.0,,
MOL_05504,O=C(O)c1cc(/N=N/c2ccc([N+](=O)[O-])cc2)ccc1O,,,,,1.0,0.0,,1.0,1.0,0.0,,0.0
MOL_05505,CCN1C(=CC=Cc2ccc3ccccc3[n+]2CC)C=Cc2ccccc21,0.0,,,,,0.0,0.0,1.0,,,1.0,1.0
MOL_05506,N=C(N)NN=C(C=Cc1ccc([N+](=O)[O-])o1)C=Cc1ccc([N+](=O)[O-])o1,0.0,,,,,1.0,1.0,1.0,1.0,1.0,1.0,1.0
MOL_05507,CCCCCCCCOC(=O)CCCCCCCCC(=O)OCCCCCCCC,0.0,0.0,0.0,0.0,0.0,0.0,0.0,0.0,0.0,0.0,0.0,0.0
MOL_05508,O=C([O-])CC(O)C(=O)[O-],,,,,,,,0.0,,0.0,,
MOL_05509,O=C(OCCCCCCOC(=O)c1ccccc1)c1ccccc1,0.0,0.0,0.0,0.0,1.0,0.0,0.0,0.0,0.0,1.0,0.0,0.0
MOL_05510,NC(=O)N(O)[C@@H]1COc2cc(OCc3ccccc3)ccc21,0.0,0.0,,,,0.0,0.0,,1.0,0.0,,0.0
MOL_05511,CC(=O)c1ccc2c(c1)[C@H](NC(=O)c1ccc(F)cc1)[C@@H](O)C(C)(C)O2,0.0,0.0,0.0,0.0,0.0,0.0,0.0,0.0,0.0,0.0,0.0,0.0
MOL_05512,CCc1cc(SCc2sc(-c3ccc(C(F)(F)F)cc3)nc2CN2CCN(c3ccc(OC)cc3)CC2)ccc1OCC(=O)O,0.0,0.0,0.0,,,1.0,1.0,,,,1.0,
MOL_05513,CCCCN1C(=O)[C@@H]([C@H](O)C2CCCCC2)NC(=O)C12CCN(Cc1ccc(Oc3ccc(C(=O)O)cc3)cc1)CC2,0.0,,0.0,0.0,,0.0,,1.0,0.0,0.0,,1.0
MOL_05514,Cc1oc(-c2ccccc2)nc1CCOc1ccc(C[C@H](Nc2ccccc2C(=O)c2ccccc2)C(=O)O)cc1,0.0,,0.0,,,0.0,1.0,,,,,
MOL_05515,CNS(=O)(=O)c1cc(C(=O)N2CCC(CCN3C4CCC3CC(n3c(C)nc5ccccc53)C4)(c3cccc(F)c3)CC2)c(Cl)cc1F,0.0,0.0,0.0,,,0.0,,1.0,0.0,0.0,,0.0
MOL_05516,N#Cc1ccc(N(CC(N)=O)CC(F)(F)F)cc1C(F)(F)F,1.0,1.0,0.0,,0.0,0.0,1.0,0.0,0.0,0.0,,0.0
MOL_05517,CCN(C(=O)c1cc(C)cc(OC[C@H](C)Nc2ccncc2)c1)C(C)C,0.0,0.0,0.0,0.0,0.0,0.0,0.0,0.0,0.0,,0.0,0.0
MOL_05518,O=C(NCCCN1CCOCC1)c1ccc(Cl)cc1,0.0,0.0,0.0,,0.0,0.0,0.0,0.0,0.0,0.0,0.0,0.0
MOL_05519,CSCC[C@H](NC(=O)[C@H](Cc1ccc(OS(=O)(=O)O)cc1)NC(=O)[C@@H](N)CC(=O)O)C(=O)NCC(=O)N[C@@H](Cc1c[nH]c2ccccc12)C(=O)N[C@@H](CCSC)C(=O)N[C@@H](CC(=O)O)C(=O)N[C@@H](Cc1ccccc1)C(N)=O,0.0,0.0,0.0,0.0,1.0,1.0,0.0,,0.0,,0.0,0.0
MOL_05520,C[C@]12CC[C@H]3[C@@H](CCC4=CC(=O)CC[C@@]43C)[C@@H]1CC[C@H]2O,1.0,1.0,0.0,,1.0,1.0,0.0,,0.0,,0.0,0.0
MOL_05521,O=[N+]([O-])c1ccc(C=NO)o1,,,,,,,,1.0,,0.0,,
MOL_05522,Cc1ccc(O)c2ncccc12,0.0,0.0,0.0,,,0.0,,1.0,0.0,1.0,0.0,1.0
MOL_05523,CC(O)C(=O)O.CCCCCCCCCCCCCCNCCO,0.0,0.0,,,1.0,0.0,0.0,,0.0,0.0,,0.0
MOL_05524,CNCCCC1c2ccccc2C=Cc2ccccc21,0.0,0.0,0.0,0.0,0.0,0.0,0.0,0.0,0.0,0.0,,0.0
MOL_05525,O=C(Nc1ccc(C(=O)O)c(O)c1)c1ccccc1,0.0,0.0,0.0,0.0,0.0,0.0,0.0,0.0,0.0,0.0,0.0,0.0
MOL_05526,COc1ccccc1OC(=O)Oc1ccccc1OC,0.0,0.0,0.0,0.0,0.0,0.0,0.0,0.0,0.0,0.0,0.0,0.0
MOL_05527,O=C(/C=C/c1ccccc1)NCCO,,,,,,,,0.0,,0.0,,
MOL_05528,CC(=O)CCC=C(C)CC/C=C(\C)CC/C=C(\C)CCC=C(C)C,0.0,0.0,0.0,0.0,0.0,0.0,0.0,,0.0,0.0,0.0,0.0
MOL_05529,O=C(Nc1ccc(O)cc1)c1ccccc1O,0.0,,1.0,,1.0,0.0,0.0,,1.0,,1.0,0.0
MOL_05530,CC(C)(C)C1(CCc2ccc(Cl)cc2)CO1,0.0,0.0,0.0,0.0,0.0,0.0,0.0,0.0,0.0,0.0,,0.0
MOL_05531,O=P([O-])(O)C(Sc1ccc(Cl)cc1)P(=O)([O-])O,0.0,0.0,0.0,0.0,0.0,0.0,0.0,,0.0,,0.0,0.0
MOL_05532,CCCCCCCC/C=C\CCCCCCCC(=O)N(C)CC(=O)O,0.0,0.0,0.0,0.0,0.0,,1.0,,0.0,,0.0,
MOL_05533,CCc1ccccc1N,0.0,0.0,0.0,0.0,0.0,0.0,0.0,0.0,0.0,0.0,,0.0
MOL_05534,CCCCCCCCCCCCCCCC(=O)OCCC1CCN(CCCN2c3ccccc3Sc3ccc(S(=O)(=O)N(C)C)cc32)CC1,0.0,0.0,0.0,0.0,0.0,0.0,0.0,,0.0,,0.0,0.0
MOL_05535,CS(=O)(=O)Nc1cc2occ(NC=O)c(=O)c2cc1Oc1ccccc1,0.0,0.0,0.0,0.0,0.0,0.0,0.0,,0.0,,0.0,0.0
MOL_05536,NNc1nncc2ccccc12,0.0,0.0,1.0,,1.0,,0.0,1.0,0.0,1.0,0.0,0.0
MOL_05537,CC(C)=CCC/C(C)=C/CC/C(C)=C/CC/C(C)=C/CC1=C(C)C(=O)c2ccccc2C1=O,0.0,0.0,1.0,0.0,0.0,0.0,0.0,,0.0,,0.0,0.0
MOL_05538,O=S(=O)(OC[C@H]1O[C@H](O[C@]2(COS(=O)(=O)O[AlH3](O)O)O[C@H](COS(=O)(=O)O[AlH3](O)O)[C@@H](OS(=O)(=O)O[AlH3](O)O)[C@@H]2OS(=O)(=O)O[AlH3](O)O)[C@H](OS(=O)(=O)O[AlH3](O)O)[C@@H](OS(=O)(=O)O[AlH3](O)O)[C@@H]1OS(=O)(=O)O[AlH3](O)O)O[AlH3](O)O.O[AlH3](O)[AlH3](O)O.O[AlH3](O)[AlH3](O)O.O[AlH3](O)[AlH3](O)O.O[AlH3](O)[AlH3](O)O,0.0,0.0,0.0,0.0,1.0,1.0,0.0,0.0,0.0,0.0,0.0,0.0
MOL_05539,CC(=O)OCCN(CCOC(C)=O)c1ccc(/N=N/c2ccc([N+](=O)[O-])cc2C#N)cc1,0.0,0.0,1.0,0.0,0.0,,,1.0,0.0,0.0,1.0,0.0
MOL_05540,CCCCCCCCCCCCCCN(CCO)CCO,0.0,,0.0,,0.0,0.0,,0.0,,,,
MOL_05541,CC(=O)[C@H]1CC[C@H]2[C@@H]3CC[C@H]4C[C@H](O)CC[C@]4(C)[C@H]3CC[C@]12C,0.0,1.0,0.0,0.0,1.0,1.0,0.0,,0.0,,0.0,0.0
MOL_05542,CCN(CC)CCC(=O)N1c2ccccc2Sc2ccc(C(F)(F)F)cc21,0.0,0.0,,0.0,,0.0,0.0,,0.0,,,0.0
MOL_05543,CCCOC(=O)c1cc(O)c(O)c(O)c1,0.0,0.0,1.0,0.0,1.0,1.0,0.0,1.0,0.0,0.0,1.0,0.0
MOL_05544,Oc1ccccc1C=NCc1ccccc1,,,,,,,,0.0,,0.0,,
MOL_05545,CC(O)CO,0.0,0.0,0.0,0.0,0.0,0.0,0.0,0.0,0.0,0.0,0.0,0.0
MOL_05546,Brc1ccc(Oc2ccc(Br)cc2Br)c(Br)c1,0.0,0.0,,,1.0,0.0,0.0,0.0,0.0,0.0,1.0,0.0
MOL_05547,O=C1CCC(c2ccccc2)(C2CCN(Cc3ccccc3)CC2)C(=O)N1,0.0,0.0,0.0,0.0,0.0,0.0,0.0,,0.0,,0.0,0.0
MOL_05548,CCCc1cc(=O)[nH]c(=S)[nH]1,0.0,0.0,0.0,0.0,1.0,0.0,0.0,0.0,0.0,0.0,0.0,0.0
MOL_05549,CCc1cnc(C(=O)O)c(C(=O)O)c1,0.0,0.0,0.0,0.0,0.0,0.0,0.0,0.0,0.0,0.0,0.0,0.0
MOL_05550,C/C(Cl)=C/CCl,,0.0,0.0,,,0.0,0.0,,0.0,0.0,0.0,0.0
MOL_05551,CCO[Si](CCC#N)(OCC)OCC,0.0,0.0,0.0,0.0,0.0,0.0,0.0,0.0,0.0,0.0,0.0,0.0
MOL_05552,CCO[Si](CCCN)(OCC)OCC,0.0,0.0,0.0,0.0,0.0,0.0,0.0,0.0,0.0,0.0,0.0,0.0
MOL_05553,FC(F)(F)c1ccccc1,0.0,0.0,0.0,0.0,0.0,0.0,0.0,0.0,0.0,0.0,0.0,0.0
MOL_05554,c1ccc2scnc2c1,0.0,0.0,1.0,0.0,0.0,0.0,0.0,0.0,0.0,0.0,0.0,0.0
MOL_05555,c1ccc2c(c1)ccc1ncccc12,0.0,0.0,1.0,0.0,0.0,,0.0,,0.0,0.0,,1.0
MOL_05556,CC(=O)OC(C(=O)c1ccccc1)c1ccccc1,0.0,0.0,0.0,0.0,,0.0,0.0,0.0,0.0,0.0,0.0,0.0
MOL_05557,CN(C)C/C=C(/c1ccc(Br)cc1)c1cccnc1,0.0,0.0,0.0,0.0,0.0,0.0,0.0,0.0,0.0,0.0,,0.0
MOL_05558,CI.CN1[C@H]2CC[C@@H]1CC(OC(=O)c1c[nH]c3ccccc13)C2,0.0,0.0,,0.0,0.0,0.0,0.0,,0.0,,0.0,0.0
MOL_05559,c1cc(CN2CCCCC2)cc(OCCCNc2nc3ccccc3s2)c1,,,,,,,,0.0,,0.0,,
MOL_05560,O=C(CCCN1CCC(O)(c2cccc(C(F)(F)F)c2)CC1)c1ccc(F)cc1,0.0,0.0,0.0,0.0,,0.0,,0.0,,0.0,,0.0
MOL_05561,Cc1[nH]c(=O)c(C#N)cc1-c1ccc2nccn2c1,0.0,0.0,0.0,0.0,0.0,0.0,0.0,0.0,0.0,0.0,0.0,0.0
MOL_05562,O=C(O)c1cc(O)c(O)c(O)c1,0.0,0.0,0.0,0.0,0.0,0.0,0.0,1.0,0.0,0.0,0.0,0.0
MOL_05563,Cc1ccc(C)c(OCCCC(C)(C)C(=O)O)c1,0.0,0.0,0.0,0.0,0.0,0.0,0.0,0.0,0.0,0.0,0.0,0.0
MOL_05564,CN(C)c1ccc(C(=C2C=CC(=[N+](C)C)C=C2)c2ccc(N(C)C)cc2)cc1,0.0,1.0,1.0,1.0,,1.0,1.0,1.0,0.0,1.0,1.0,
MOL_05565,CC(=O)OC/C=C(\C)CCC=C(C)C,0.0,0.0,0.0,0.0,0.0,0.0,0.0,0.0,0.0,0.0,0.0,0.0
MOL_05566,C=C1C[C@]23C[C@@]1(O)CC[C@H]2[C@@]12C=C[C@H](O)[C@@](C)(C(=O)O1)[C@H]2[C@@H]3C(=O)O,0.0,0.0,0.0,0.0,0.0,0.0,0.0,0.0,0.0,0.0,0.0,0.0
MOL_05567,BrCCCCBr,0.0,0.0,0.0,0.0,0.0,0.0,0.0,1.0,0.0,0.0,0.0,0.0
MOL_05568,OC[C@H]1O[C@H](O[C@H]2O[C@H](CO)[C@@H](O)[C@H](O)[C@H]2O)[C@H](O)[C@@H](O)[C@@H]1O,0.0,0.0,0.0,0.0,0.0,0.0,0.0,0.0,0.0,0.0,0.0,0.0
MOL_05569,O=C(Cc1ccccc1)OCCc1ccccc1,0.0,0.0,0.0,0.0,0.0,0.0,0.0,0.0,0.0,0.0,0.0,0.0
MOL_05570,CC(=O)CCc1ccc(O)cc1,0.0,0.0,0.0,0.0,0.0,0.0,0.0,0.0,0.0,0.0,0.0,0.0
MOL_05571,CC(C)CCCC(C)CCO,0.0,0.0,0.0,0.0,,0.0,0.0,0.0,0.0,0.0,0.0,0.0
MOL_05572,NNC(=O)CCCCC(=O)NN,0.0,0.0,1.0,0.0,0.0,0.0,0.0,0.0,0.0,0.0,,0.0
MOL_05573,O=C1CCCC(=O)O1,0.0,0.0,0.0,0.0,0.0,0.0,0.0,,0.0,0.0,0.0,0.0
MOL_05574,CCCCCCCCCC(=O)OCC,0.0,0.0,0.0,0.0,,0.0,0.0,0.0,0.0,0.0,0.0,0.0
MOL_05575,CCn1cc[n+](C)c1.O=S(=O)([O-])C(F)(F)F,0.0,0.0,0.0,0.0,0.0,0.0,0.0,0.0,0.0,0.0,0.0,0.0
MOL_05576,CCn1cc[n+](C)c1.N#CN=C=[N-],0.0,0.0,0.0,0.0,0.0,0.0,0.0,0.0,0.0,0.0,0.0,0.0
MOL_05577,CCn1cc[n+](C)c1.O=S(=O)([N-]S(=O)(=O)C(F)(F)F)C(F)(F)F,0.0,0.0,0.0,0.0,0.0,0.0,0.0,0.0,0.0,0.0,,0.0
MOL_05578,O=C(O)c1ccccc1O.OCCN(CCO)CCO,0.0,0.0,0.0,0.0,0.0,0.0,0.0,0.0,0.0,0.0,0.0,0.0
MOL_05579,CCCC[N+]1(C)CCCC1.O=S(=O)([N-]S(=O)(=O)C(F)(F)F)C(F)(F)F,0.0,0.0,0.0,0.0,0.0,0.0,0.0,0.0,0.0,0.0,,0.0
MOL_05580,COP(=O)([O-])OC.Cn1cc[n+](C)c1,0.0,0.0,0.0,0.0,0.0,0.0,0.0,0.0,0.0,0.0,0.0,0.0
MOL_05581,O=S(=O)([O-])OOS(=O)(=O)[O-],0.0,0.0,0.0,0.0,1.0,0.0,0.0,0.0,0.0,0.0,0.0,0.0
MOL_05582,O=[N+]([O-])[O-].[K+],0.0,0.0,0.0,0.0,0.0,0.0,0.0,0.0,0.0,0.0,0.0,0.0
MOL_05583,CCCNCCC,0.0,0.0,0.0,0.0,,,0.0,0.0,0.0,0.0,0.0,0.0
MOL_05584,CCC(O)OC(O)CC,0.0,0.0,0.0,0.0,0.0,0.0,0.0,0.0,0.0,0.0,0.0,0.0
MOL_05585,Nc1nc(F)nc2c1ncn2[C@@H]1O[C@H](CO)[C@@H](O)[C@@H]1O,0.0,0.0,0.0,0.0,0.0,0.0,0.0,1.0,0.0,0.0,0.0,1.0
MOL_05586,O=C(Nc1ccccc1)Nc1ccccc1,0.0,0.0,1.0,,1.0,0.0,0.0,,0.0,0.0,1.0,0.0
MOL_05587,OC1(c2ccc(Cl)c(C(F)(F)F)c2)CCN(CCCC(c2ccc(F)cc2)c2ccc(F)cc2)CC1,0.0,,,,,,,,,,1.0,
MOL_05588,OCCN1CCN(CC/C=C2/c3ccccc3Sc3ccc(C(F)(F)F)cc32)CC1,0.0,0.0,0.0,,0.0,0.0,,,0.0,0.0,,0.0
MOL_05589,CC(CC(C(N)=O)(c1ccccc1)c1ccccc1)N(C)C,,,,,,,,0.0,,0.0,,
MOL_05590,O=C(C1CCCCC1)N1CC(=O)N2CCCc3ccccc3C2C1,,,,,,,,,,0.0,,
MOL_05591,CN1Cc2cc(C(=O)N3CCC(C4CCNCC4)CC3)ccc2N[C@@H](CC(=O)O)C1=O,,,,,,,,,,0.0,,
MOL_05592,COCCOc1cccc(S(=O)(=O)[N-]c2ncccn2)c1,,,,,,,,0.0,,0.0,,
MOL_05593,Oc1ccccc1-c1nnco1,,,,,,,,0.0,,0.0,,
MOL_05594,C1CN2CCC1CC2,,,,,,,,0.0,,0.0,,
MOL_05595,CCN(CC)CCN,,,,,,,,0.0,,0.0,,
MOL_05596,CCCCCCn1c(=O)c2c(ncn2C)n(C)c1=O,,,,,,,,0.0,,0.0,,
MOL_05597,CS(=O)(=O)O,0.0,0.0,0.0,0.0,0.0,0.0,0.0,0.0,0.0,0.0,0.0,0.0
MOL_05598,C[Si](C)(C)C,0.0,0.0,0.0,0.0,0.0,0.0,0.0,0.0,0.0,0.0,0.0,0.0
MOL_05599,CC1(c2ccc(Oc3ccccc3)cc2)OC(=O)N(Nc2ccccc2)C1=O,0.0,0.0,0.0,,,,,1.0,0.0,,1.0,
MOL_05600,Nc1nc(=O)c2nc(CNc3ccc(C(=O)N[C@@H](CCC(=O)O)C(=O)O)cc3)cnc2[nH]1,0.0,0.0,0.0,0.0,1.0,0.0,0.0,0.0,0.0,0.0,0.0,0.0
MOL_05601,CCOC(=O)Cc1cccc2ccccc12,0.0,0.0,0.0,0.0,0.0,0.0,0.0,0.0,0.0,0.0,,0.0
MOL_05602,BrCC1CO1,0.0,0.0,0.0,0.0,0.0,0.0,0.0,0.0,0.0,0.0,,0.0
MOL_05603,O=C([O-])c1ccccc1-c1c2cc(Br)c(=O)c(Br)c-2oc2c(Br)c([O-])c(Br)cc12,0.0,,0.0,0.0,0.0,0.0,,,0.0,0.0,,0.0
MOL_05604,CCOC1Oc2ccc(OS(C)(=O)=O)cc2C1(C)C,0.0,0.0,,0.0,,,0.0,1.0,0.0,0.0,0.0,0.0
MOL_05605,CCOc1cc(C(C)(C)C)ccc1C1COC(c2c(F)cccc2F)=N1,0.0,0.0,1.0,,,0.0,,1.0,0.0,,,0.0
MOL_05606,Cc1cc(Cl)ccc1O,0.0,0.0,0.0,0.0,0.0,0.0,0.0,0.0,0.0,0.0,1.0,0.0
MOL_05607,Cc1cc(O)c2c(c1)C(=O)c1cc(O)cc(O)c1C2=O,0.0,,1.0,,1.0,1.0,0.0,1.0,0.0,0.0,1.0,1.0
MOL_05608,COC(=O)C1=C(C)NC(C)=C(C(=O)OC(C)C)C1c1cccc2nonc12,0.0,0.0,,0.0,0.0,0.0,0.0,0.0,0.0,0.0,0.0,0.0
MOL_05609,Cl[Zn]Cl,0.0,0.0,0.0,0.0,0.0,0.0,0.0,0.0,0.0,0.0,0.0,0.0
MOL_05610,Cc1cc(C(=O)NNCc2ccccc2)no1,0.0,0.0,,,1.0,0.0,0.0,,0.0,,0.0,0.0
MOL_05611,CC(C)COC(=O)c1ccc(N)cc1,0.0,0.0,,0.0,1.0,,0.0,0.0,,0.0,0.0,0.0
MOL_05612,O=[N+]([O-])O[C@@H]1CO[C@@H]2[C@@H](O)CO[C@H]12,0.0,0.0,0.0,0.0,0.0,0.0,0.0,,0.0,,0.0,0.0
MOL_05613,CC(C)[N+](C)(CCC(C(N)=O)(c1ccccc1)c1ccccc1)C(C)C,0.0,0.0,0.0,0.0,0.0,0.0,0.0,0.0,0.0,0.0,0.0,0.0
MOL_05614,O=c1n(Cl)c(=O)n(Cl)c(=O)n1Cl,0.0,0.0,0.0,0.0,0.0,0.0,0.0,0.0,0.0,0.0,0.0,0.0
MOL_05615,Nc1ccc2c(O)cc(S(=O)(=O)O)cc2c1,0.0,0.0,0.0,,,0.0,,,0.0,0.0,1.0,1.0
MOL_05616,Cc1cc(S(=O)(=O)O)c(N)cc1Cl,0.0,0.0,0.0,0.0,0.0,0.0,0.0,0.0,0.0,0.0,0.0,0.0
MOL_05617,Cc1ccc(N)c(S(=O)(=O)O)c1,0.0,0.0,0.0,0.0,0.0,0.0,0.0,0.0,0.0,0.0,0.0,0.0
MOL_05618,CC(C)(C)c1ccccc1O,0.0,0.0,0.0,0.0,0.0,0.0,0.0,0.0,0.0,0.0,1.0,0.0
MOL_05619,Cc1ccc(C(C)(C)C)c(O)c1,0.0,0.0,0.0,,0.0,0.0,0.0,0.0,0.0,0.0,1.0,0.0
MOL_05620,Cc1cc(N)c(S(=O)(=O)O)cc1Cl,0.0,0.0,,0.0,0.0,,0.0,0.0,0.0,0.0,0.0,0.0
MOL_05621,C[C@]12CC[C@H]3[C@@H](CC[C@H]4C[C@@H]5S[C@@H]5C[C@@]43C)[C@@H]1CC[C@@H]2O,1.0,1.0,0.0,,1.0,1.0,0.0,,0.0,,,0.0
MOL_05622,Cc1c(NC(=O)c2cccnc2)c(=O)n(-c2ccccc2)n1C,0.0,0.0,0.0,0.0,0.0,0.0,0.0,0.0,0.0,0.0,0.0,0.0
MOL_05623,C[C@@H]1C[C@H]2[C@@H]3C[C@H](F)C4=CC(=O)C=C[C@]4(C)[C@@]3(F)[C@@H](O)C[C@]2(C)[C@@]1(O)C(=O)CO,1.0,1.0,0.0,,0.0,0.0,0.0,0.0,,0.0,0.0,0.0
MOL_05624,O=C(CCCN1CCC(n2c(=O)[nH]c3ccccc32)CC1)c1ccc(F)cc1,0.0,0.0,1.0,0.0,0.0,0.0,0.0,,0.0,0.0,0.0,0.0
MOL_05625,O=C(CCCN1CCN(c2ccccn2)CC1)c1ccc(F)cc1,0.0,0.0,0.0,0.0,0.0,0.0,0.0,,0.0,0.0,0.0,0.0
MOL_05626,CCCCCCCCCCCCCCCCOS(=O)(=O)[O-],0.0,0.0,0.0,0.0,0.0,0.0,0.0,0.0,0.0,0.0,,0.0
MOL_05627,CCCCOc1ccc(CC(=O)NO)cc1,0.0,0.0,0.0,0.0,,0.0,0.0,0.0,0.0,0.0,0.0,0.0
MOL_05628,ClC/C=C/CCl,,,0.0,,0.0,0.0,0.0,1.0,0.0,0.0,0.0,0.0
MOL_05629,CCCCc1c(C)nc(NCC)nc1OS(=O)(=O)N(C)C,0.0,,1.0,,,0.0,0.0,1.0,0.0,0.0,,0.0
MOL_05630,CC(Cl)Cl,0.0,0.0,0.0,0.0,,0.0,0.0,,0.0,0.0,0.0,0.0
MOL_05631,Clc1ccccc1Cl,0.0,0.0,0.0,0.0,0.0,0.0,0.0,0.0,0.0,0.0,0.0,0.0
MOL_05632,Clc1ccc(Cl)cc1,0.0,0.0,0.0,0.0,0.0,0.0,0.0,0.0,0.0,0.0,0.0,0.0
MOL_05633,Nc1ccc(-c2ccc(N)c(Cl)c2)cc1Cl,1.0,0.0,1.0,1.0,1.0,1.0,0.0,1.0,1.0,,,1.0
MOL_05634,ClCCCl,0.0,0.0,0.0,0.0,0.0,0.0,0.0,0.0,0.0,0.0,0.0,0.0
MOL_05635,Oc1ccc(Cl)cc1Cl,0.0,0.0,0.0,0.0,0.0,0.0,0.0,0.0,0.0,0.0,1.0,0.0
MOL_05636,CCCCOC(=O)CCC(=O)OCCCC,0.0,0.0,0.0,0.0,1.0,0.0,0.0,0.0,0.0,0.0,0.0,0.0
MOL_05637,c1ccc2c(c1)oc1ccccc12,0.0,0.0,0.0,0.0,0.0,0.0,0.0,0.0,0.0,0.0,0.0,0.0
MOL_05638,NCCN1CCNCC1,0.0,0.0,0.0,0.0,0.0,0.0,0.0,0.0,0.0,0.0,0.0,0.0
MOL_05639,CCC(=O)[O-],0.0,0.0,0.0,0.0,0.0,0.0,0.0,0.0,0.0,0.0,0.0,0.0
MOL_05640,CCN(CC)C(=O)c1cccc(C)c1,0.0,0.0,0.0,0.0,1.0,1.0,0.0,0.0,0.0,0.0,0.0,0.0
MOL_05641,Nc1ccc(C(=O)Oc2ccccc2)c(O)c1,0.0,0.0,,,1.0,1.0,0.0,0.0,1.0,0.0,,
MOL_05642,COCCCN,0.0,0.0,0.0,0.0,0.0,0.0,0.0,0.0,0.0,0.0,0.0,0.0
MOL_05643,CC1(C)C(C=C(Cl)Cl)C1C(=O)OCc1cccc(Oc2ccccc2)c1,0.0,0.0,0.0,0.0,0.0,0.0,0.0,0.0,0.0,0.0,0.0,0.0
MOL_05644,COc1nc(C)nc(NC(=O)NS(=O)(=O)c2ccccc2OCCCl)n1,0.0,0.0,0.0,0.0,,0.0,0.0,0.0,0.0,0.0,0.0,0.0
MOL_05645,CC(C)N(C(=O)SCC(Cl)=C(Cl)Cl)C(C)C,0.0,0.0,0.0,0.0,0.0,0.0,0.0,0.0,0.0,0.0,0.0,0.0
MOL_05646,Brc1ccc(Br)c(Br)c1,0.0,0.0,0.0,0.0,0.0,0.0,0.0,0.0,0.0,0.0,,0.0
MOL_05647,CCCCN(CCCC)CCCCCCN(CCCC)CCCC,0.0,0.0,0.0,0.0,0.0,0.0,0.0,0.0,0.0,0.0,0.0,0.0
MOL_05648,CC(COCC(C)OC(=O)c1ccccc1)OC(=O)c1ccccc1,0.0,0.0,0.0,0.0,1.0,0.0,0.0,0.0,0.0,0.0,0.0,0.0
MOL_05649,CCCCCCCCCC(CC)c1ccc(S(=O)(=O)O)cc1,0.0,0.0,0.0,0.0,0.0,0.0,,1.0,0.0,,,
MOL_05650,CC(C)CCCCCCCOC(=O)CCCCC(=O)OCCCCCCCC(C)C,0.0,0.0,0.0,0.0,,0.0,0.0,0.0,0.0,0.0,0.0,0.0
MOL_05651,CC(C)(C)CC(C)(C)c1ccccc1O,0.0,,0.0,,1.0,1.0,,0.0,0.0,,1.0,
MOL_05652,CCCCCCCCCCCCc1ccccc1O,0.0,0.0,0.0,,1.0,1.0,1.0,,,,1.0,
MOL_05653,CCCCCCCC[Si](OCC)(OCC)OCC,,0.0,0.0,,,,0.0,0.0,0.0,0.0,0.0,0.0
MOL_05654,CCCCC(CC)CO[N+](=O)[O-],0.0,0.0,,0.0,0.0,0.0,0.0,0.0,0.0,0.0,0.0,0.0
MOL_05655,NC(=S)NC(N)=S,0.0,0.0,0.0,0.0,0.0,0.0,0.0,0.0,0.0,1.0,0.0,0.0
MOL_05656,N#C/N=C1\SCCN1Cc1ccc(Cl)nc1,0.0,0.0,0.0,,0.0,0.0,0.0,0.0,0.0,0.0,0.0,0.0
MOL_05657,CN1COCN(Cc2cnc(Cl)s2)C1=N[N+](=O)[O-],0.0,0.0,0.0,0.0,0.0,0.0,0.0,0.0,0.0,0.0,,0.0
MOL_05658,CC1=CC(=O)CC(C)(C)C1(O)/C=C/C(C)=C\C(=O)O,0.0,0.0,0.0,0.0,0.0,0.0,0.0,0.0,0.0,0.0,0.0,0.0
MOL_05659,CC1=CC(=O)[N-]S(=O)(=O)O1,0.0,0.0,0.0,0.0,0.0,0.0,0.0,0.0,0.0,0.0,0.0,0.0
MOL_05660,CCOC(C)OCC,0.0,0.0,0.0,0.0,0.0,0.0,0.0,0.0,0.0,0.0,0.0,0.0
MOL_05661,CC1(C)C(C(=O)OC(C#N)c2cccc(Oc3ccccc3)c2)C1(C)C,0.0,0.0,0.0,1.0,,0.0,0.0,,0.0,0.0,,0.0
MOL_05662,COC(=O)c1c(Cl)c(Cl)c(C(=O)OC)c(Cl)c1Cl,0.0,0.0,1.0,0.0,0.0,0.0,0.0,0.0,0.0,0.0,0.0,0.0
MOL_05663,CC(Cl)(Cl)C(=O)[O-],0.0,0.0,0.0,0.0,0.0,0.0,0.0,0.0,0.0,0.0,0.0,0.0
MOL_05664,C=CC(O)CCCCC,0.0,0.0,0.0,0.0,0.0,0.0,0.0,0.0,0.0,0.0,,0.0
MOL_05665,C[Sn](Cl)(Cl)Cl,0.0,0.0,0.0,0.0,0.0,0.0,0.0,0.0,0.0,0.0,0.0,0.0
MOL_05666,C=CCS(=O)(=O)[O-],0.0,0.0,0.0,0.0,0.0,0.0,0.0,0.0,0.0,0.0,0.0,0.0
MOL_05667,CCCC(C)c1ccccc1O,0.0,0.0,0.0,,,0.0,0.0,0.0,0.0,0.0,1.0,0.0
MOL_05668,CC(C)CCOCc1ccccc1,0.0,0.0,0.0,0.0,0.0,0.0,0.0,0.0,0.0,0.0,0.0,0.0
MOL_05669,Cc1cc([N+](=O)[O-])cc([N+](=O)[O-])c1O,0.0,,0.0,,,0.0,,1.0,,0.0,1.0,1.0
MOL_05670,O=C1O[Pt]2(N[C@@H]3CCCC[C@H]3N2)OC1=O,0.0,0.0,0.0,0.0,0.0,0.0,0.0,,0.0,,0.0,1.0
MOL_05671,C[C@]12CC[C@H]3C(=CCc4cc(O)ccc43)[C@@H]1CCC2=O,1.0,,,,1.0,1.0,,,0.0,0.0,1.0,0.0
MOL_05672,CC(=O)[C@@]1(O)CC[C@H]2[C@@H]3C[C@H](C)C4=CC(=O)C=C[C@]4(C)[C@@]3(F)[C@@H](O)C[C@@]21C,1.0,1.0,0.0,,0.0,0.0,0.0,0.0,0.0,0.0,,0.0
MOL_05673,CC1(C)O[C@@H]2C[C@H]3[C@@H]4C[C@H](F)C5=CC(=O)CC[C@]5(C)[C@H]4[C@@H](O)C[C@]3(C)[C@]2(C(=O)CO)O1,1.0,0.0,0.0,,0.0,,0.0,0.0,0.0,0.0,0.0,0.0
MOL_05674,CCCCCCC1CCOC1=O,0.0,0.0,0.0,0.0,0.0,0.0,0.0,0.0,0.0,0.0,0.0,0.0
MOL_05675,C[C@H](CCC(=O)NCC(=O)O)[C@H]1CC[C@H]2[C@H]3[C@H](C[C@H](O)[C@@]21C)[C@@]1(C)CC[C@@H](O)C[C@H]1C[C@H]3O,0.0,0.0,0.0,,1.0,0.0,0.0,0.0,0.0,0.0,0.0,0.0
MOL_05676,CCC(C)(C)C1CCC(=O)CC1,0.0,0.0,0.0,0.0,,0.0,0.0,0.0,0.0,0.0,0.0,0.0
MOL_05677,O=P([O-])(O)OP(=O)([O-])O,0.0,0.0,0.0,0.0,0.0,0.0,0.0,0.0,0.0,0.0,0.0,0.0
MOL_05678,C=CCCCCCCCCOC(C)=O,0.0,0.0,0.0,0.0,0.0,0.0,0.0,0.0,0.0,0.0,0.0,0.0
MOL_05679,Cc1ccccc1C#N,0.0,0.0,0.0,0.0,0.0,0.0,0.0,0.0,0.0,0.0,,0.0
MOL_05680,CCCCCCCCCOC(C)=O,0.0,0.0,0.0,0.0,0.0,0.0,0.0,0.0,0.0,0.0,0.0,0.0
MOL_05681,Cc1c(N)cccc1C(F)(F)F,,,,,,,,0.0,,0.0,,
MOL_05682,O=Cc1cc2ccccc2o1,0.0,0.0,0.0,0.0,0.0,0.0,0.0,0.0,0.0,0.0,0.0,0.0
MOL_05683,CC(=O)c1c(C)cc(C(C)(C)C)cc1C,0.0,0.0,0.0,0.0,0.0,0.0,0.0,0.0,0.0,0.0,0.0,0.0
MOL_05684,CCOC(=O)N1CCC(n2c(=O)[nH]c3cc(Cl)ccc32)CC1,,,,,,,,1.0,,0.0,,
MOL_05685,CCOC(=O)N1CCC(Nc2ccc(Cl)cc2N)CC1,,,,,,,,1.0,,,,
MOL_05686,CCCS(=O)c1ccc2[nH]c(NC(=O)OC)nc2c1,,,,,,,,0.0,,0.0,,
MOL_05687,N#Cc1cc(NC(=O)C(=O)O)c(Cl)c(NC(=O)C(=O)O)c1,,,,,,,,0.0,,0.0,,
MOL_05688,CC(C)(C)c1nnc(NS(=O)(=O)c2ccc(N)cc2)s1,,,,,,,,0.0,,0.0,,
MOL_05689,ClCCCN1CCN(c2cccc(Cl)c2)CC1,,,,,,,,1.0,,0.0,,
MOL_05690,COC(=O)C=C(C)CCC=C(C)C,0.0,0.0,0.0,0.0,0.0,0.0,0.0,0.0,0.0,0.0,0.0,0.0
MOL_05691,CC(=O)OCC=C(C)C,0.0,0.0,0.0,0.0,0.0,0.0,0.0,0.0,0.0,0.0,0.0,0.0
MOL_05692,CCN(CC#N)c1cccc(C)c1,0.0,0.0,0.0,0.0,0.0,0.0,0.0,0.0,0.0,0.0,0.0,0.0
MOL_05693,Oc1cccc2cccnc12.Oc1cccc2cccnc12,0.0,0.0,,,0.0,1.0,,1.0,0.0,1.0,,1.0
MOL_05694,N[C@@H](Cc1c[nH]c2ccc(O)cc12)C(=O)O,0.0,0.0,1.0,0.0,0.0,0.0,0.0,0.0,0.0,0.0,,0.0
MOL_05695,CC(=O)OC(C)(C)C,0.0,0.0,0.0,0.0,0.0,0.0,0.0,0.0,0.0,0.0,0.0,0.0
MOL_05696,NC(=O)NO,0.0,0.0,0.0,0.0,0.0,0.0,0.0,0.0,0.0,0.0,0.0,0.0
MOL_05697,COC(=O)OC,0.0,0.0,0.0,0.0,0.0,0.0,0.0,0.0,0.0,0.0,0.0,0.0
MOL_05698,CC1CCCNC1,0.0,0.0,0.0,0.0,0.0,0.0,0.0,0.0,0.0,,0.0,0.0
MOL_05699,CCc1ccc(C)cc1,0.0,0.0,0.0,0.0,0.0,0.0,0.0,0.0,0.0,0.0,,0.0
MOL_05700,O=C(O)CNC(=O)c1ccc([N+](=O)[O-])cc1,0.0,0.0,0.0,0.0,1.0,0.0,0.0,0.0,0.0,0.0,0.0,0.0
MOL_05701,CCCCCC[N+](=O)[O-],,,0.0,0.0,,0.0,0.0,0.0,0.0,0.0,0.0,0.0
MOL_05702,O=[N+]([O-])CCO,0.0,0.0,0.0,0.0,0.0,0.0,0.0,,0.0,0.0,0.0,0.0
MOL_05703,CN(CCCl)CCCl,0.0,0.0,,,,0.0,,1.0,1.0,0.0,,1.0
MOL_05704,C=C(Cl)Cl,0.0,0.0,0.0,0.0,0.0,0.0,0.0,0.0,0.0,0.0,0.0,0.0
MOL_05705,N=C(N)S(=O)O,0.0,0.0,0.0,0.0,0.0,0.0,0.0,0.0,0.0,0.0,0.0,0.0
MOL_05706,O=C(O)c1nc(Cl)ccc1Cl,0.0,0.0,1.0,0.0,0.0,0.0,0.0,0.0,0.0,0.0,0.0,0.0
MOL_05707,Cc1ccc(N)nc1,0.0,0.0,0.0,0.0,0.0,0.0,0.0,0.0,0.0,0.0,0.0,0.0
MOL_05708,Cc1ccc(C(C)c2ccc(C)c(C)c2)cc1C,0.0,0.0,0.0,,0.0,0.0,0.0,0.0,0.0,0.0,0.0,0.0
MOL_05709,C=COC(C)=O,0.0,0.0,0.0,0.0,0.0,0.0,0.0,0.0,0.0,0.0,,0.0
MOL_05710,C=Cc1cccc(C)c1,0.0,0.0,0.0,0.0,0.0,0.0,0.0,0.0,0.0,0.0,0.0,0.0
MOL_05711,C=CC1CC=CCC1,0.0,0.0,0.0,0.0,0.0,0.0,0.0,0.0,0.0,0.0,,0.0
MOL_05712,COP(=O)(OC)OC,0.0,0.0,0.0,0.0,0.0,0.0,0.0,0.0,0.0,0.0,0.0,0.0
MOL_05713,CC(C)(C)c1ccc(CCOc2ncnc3ccccc23)cc1,0.0,0.0,0.0,0.0,0.0,0.0,0.0,0.0,0.0,0.0,0.0,0.0
MOL_05714,O=C(NC(=O)c1c(F)cccc1F)Nc1cc(Cl)c(OC(F)(F)C(F)C(F)(F)F)cc1Cl,0.0,0.0,0.0,0.0,0.0,0.0,0.0,0.0,0.0,0.0,1.0,0.0
MOL_05715,O=C(NC(=O)c1ccccc1Cl)Nc1ccc(OC(F)(F)F)cc1,0.0,0.0,1.0,,0.0,0.0,0.0,0.0,0.0,0.0,0.0,0.0
MOL_05716,O=C(O)c1ccc(-n2nc(-c3ccccc3O)nc2-c2ccccc2O)cc1,0.0,0.0,0.0,,,0.0,,,0.0,0.0,,0.0
MOL_05717,CO[C@@]12CC[C@@]3(C[C@@H]1[C@](C)(O)C(C)(C)C)[C@H]1Cc4ccc(O)c5c4[C@@]3(CCN1CC1CC1)[C@H]2O5,0.0,0.0,0.0,,,0.0,,,0.0,1.0,,
MOL_05718,COc1ccc2c3c1O[C@H]1[C@@H](O)C=C[C@H]4[C@@H](C2)NCC[C@]314,0.0,0.0,0.0,0.0,0.0,0.0,0.0,,0.0,,0.0,0.0
MOL_05719,Cc1ccc(C)c(C)c1,0.0,0.0,0.0,0.0,0.0,0.0,0.0,0.0,0.0,0.0,0.0,0.0
MOL_05720,CCC(C)(O)CCC=C(C)C,0.0,0.0,0.0,0.0,,0.0,0.0,0.0,0.0,0.0,0.0,0.0
MOL_05721,O=P(O)(O)OC(Cn1cncn1)(Cn1cncn1)c1ccc(F)cc1F,0.0,0.0,0.0,0.0,0.0,0.0,0.0,,0.0,,0.0,0.0
MOL_05722,C[C@H]1[C@@H]2Cc3ccc(O)cc3[C@@]1(C)CCN2C.C[C@H]1[C@@H]2Cc3ccc(O)cc3[C@@]1(C)CCN2C,0.0,0.0,,0.0,0.0,0.0,0.0,0.0,0.0,0.0,0.0,0.0
MOL_05723,C[C@@H]1[C@H]2Cc3ccc(O)cc3[C@]1(C)CCN2C,0.0,0.0,0.0,0.0,,0.0,,,0.0,,0.0,0.0
MOL_05724,CC(=O)OC(C)(C)Cc1ccccc1,0.0,0.0,0.0,0.0,0.0,0.0,0.0,0.0,0.0,0.0,0.0,0.0
MOL_05725,CC(=O)NCCO,0.0,0.0,0.0,0.0,1.0,0.0,0.0,0.0,0.0,0.0,0.0,0.0
MOL_05726,CCCC(=O)O[C@]1(C(=O)COC(=O)CC)CC[C@H]2[C@@H]3CCC4=CC(=O)CC[C@]4(C)[C@H]3[C@@H](O)C[C@@]21C,1.0,1.0,0.0,,,0.0,0.0,0.0,0.0,0.0,0.0,0.0
MOL_05727,CCNc1nc(NC(C)C(C)C)nc(SC)n1,0.0,0.0,,0.0,0.0,0.0,0.0,0.0,0.0,0.0,1.0,0.0
MOL_05728,CON(C)C(=O)Nc1ccc(Cl)c(Cl)c1,0.0,0.0,1.0,,0.0,0.0,0.0,,0.0,0.0,1.0,0.0
MOL_05729,CCCCOCCOC(=O)CCCCCCCCC(=O)OCCOCCCC,0.0,0.0,0.0,0.0,0.0,0.0,0.0,0.0,0.0,,,0.0
MOL_05730,O=C1c2c(O)ccc(O)c2C(=O)c2c(NCCNCCO)ccc(NCCNCCO)c21,0.0,,,,0.0,,0.0,,1.0,,0.0,1.0
MOL_05731,COc1nc(C)nc(Cl)c1NC1=NCCN1,0.0,0.0,1.0,,0.0,0.0,0.0,0.0,0.0,0.0,0.0,0.0
MOL_05732,CCOC(=O)[N-]c1c[n+](N2CCOCC2)no1,0.0,0.0,0.0,0.0,0.0,0.0,0.0,0.0,0.0,0.0,0.0,0.0
MOL_05733,COc1ccccc1N1CCN(CC(O)COc2cccc3ccccc23)CC1,0.0,0.0,1.0,0.0,0.0,0.0,,,0.0,0.0,,0.0
MOL_05734,CC12CC3CC(C)(C1)CC(N)(C3)C2,0.0,0.0,0.0,0.0,0.0,0.0,0.0,0.0,0.0,0.0,0.0,0.0
MOL_05735,CNCCC(Oc1ccccc1OC)c1ccccc1,0.0,0.0,0.0,0.0,0.0,0.0,0.0,0.0,0.0,0.0,0.0,0.0
MOL_05736,C[C@@H](Cc1ccc(O)c(O)c1)[C@H](C)Cc1ccc(O)c(O)c1,0.0,0.0,0.0,,0.0,0.0,,,0.0,,1.0,0.0
MOL_05737,Cc1ncc(CNC(=O)N(CCCl)N=O)c(N)n1,0.0,0.0,0.0,0.0,0.0,0.0,0.0,0.0,0.0,0.0,0.0,0.0
MOL_05738,Cc1c(N)c(=O)n(-c2ccccc2)n1C,0.0,0.0,0.0,0.0,0.0,0.0,0.0,0.0,0.0,0.0,0.0,0.0
MOL_05739,O=C(O)[C@H](O)[C@@H](O)[C@H](O[C@@H]1O[C@H](CO)[C@H](O)[C@H](O)[C@H]1O)[C@H](O)CO,,,,,,,,0.0,,0.0,,
MOL_05740,CN1CCCN=C1/C=C/c1cccs1,,,,,,,,1.0,,0.0,,
MOL_05741,CN(C)CCN(Cc1ccc(Cl)cc1)c1ccccn1,0.0,0.0,0.0,0.0,0.0,0.0,0.0,0.0,0.0,0.0,0.0,0.0
MOL_05742,C[C@H](CN1CCCC1)C(=O)c1ccc(C(F)(F)F)cc1,0.0,0.0,0.0,,0.0,0.0,0.0,1.0,0.0,0.0,0.0,0.0
MOL_05743,Cc1nccn1CC1CCc2c(c3ccccc3n2C)C1=O,0.0,0.0,0.0,0.0,0.0,0.0,0.0,0.0,0.0,0.0,0.0,0.0
MOL_05744,CCCCC1C(=O)NC(=O)N(C2CCCCC2)C1=O,0.0,0.0,0.0,0.0,0.0,0.0,0.0,0.0,0.0,0.0,0.0,0.0
MOL_05745,O=C1CC[C@H](C(=O)N2CCCCC2)N1,0.0,0.0,0.0,0.0,0.0,0.0,0.0,0.0,0.0,0.0,0.0,0.0
MOL_05746,C=CC[C@]1(O)CC[C@H]2[C@@H]3CCC4=CC(=O)CCC4=C3C=C[C@@]21C,1.0,1.0,,0.0,1.0,1.0,0.0,,0.0,0.0,0.0,0.0
MOL_05747,C=CCc1ccccc1O,0.0,0.0,0.0,0.0,0.0,0.0,0.0,0.0,0.0,0.0,,0.0
MOL_05748,N#Cc1cc(Br)c(O)c(Br)c1,1.0,,1.0,0.0,,0.0,,,,0.0,,1.0
MOL_05749,N#Cc1cc(I)c(O)c(I)c1,0.0,,0.0,1.0,,,,,,0.0,,1.0
MOL_05750,Oc1ccc(/N=N/c2ccccc2)cc1,0.0,0.0,1.0,,1.0,1.0,,1.0,1.0,0.0,1.0,
MOL_05751,C=C(C)C(=O)OCCCCCCCCCCCC,0.0,0.0,0.0,0.0,0.0,0.0,0.0,0.0,0.0,0.0,0.0,0.0
MOL_05752,CCCCCCCCCCCCCCCC(=O)OC(C)C,0.0,0.0,0.0,0.0,0.0,0.0,0.0,0.0,0.0,0.0,0.0,0.0
MOL_05753,NCCCCCCNCCCCCCN,0.0,0.0,0.0,0.0,0.0,0.0,0.0,0.0,0.0,0.0,0.0,0.0
MOL_05754,COc1c(C)c2c(c(O)c1C/C=C(\C)CCC(=O)OCCN1CCOCC1)C(=O)OC2,0.0,,,,1.0,,,1.0,0.0,0.0,0.0,1.0
MOL_05755,CC(C)(C)NCC(O)COc1cccc2c1C[C@H](O)[C@H](O)C2,0.0,0.0,0.0,0.0,0.0,0.0,0.0,0.0,0.0,0.0,0.0,0.0
MOL_05756,Oc1ccc2c3c1O[C@H]1[C@@H](O)CC[C@@]4(O)[C@@H](C2)N(CC2CCC2)CC[C@]314,,0.0,0.0,,0.0,0.0,0.0,,0.0,,0.0,0.0
MOL_05757,C=C1CC[C@@]2(O)[C@H]3Cc4ccc(O)c5c4[C@@]2(CCN3CC2CC2)[C@H]1O5,0.0,0.0,0.0,0.0,1.0,0.0,0.0,0.0,0.0,0.0,0.0,0.0
MOL_05758,C=C(C)C(=O)OCCOc1ccccc1,0.0,0.0,0.0,,1.0,0.0,0.0,0.0,0.0,1.0,0.0,0.0
MOL_05759,C=CCN1CC[C@]23c4c5ccc(O)c4O[C@H]2C(=O)CC[C@@]3(O)[C@H]1C5,0.0,0.0,0.0,0.0,0.0,0.0,0.0,0.0,0.0,0.0,0.0,0.0
MOL_05760,CC(CC(C)C)=NO,0.0,0.0,0.0,0.0,0.0,0.0,0.0,0.0,0.0,0.0,0.0,0.0
MOL_05761,COc1ccc(COC(C)=O)cc1,0.0,0.0,0.0,0.0,0.0,0.0,0.0,0.0,0.0,0.0,0.0,0.0
MOL_05762,CC(C)(O)C(=O)c1ccc(OCCO)cc1,0.0,0.0,0.0,0.0,0.0,0.0,0.0,0.0,0.0,0.0,0.0,0.0
MOL_05763,C=CC(=O)OCCC#N,0.0,0.0,0.0,,0.0,0.0,1.0,1.0,0.0,,0.0,0.0
MOL_05764,O=C1CCCCCCCCCCCC(=O)OCCO1,0.0,,0.0,,0.0,0.0,0.0,0.0,0.0,0.0,0.0,0.0
MOL_05765,OCCN1CCNCC1,0.0,0.0,0.0,0.0,0.0,0.0,0.0,0.0,0.0,,0.0,0.0
MOL_05766,CC(C)(O)CCc1ccccc1,0.0,0.0,0.0,0.0,0.0,0.0,0.0,0.0,0.0,0.0,0.0,0.0
MOL_05767,CCCCc1ccc(N)cc1,0.0,0.0,0.0,,,0.0,0.0,0.0,0.0,0.0,0.0,0.0
MOL_05768,CCCCCCCCCc1ccc(O)cc1,0.0,0.0,0.0,,1.0,0.0,0.0,,0.0,0.0,,0.0
MOL_05769,CN(C)Cc1ccccc1,0.0,0.0,0.0,0.0,0.0,0.0,0.0,0.0,0.0,0.0,0.0,0.0
MOL_05770,CO[Si](CCCNCCC[Si](OC)(OC)OC)(OC)OC,0.0,0.0,0.0,0.0,0.0,0.0,0.0,0.0,0.0,0.0,0.0,0.0
MOL_05771,Cc1ccccc1OP(=O)(Oc1ccccc1C)Oc1ccccc1C,0.0,,1.0,1.0,1.0,0.0,0.0,1.0,0.0,,,0.0
MOL_05772,c1coc(CNc2[nH]cnc3ncnc2-3)c1,0.0,0.0,0.0,0.0,,0.0,0.0,0.0,0.0,0.0,,0.0
MOL_05773,Cc1c(C)c2c(c(C)c1OC(=O)CCC(=O)O)CC[C@@](C)(CCC[C@H](C)CCC[C@H](C)CCCC(C)C)O2,0.0,0.0,0.0,0.0,0.0,0.0,0.0,,0.0,,,0.0
MOL_05774,O=C(Oc1ccccc1)c1cccc(C(=O)Oc2ccccc2)c1,0.0,,1.0,,1.0,0.0,0.0,0.0,,0.0,0.0,0.0
MOL_05775,Cc1c(N=C=O)cccc1N=C=O,0.0,0.0,0.0,0.0,0.0,0.0,0.0,0.0,0.0,0.0,0.0,0.0
MOL_05776,O=C1CCCCC1,0.0,0.0,0.0,0.0,0.0,0.0,0.0,0.0,0.0,0.0,0.0,0.0
MOL_05777,OC[C@H]1O[C@@H]2O[C@@H]3[C@@H](CO)O[C@H](O[C@@H]4[C@@H](CO)O[C@H](O[C@@H]5[C@@H](CO)O[C@H](O[C@@H]6[C@@H](CO)O[C@H](O[C@@H]7[C@@H](CO)O[C@H](O[C@@H]8[C@@H](CO)O[C@H](O[C@H]1[C@H](O)[C@H]2O)[C@H](O)[C@H]8O)[C@H](O)[C@H]7O)[C@H](O)[C@H]6O)[C@H](O)[C@H]5O)[C@H](O)[C@H]4O)[C@H](O)[C@H]3O,0.0,0.0,0.0,0.0,0.0,0.0,0.0,0.0,0.0,0.0,0.0,0.0
MOL_05778,O=C1c2ccccc2C(=O)c2c(O)ccc(O)c21,0.0,0.0,1.0,,0.0,0.0,0.0,1.0,0.0,0.0,1.0,0.0
MOL_05779,CCCCCCCCCCO[C@@H]1O[C@H](CO)[C@@H](O)[C@H](O)[C@H]1O,0.0,0.0,0.0,0.0,0.0,0.0,0.0,,0.0,0.0,0.0,0.0
MOL_05780,C=C(C)C1CCC(C)(O)CC1,0.0,0.0,0.0,0.0,0.0,0.0,0.0,0.0,0.0,0.0,0.0,0.0
MOL_05781,C=C[Si](OCC)(OCC)OCC,0.0,0.0,0.0,0.0,0.0,0.0,0.0,0.0,0.0,0.0,,0.0
MOL_05782,c1csc(-c2ccc(-c3cccs3)s2)c1,1.0,1.0,1.0,,1.0,,1.0,1.0,1.0,1.0,,1.0
MOL_05783,O=NN([O-])c1ccccc1,0.0,0.0,1.0,,1.0,0.0,0.0,,0.0,0.0,0.0,0.0
MOL_05784,O=S(=O)([O-])NC1CCCCC1,0.0,0.0,0.0,0.0,0.0,0.0,0.0,0.0,0.0,0.0,,0.0
MOL_05785,N#CNC(=N)N,0.0,0.0,0.0,0.0,0.0,0.0,0.0,0.0,0.0,0.0,0.0,0.0
MOL_05786,N=c1ccn2c(n1)O[C@H]1[C@H](O)[C@@H](CO)O[C@H]12,0.0,0.0,0.0,0.0,0.0,0.0,0.0,0.0,0.0,0.0,0.0,1.0
MOL_05787,CC(CO)c1ccccc1,0.0,0.0,0.0,0.0,,0.0,0.0,0.0,0.0,0.0,0.0,0.0
MOL_05788,Nc1ccc2c(c1)Cc1ccccc1-2,1.0,,1.0,,1.0,,0.0,,1.0,0.0,,0.0
MOL_05789,CCCCCCCCCCCC[N+](C)(C)CCCS(=O)(=O)[O-],0.0,0.0,0.0,0.0,0.0,0.0,0.0,0.0,0.0,0.0,0.0,0.0
MOL_05790,OCc1c2ccccc2cc2ccccc12,0.0,0.0,,,1.0,0.0,,,0.0,0.0,1.0,0.0
MOL_05791,S=c1nccc[nH]1,0.0,0.0,0.0,0.0,1.0,,0.0,,0.0,0.0,0.0,0.0
MOL_05792,CCn1cc[n+](C)c1.F[B-](F)(F)F,0.0,0.0,0.0,0.0,,0.0,0.0,0.0,0.0,0.0,0.0,0.0
MOL_05793,CC(=O)C(=O)CC(C)C,0.0,0.0,0.0,0.0,1.0,0.0,0.0,0.0,0.0,0.0,0.0,0.0
MOL_05794,CCCC[n+]1ccccc1C,0.0,0.0,0.0,0.0,0.0,0.0,0.0,1.0,0.0,0.0,0.0,0.0
MOL_05795,CC(C)(C)NCC(O)COc1ccccc1OCC1CCCO1,,,,,,,,0.0,,0.0,,
MOL_05796,CCCCN(CC)C(=O)SCCC,0.0,0.0,0.0,0.0,0.0,0.0,0.0,0.0,0.0,0.0,0.0,0.0
MOL_05797,CC(C)NCC(O)COc1cccc2ccccc12,0.0,0.0,0.0,0.0,1.0,0.0,0.0,0.0,0.0,0.0,,0.0
MOL_05798,CC(CN1CC(=O)NC(=O)C1)N1CC(=O)NC(=O)C1,,0.0,0.0,0.0,0.0,0.0,0.0,0.0,0.0,0.0,0.0,1.0
MOL_05799,Cc1ncc([C@@H](CCCCCCc2ccc3c(n2)NCCC3)CC(=O)O)cn1,0.0,,0.0,0.0,0.0,0.0,0.0,,0.0,0.0,0.0,0.0
MOL_05800,CC(C)(O)c1cnn2c(-c3ccc(F)c(-c4c(F)cccc4C#N)c3)cnc2n1,0.0,,,1.0,0.0,0.0,,,0.0,0.0,1.0,0.0
MOL_05801,CCCCc1ccc2c(n1)[C@@H](c1ccc(OC)cc1C[C@H](C)C(=O)[O-])[C@H](C(=O)[O-])[C@H]2c1ccc2c(c1)OCO2,0.0,0.0,0.0,0.0,0.0,0.0,0.0,0.0,0.0,0.0,0.0,0.0
MOL_05802,CCOc1cccc(-n2cc(C(=O)N3CCN(c4cc(C(=O)[O-])c5ccccc5c4)CC3)nc2-c2ccc(C)cc2)c1,0.0,0.0,0.0,0.0,0.0,,,1.0,,0.0,1.0,
MOL_05803,Fc1ccccc1[C@@H](F)CO[C@H]1CC[C@H](Nc2[nH]cnc3nncc2-3)CC1,0.0,,,,,0.0,,,,0.0,1.0,0.0
MOL_05804,CO[C@@H]1COCC[C@@H]1[NH2+][C@@H]1CC[C@@](C(=O)N2CCc3ncc(C(F)(F)F)cc3C2)(C(C)C)C1.O=C([O-])CCC(=O)O,0.0,0.0,0.0,0.0,,0.0,0.0,0.0,0.0,0.0,0.0,0.0
MOL_05805,OC12N=C(c3ccccc3)SC1Cc1cc(Cl)ccc12,0.0,0.0,1.0,,1.0,0.0,0.0,1.0,0.0,0.0,1.0,0.0
MOL_05806,CN(C)C(=O)NC1(c2ccccc2)CCN(CC[C@@]2(c3ccc(F)c(F)c3)CN(C(=O)c3ccccc3)CCO2)CC1,0.0,0.0,0.0,0.0,0.0,0.0,,0.0,0.0,0.0,,0.0
MOL_05807,Cc1cccc(C)c1NC1=NCCCS1,0.0,0.0,0.0,0.0,0.0,0.0,0.0,0.0,0.0,0.0,0.0,0.0
MOL_05808,CN1[C@H]2CC[C@@H]1C[C@H](OC(=O)C(CO)c1ccccc1)C2,1.0,0.0,0.0,0.0,0.0,0.0,0.0,0.0,0.0,0.0,0.0,0.0
MOL_05809,Cl[Ni]Cl,0.0,0.0,0.0,,0.0,0.0,0.0,0.0,0.0,,0.0,0.0
MOL_05810,C[C@@H](CN1CC(=O)NC(=O)C1)N1CC(=O)NC(=O)C1,,,,,,,,0.0,,0.0,,
MOL_05811,CCNc1nc(Cl)nc(NC(C)C)n1,0.0,0.0,0.0,0.0,0.0,0.0,0.0,0.0,0.0,0.0,0.0,0.0
MOL_05812,O=S(=O)(O)c1ccc(O)cc1,0.0,0.0,,0.0,,,0.0,0.0,0.0,0.0,1.0,0.0
MOL_05813,CCCCNC(=N)NC(=N)N,,,,,,,,1.0,,0.0,,
MOL_05814,O=C(CCN1CCN2CCCC2C1)N1c2ccccc2Sc2ccc(Cl)cc21,0.0,0.0,0.0,0.0,0.0,0.0,0.0,,0.0,0.0,,0.0
MOL_05815,COc1ccc(CCN2CCC(Nc3nc4ccccc4n3Cc3ccc(F)cc3)CC2)cc1,0.0,0.0,,,,0.0,,,,0.0,,
MOL_05816,NC(=O)NS(=O)(=O)c1ccc(N)cc1,1.0,1.0,0.0,,,0.0,0.0,0.0,0.0,0.0,,0.0
MOL_05817,CCN(CC)CCNC(=O)COc1ccc(Cl)cc1,0.0,0.0,0.0,0.0,0.0,0.0,0.0,0.0,0.0,0.0,0.0,0.0
MOL_05818,COc1ccc(CN2CCN(C(c3ccc(F)cc3)c3ccc(F)cc3)CC2)c(OC)c1OC,1.0,0.0,0.0,0.0,0.0,0.0,,0.0,,0.0,,
MOL_05819,CC(C)(C)NCC(O)COc1ccc(NC(=O)NC2CCCCC2)cc1,0.0,0.0,,,,0.0,0.0,0.0,0.0,0.0,,0.0
MOL_05820,CCOC(=O)C1=C(C)NC(C)=C(C(=O)OCC)C1c1ccccc1/C=C/C(=O)OC(C)(C)C,0.0,,1.0,1.0,,1.0,1.0,1.0,,1.0,,1.0
MOL_05821,N#C/C(=C1\SCC(c2ccccc2Cl)S1)n1ccnc1,,0.0,1.0,1.0,0.0,0.0,0.0,0.0,0.0,0.0,0.0,0.0
MOL_05822,Nc1ncn([C@@H]2O[C@H](CO)[C@@H](O)[C@H]2O)c(=O)n1,0.0,0.0,0.0,,0.0,0.0,,1.0,0.0,0.0,0.0,1.0
MOL_05823,CCP(CC)(CC)=[Au]S[C@H]1O[C@@H](COC(C)=O)[C@H](OC(C)=O)[C@@H](OC(C)=O)[C@@H]1OC(C)=O,0.0,,,,,1.0,,,1.0,,,
MOL_05824,CN(C)c1ccc(C(=N)c2ccc(N(C)C)cc2)cc1,0.0,0.0,1.0,,,0.0,0.0,0.0,0.0,0.0,1.0,1.0
MOL_05825,CCOP(=S)(Cl)OCC,0.0,0.0,0.0,,0.0,0.0,0.0,0.0,0.0,,,0.0
MOL_05826,COP(=S)(Cl)OC,0.0,0.0,0.0,0.0,0.0,0.0,0.0,0.0,0.0,0.0,0.0,0.0
MOL_05827,CO[Si](CCCOCC1CO1)(OC)OC,0.0,0.0,0.0,0.0,0.0,0.0,0.0,0.0,0.0,0.0,0.0,0.0
MOL_05828,C=CCc1cc(S(=O)(=O)c2ccc(O)c(CC=C)c2)ccc1O,0.0,,1.0,1.0,,0.0,,,0.0,0.0,1.0,0.0
MOL_05829,CCCCCCOC(=O)C(C)CC,0.0,0.0,0.0,0.0,0.0,0.0,0.0,0.0,0.0,0.0,0.0,0.0
MOL_05830,Cc1ccc(S(=O)(=O)Oc2ccc(N=Nc3ccc(-c4ccc(N=Nc5c(O)ccc6cc(S(=O)(=O)[O-])cc(S(=O)(=O)[O-])c56)c(C)c4)cc3C)cc2)cc1,0.0,0.0,0.0,,,0.0,0.0,,0.0,0.0,,0.0
MOL_05831,[Cr+2].c1cc[cH-]c1.c1cc[cH-]c1,0.0,0.0,0.0,0.0,0.0,0.0,0.0,0.0,0.0,0.0,0.0,0.0
MOL_05832,CCOC(=O)[C@H](CCc1ccccc1)N[C@@H](C)C(=O)N1Cc2ccccc2C[C@H]1C(=O)O,0.0,0.0,1.0,0.0,0.0,0.0,0.0,0.0,0.0,0.0,0.0,0.0
MOL_05833,CC1=CCC(C(C)C)C=C1,0.0,0.0,0.0,0.0,0.0,0.0,0.0,,0.0,0.0,0.0,0.0
MOL_05834,Cn1cc(C(=O)[C@@H]2CCc3[nH]cnc3C2)c2ccccc21,0.0,0.0,0.0,0.0,0.0,0.0,0.0,0.0,0.0,,0.0,0.0
MOL_05835,ON=C1C=CC(=NO)C=C1,0.0,0.0,1.0,,0.0,0.0,0.0,1.0,0.0,0.0,1.0,0.0
MOL_05836,C[C@@H]1[C@@H]2Cc3ccc(O)cc3[C@@]1(C)CCN2CCc1ccccc1,0.0,0.0,1.0,0.0,,0.0,,,0.0,,0.0,0.0
MOL_05837,CC(C)CCCCCCc1ccc(O)cc1,0.0,0.0,0.0,,1.0,1.0,0.0,0.0,0.0,,1.0,
MOL_05838,c1coc(-c2nc3ccccc3[nH]2)c1,0.0,0.0,1.0,,1.0,,0.0,0.0,1.0,0.0,,0.0
MOL_05839,O=C1OCCN1/N=C/c1ccc([N+](=O)[O-])o1,0.0,,,,1.0,1.0,0.0,1.0,0.0,0.0,0.0,0.0
MOL_05840,Cl[Sb](Cl)Cl,0.0,,0.0,0.0,0.0,0.0,,1.0,0.0,1.0,1.0,1.0
MOL_05841,CCn1cc(C(=O)O)c(=O)c2cc3c(cc21)OCO3,0.0,0.0,0.0,0.0,0.0,0.0,0.0,0.0,0.0,0.0,0.0,0.0
MOL_05842,CC(C)NNC(=O)c1ccncc1,0.0,0.0,,0.0,1.0,1.0,0.0,0.0,0.0,0.0,0.0,0.0
MOL_05843,O=[N+]([O-])c1ccc(Nc2ccc(Nc3ccccc3)c(S(=O)(=O)[O-])c2)c([N+](=O)[O-])c1,0.0,0.0,0.0,0.0,0.0,0.0,0.0,0.0,0.0,0.0,,0.0
MOL_05844,COc1ccc2[nH]c(S(=O)Cc3ncc(C)c(OC)c3C)nc2c1,0.0,0.0,1.0,0.0,,0.0,0.0,1.0,0.0,0.0,0.0,0.0
MOL_05845,COCC(C)N,0.0,0.0,0.0,0.0,0.0,0.0,0.0,0.0,0.0,0.0,0.0,0.0
MOL_05846,O=S(=O)([O-])c1cc(S(=O)(=O)[O-])c2c(/N=N/c3ccccc3)c(O)ccc2c1,0.0,0.0,0.0,0.0,0.0,0.0,0.0,0.0,0.0,0.0,,0.0
MOL_05847,COc1cc(/C=C/C(=O)O[C@H]2CC[C@]34C[C@]35CC[C@]3(C)[C@@H]([C@H](C)CCC=C(C)C)CC[C@@]3(C)[C@@H]5CC[C@H]4C2(C)C)ccc1O,0.0,1.0,0.0,0.0,0.0,1.0,1.0,0.0,1.0,0.0,0.0,1.0
MOL_05848,O=C1Nc2ccc(Cl)cc2C(c2ccccc2)=NC1O,1.0,0.0,0.0,0.0,1.0,0.0,0.0,0.0,0.0,0.0,0.0,0.0
MOL_05849,CNC(=O)ON=C(SC)C(=O)N(C)C,0.0,0.0,0.0,0.0,1.0,0.0,0.0,0.0,0.0,0.0,0.0,0.0
MOL_05850,COc1ccc(CO)cc1,0.0,0.0,0.0,0.0,0.0,0.0,0.0,0.0,0.0,0.0,0.0,0.0
MOL_05851,Cc1ccc2c(c1)[C@]13CCCC[C@@H]1[C@H](C2)N(C)CC3,0.0,0.0,,0.0,0.0,0.0,0.0,,0.0,,0.0,0.0
MOL_05852,O=c1[nH]c(=O)n([C@H]2C[C@H](O)[C@@H](CO)O2)cc1Br,0.0,0.0,0.0,,,0.0,0.0,0.0,0.0,0.0,0.0,0.0
MOL_05853,CN(C)Cc1ccccc1O,0.0,0.0,0.0,0.0,0.0,0.0,0.0,0.0,0.0,0.0,0.0,0.0
MOL_05854,CC(=O)N(CC(O)CO)c1c(I)c(C(=O)NCCO)c(I)c(C(=O)NCC(O)CO)c1I,0.0,0.0,0.0,0.0,1.0,0.0,0.0,1.0,0.0,0.0,0.0,0.0
MOL_05855,CC(C)(C(=O)O)c1ccc(C(O)CCCN2CCC(C(O)(c3ccccc3)c3ccccc3)CC2)cc1,0.0,0.0,0.0,0.0,0.0,0.0,0.0,,0.0,0.0,0.0,0.0
MOL_05856,COc1ncc(F)c2nc(S(=O)(=O)Nc3c(F)cccc3F)nn12,0.0,0.0,0.0,0.0,0.0,0.0,0.0,0.0,0.0,0.0,0.0,0.0
MOL_05857,CCOC(=O)Nc1ccc2c(c1)N(C(=O)CN(C)C)c1ccccc1CC2,0.0,0.0,0.0,0.0,0.0,0.0,,,0.0,,,0.0
MOL_05858,CCN(CCO)CCn1c(Cc2ccccc2)nc2c1c(=O)n(C)c(=O)n2C,0.0,0.0,0.0,0.0,0.0,0.0,0.0,0.0,0.0,0.0,0.0,0.0
MOL_05859,C=CC1(C)CC(OC(=O)CO)C2(C)C(C)CCC3(CCC(=O)C32)C(C)C1O,0.0,0.0,0.0,0.0,0.0,0.0,0.0,,0.0,,0.0,0.0
MOL_05860,C=C1CC2C3CCC4=CC(=O)C=C[C@]4(C)[C@@]3(F)[C@@H](O)C[C@]2(C)[C@@]1(O)C(=O)COC(C)=O,1.0,1.0,0.0,,,0.0,0.0,,0.0,,0.0,0.0
MOL_05861,CCCCCCCCCCCCCC[P+](CCCCCC)(CCCCCC)CCCCCC,0.0,,,,,,,,,,1.0,
MOL_05862,CCCCCCn1cc[n+](C)c1,0.0,0.0,0.0,0.0,,0.0,0.0,1.0,0.0,0.0,,
MOL_05863,CCCn1cc[n+](C)c1.O=S(=O)([N-]S(=O)(=O)C(F)(F)F)C(F)(F)F,0.0,0.0,0.0,0.0,0.0,0.0,0.0,0.0,0.0,0.0,,0.0
MOL_05864,CCCCCCCCn1cc[n+](C)c1.O=S(=O)([O-])C(F)(F)F,0.0,,,1.0,,,0.0,1.0,,0.0,1.0,
MOL_05865,Clc1cc(Cl)cc(Cl)c1,0.0,0.0,0.0,0.0,0.0,0.0,0.0,0.0,0.0,0.0,0.0,0.0
MOL_05866,Clc1cccc(Cl)c1Cl,0.0,0.0,0.0,0.0,0.0,0.0,0.0,0.0,0.0,0.0,0.0,0.0
MOL_05867,O=C(CCl)c1ccc(Cl)cc1Cl,0.0,0.0,0.0,,0.0,0.0,,1.0,1.0,1.0,1.0,1.0
MOL_05868,C=CC1=C(C(=O)O)N2C(=O)[C@@H](NC(=O)/C(=N/OCC(=O)O)c3csc(N)n3)[C@H]2SC1,0.0,0.0,0.0,0.0,0.0,0.0,0.0,,0.0,,0.0,0.0
MOL_05869,N[C@@H](C(=O)N[C@@H]1C(=O)N2C(C(=O)O)=C(CSc3c[nH]nn3)CS[C@H]12)c1ccc(O)cc1,0.0,0.0,0.0,0.0,0.0,0.0,0.0,,0.0,,0.0,0.0
MOL_05870,Cc1nnc(SCC2=C(C(=O)O)N3C(=O)[C@@H](NC(=O)Cn4cnnn4)[C@H]3SC2)s1,0.0,0.0,0.0,0.0,0.0,0.0,0.0,1.0,0.0,0.0,0.0,0.0
MOL_05871,NS(=O)(=O)c1cc(C(=O)O)cc(N2CCCC2)c1Oc1ccccc1,1.0,0.0,0.0,,0.0,0.0,0.0,0.0,0.0,0.0,0.0,0.0
MOL_05872,O=c1[nH]sc2cc(Cl)ccc12,,,,,,,,,,1.0,,
MOL_05873,CC(=O)c1ccc2c(c1)N(CCCN1CCC(CCO)CC1)c1ccccc1S2,0.0,0.0,0.0,0.0,0.0,0.0,0.0,0.0,0.0,0.0,0.0,0.0
MOL_05874,CC[N+]1(C)CCCC(OC(=O)C(O)(c2ccccc2)c2ccccc2)C1,,,,,,,,0.0,,0.0,,
MOL_05875,CN1CCN(CC(=O)N2c3ccccc3C(=O)Nc3cccnc32)CC1,0.0,0.0,0.0,0.0,0.0,0.0,0.0,0.0,0.0,0.0,0.0,0.0
MOL_05876,O=C(CCBr)N1CCN(C(=O)CCBr)CC1,,,,,,,,1.0,,0.0,,
MOL_05877,CCCc1ccc(O)cc1,0.0,0.0,0.0,0.0,,0.0,0.0,0.0,0.0,0.0,1.0,0.0
MOL_05878,CCC(CO)(CO)CO,0.0,0.0,0.0,0.0,0.0,0.0,0.0,0.0,0.0,0.0,0.0,0.0
MOL_05879,CCC(C)N,0.0,0.0,0.0,0.0,0.0,0.0,0.0,0.0,0.0,0.0,0.0,0.0
MOL_05880,Cc1cccc(Nc2ncccc2C(=O)O)c1C,0.0,0.0,1.0,,,0.0,0.0,,0.0,,0.0,0.0
MOL_05881,Cc1cccc(C)c1Nc1ncccc1C(=O)O,0.0,,1.0,,,0.0,0.0,,1.0,,1.0,
MOL_05882,O=C(NCCO[N+](=O)[O-])c1cccnc1,0.0,0.0,0.0,0.0,0.0,0.0,0.0,0.0,0.0,0.0,0.0,0.0
MOL_05883,Cc1cccc(C(C)c2c[nH]cn2)c1C,0.0,0.0,1.0,1.0,0.0,0.0,0.0,,0.0,,0.0,0.0
MOL_05884,CCOc1ccccc1O[C@H](c1ccccc1)[C@H]1CNCCO1,0.0,0.0,0.0,0.0,0.0,0.0,0.0,0.0,0.0,0.0,,0.0
MOL_05885,COC(C)(C)OC,0.0,0.0,0.0,0.0,0.0,0.0,0.0,0.0,0.0,0.0,0.0,0.0
MOL_05886,CC(CO)(CO)CO,0.0,0.0,0.0,0.0,,0.0,0.0,0.0,0.0,0.0,0.0,0.0
MOL_05887,CCCCCCOc1ccc(N)cc1,0.0,0.0,1.0,,1.0,0.0,,0.0,1.0,0.0,,
MOL_05888,O=C(NCCc1c[nH]c2ccccc12)c1cccnc1,0.0,0.0,1.0,1.0,0.0,0.0,0.0,0.0,0.0,0.0,0.0,0.0
MOL_05889,CC[n+]1c(-c2ccccc2)c2cc(N)ccc2c2ccc(N)cc21,0.0,1.0,1.0,1.0,0.0,,0.0,1.0,,0.0,1.0,1.0
MOL_05890,CN(C)c1nc(N(C)C)nc(N(C)C)n1,0.0,0.0,0.0,0.0,0.0,0.0,0.0,0.0,0.0,0.0,0.0,0.0
MOL_05891,Nc1ccc(-c2ccc(F)cc2)cc1,0.0,0.0,1.0,,1.0,0.0,0.0,,,0.0,,0.0
MOL_05892,CCC[N+](=O)[O-],0.0,0.0,0.0,0.0,0.0,0.0,0.0,0.0,0.0,0.0,0.0,0.0
MOL_05893,CC(C)[N+](=O)[O-],0.0,0.0,0.0,0.0,0.0,0.0,0.0,0.0,0.0,0.0,0.0,0.0
MOL_05894,O=C(O)CC[N+](=O)[O-],0.0,0.0,0.0,0.0,0.0,0.0,0.0,0.0,0.0,0.0,0.0,0.0
MOL_05895,O=[N+]([O-])c1ccc2ccc3cccc4ccc1c2c34,0.0,0.0,,0.0,0.0,1.0,,1.0,,,1.0,
MOL_05896,C=CCN(C1=NCCN1)c1c(Cl)cccc1Cl,0.0,0.0,0.0,0.0,1.0,0.0,0.0,,0.0,,0.0,0.0
MOL_05897,Oc1ncnc2[nH]ncc12,0.0,0.0,0.0,0.0,0.0,0.0,0.0,0.0,0.0,0.0,0.0,0.0
MOL_05898,C=CC[C@]1(O)CC[C@H]2[C@@H]3CCC4=CCCC[C@@H]4[C@H]3CC[C@@]21C,1.0,0.0,0.0,0.0,1.0,1.0,0.0,,0.0,,1.0,0.0
MOL_05899,CC(=O)[C@H]1CC[C@H]2[C@@H]3CC[C@H]4C[C@H](O)CC[C@]4(C)[C@H]3C(=O)C[C@]12C,0.0,0.0,,0.0,0.0,0.0,0.0,0.0,0.0,0.0,0.0,0.0
MOL_05900,C=C(CC)C(=O)c1ccc(OCC(=O)O)c(Cl)c1Cl,0.0,0.0,0.0,,0.0,1.0,,1.0,0.0,1.0,0.0,1.0
MOL_05901,CN(C)CCCOC1(Cc2ccccc2)CCCCCC1,,,,,,,,0.0,,0.0,,
MOL_05902,Clc1cc(Cl)c(Cl)c(Cl)c1,1.0,,0.0,0.0,,0.0,0.0,0.0,0.0,0.0,0.0,0.0
MOL_05903,CCCOC/C(=N\c1ccc(Cl)cc1C(F)(F)F)n1ccnc1,0.0,,0.0,1.0,,,1.0,1.0,0.0,,,
MOL_05904,CC1CS(=O)(=O)CCN1N=Cc1ccc([N+](=O)[O-])o1,0.0,0.0,0.0,0.0,0.0,0.0,0.0,,0.0,,0.0,0.0
MOL_05905,C[C@H](NCCc1ccc(O)cc1)[C@H](O)c1ccc(O)cc1,0.0,0.0,0.0,0.0,0.0,0.0,0.0,,0.0,,0.0,0.0
MOL_05906,Cc1cccc(CN2CCN(C(c3ccccc3)c3ccc(Cl)cc3)CC2)c1,0.0,0.0,0.0,0.0,0.0,0.0,0.0,1.0,0.0,0.0,0.0,0.0
MOL_05907,CC[C@@H](CO)NCCN[C@@H](CC)CO,0.0,0.0,0.0,0.0,0.0,0.0,0.0,0.0,0.0,0.0,0.0,0.0
MOL_05908,N=C(N)NCC1COC2(CCCCC2)O1.N=C(N)NCC1COC2(CCCCC2)O1,0.0,0.0,0.0,0.0,0.0,0.0,0.0,,0.0,,0.0,0.0
MOL_05909,CCN(CC)C(C)CN1c2ccccc2Sc2ccccc21,0.0,0.0,0.0,0.0,0.0,0.0,0.0,0.0,0.0,0.0,0.0,0.0
MOL_05910,Cc1cc2c(cc1S(N)(=O)=O)S(=O)(=O)CCC2,0.0,0.0,0.0,0.0,0.0,0.0,0.0,0.0,0.0,0.0,0.0,0.0
MOL_05911,CC(C)(C)NCC(O)c1cc(O)cc(O)c1.CC(C)(C)NCC(O)c1cc(O)cc(O)c1,0.0,0.0,0.0,0.0,0.0,0.0,0.0,0.0,0.0,0.0,0.0,0.0
MOL_05912,CC(C=O)Cc1ccc(C(C)(C)C)cc1,0.0,0.0,0.0,,0.0,0.0,0.0,0.0,0.0,0.0,,0.0
MOL_05913,CC(C)c1c(CN(C)C(C)Cc2ccccc2)n(C)n(-c2ccccc2)c1=O,0.0,0.0,0.0,0.0,0.0,0.0,0.0,,0.0,0.0,0.0,0.0
MOL_05914,O=C(Cn1ccnc1[N+](=O)[O-])NCCO,0.0,0.0,0.0,0.0,0.0,0.0,0.0,0.0,0.0,0.0,,0.0
MOL_05915,NCC(CC(=O)O)c1ccc(Cl)cc1,0.0,0.0,0.0,0.0,0.0,0.0,0.0,0.0,0.0,0.0,0.0,0.0
MOL_05916,CCCCN(CC)c1c([N+](=O)[O-])cc(C(F)(F)F)cc1[N+](=O)[O-],0.0,0.0,0.0,0.0,0.0,0.0,0.0,0.0,0.0,0.0,1.0,0.0
MOL_05917,CCCCC(O)(Cn1cncn1)c1ccc(Cl)cc1Cl,0.0,0.0,0.0,,,0.0,,,0.0,,1.0,
MOL_05918,Nc1ccc(/N=N/c2ccc(-c3ccc(/N=N/c4c(S(=O)(=O)[O-])cc5cc(S(=O)(=O)[O-])c(/N=N/c6ccccc6)c(O)c5c4N)cc3)cc2)c(N)c1,0.0,0.0,1.0,,0.0,0.0,,0.0,0.0,0.0,1.0,0.0
MOL_05919,O=[Bi]Cl,0.0,0.0,,,,0.0,0.0,0.0,0.0,0.0,0.0,0.0
MOL_05920,CC(C)(c1ccc(O)cc1)c1ccc(O)cc1,0.0,0.0,,0.0,1.0,1.0,,1.0,0.0,0.0,1.0,0.0
MOL_05921,CCCCCCCC/C=C\CCCCCCCC(=O)OCCOC(=O)CCCCCCC/C=C\CCCCCCCC,0.0,0.0,,0.0,1.0,0.0,0.0,0.0,0.0,0.0,,0.0
MOL_05922,CCCCCCCC/C=C\CCCCCCCCOCCO,0.0,,0.0,,,,,1.0,0.0,,1.0,
MOL_05923,CCCCCCCC/C=C\CCCCCCCC(=O)OCCO,0.0,0.0,0.0,,0.0,0.0,0.0,,0.0,1.0,0.0,0.0
MOL_05924,O=C1C=CC(=O)N1c1ccc(Cc2ccc(N3C(=O)C=CC3=O)cc2)cc1,0.0,,0.0,,,,,,,1.0,,1.0
MOL_05925,Oc1c(I)cc(I)c2cccnc12,0.0,0.0,1.0,0.0,0.0,0.0,0.0,0.0,0.0,0.0,0.0,1.0
MOL_05926,NS(=O)(=O)c1ccc(N2CCCCS2(=O)=O)cc1,,,,,,,,0.0,,0.0,,
MOL_05927,CC(=O)N(CC(O)CO)c1c(I)c(C(=O)NCC(O)CO)c(I)c(C(=O)NCC(O)CO)c1I,0.0,0.0,0.0,0.0,0.0,0.0,0.0,0.0,0.0,0.0,,0.0
MOL_05928,CC1=C(CC(=O)O)c2cc(F)ccc2/C1=C\c1ccc(S(C)=O)cc1,0.0,0.0,1.0,0.0,0.0,0.0,0.0,1.0,0.0,0.0,0.0,0.0
MOL_05929,O=S([O-])CNc1ccc(S(=O)(=O)c2ccc(NCS(=O)[O-])cc2)cc1,0.0,0.0,0.0,0.0,0.0,0.0,0.0,,0.0,,0.0,0.0
MOL_05930,Nc1ccc(S(N)(=O)=O)cc1,0.0,0.0,0.0,1.0,0.0,0.0,0.0,0.0,0.0,0.0,0.0,0.0
MOL_05931,O=C1OC(c2ccc(O)c(S(=O)(=O)[O-])c2)(c2ccc(O)c(S(=O)(=O)[O-])c2)c2c(Br)c(Br)c(Br)c(Br)c21,0.0,0.0,0.0,0.0,0.0,0.0,0.0,1.0,0.0,0.0,0.0,0.0
MOL_05932,CC(=O)N(c1onc(C)c1C)S(=O)(=O)c1ccc(N)cc1,,,,,,,,0.0,,0.0,,
MOL_05933,CCC(Cc1c(I)cc(I)c(N)c1I)C(=O)O,0.0,0.0,0.0,0.0,0.0,1.0,0.0,,0.0,0.0,0.0,0.0
MOL_05934,C[C@H](O)C(=O)Nc1c(I)c(C(=O)NC(CO)CO)c(I)c(C(=O)NC(CO)CO)c1I,1.0,0.0,0.0,,0.0,0.0,0.0,0.0,0.0,0.0,0.0,0.0
MOL_05935,CCOC(=O)Oc1c(OC)cc(C(=O)O[C@@H]2C[C@@H]3CN4CCc5c([nH]c6cc(OC)ccc56)[C@H]4C[C@@H]3[C@H](C(=O)OC)[C@H]2OC)cc1OC,0.0,,,0.0,0.0,0.0,,,,,,0.0
MOL_05936,CNS(=O)(=O)Cc1ccc2[nH]cc(CCN(C)C)c2c1,0.0,0.0,0.0,0.0,0.0,0.0,0.0,0.0,0.0,0.0,,0.0
MOL_05937,O=C([O-])CCC(=O)OC[C@@H](NC(=O)C(Cl)Cl)[C@H](O)c1ccc([N+](=O)[O-])cc1,0.0,0.0,0.0,0.0,0.0,0.0,0.0,0.0,0.0,0.0,0.0,0.0
MOL_05938,CC1=CC2C3CC(C=C3C)C2C1,0.0,0.0,0.0,0.0,0.0,0.0,0.0,1.0,0.0,0.0,0.0,0.0
MOL_05939,Nc1ccc2cc3ccc(N)cc3nc2c1.Nc1ccc2cc3ccc(N)cc3nc2c1,0.0,,1.0,1.0,1.0,,,,,0.0,1.0,1.0
MOL_05940,C/C(=C\C(C)CC(C)CC(C)C)C1CC(=O)OC1=O,0.0,0.0,,0.0,0.0,0.0,0.0,1.0,0.0,0.0,0.0,0.0
MOL_05941,O=C(O)C(F)(F)C(F)(F)C(F)(F)C(F)(F)C(F)(F)C(F)(F)F,0.0,0.0,0.0,0.0,0.0,0.0,0.0,1.0,0.0,0.0,,0.0
MOL_05942,[Br-].[Na+],0.0,0.0,0.0,0.0,0.0,0.0,0.0,0.0,0.0,0.0,0.0,0.0
MOL_05943,COc1cc2c(c(OC)c1OC)-c1ccc(OC)c(=O)cc1[C@@H](NC(C)=O)CC2,0.0,,0.0,0.0,0.0,0.0,,1.0,1.0,0.0,1.0,0.0
MOL_05944,CC(CO)(CO)[N+](=O)[O-],0.0,0.0,0.0,0.0,,0.0,0.0,0.0,0.0,0.0,0.0,0.0
MOL_05945,CCC(C)(C)O,0.0,0.0,0.0,0.0,0.0,0.0,0.0,0.0,0.0,0.0,,0.0
MOL_05946,[Co+2].c1cc[cH-]c1.c1cc[cH-]c1,0.0,0.0,0.0,0.0,0.0,0.0,0.0,1.0,0.0,0.0,,0.0
MOL_05947,CC(C)Oc1ccccc1O,0.0,0.0,0.0,0.0,0.0,0.0,0.0,0.0,0.0,0.0,0.0,0.0
MOL_05948,Cc1ccc2c(c1)C(=O)c1ccccc1C2=O,1.0,0.0,1.0,,1.0,0.0,0.0,1.0,1.0,0.0,1.0,0.0
MOL_05949,CC12CCC(CC1=O)C2(C)C,0.0,0.0,0.0,0.0,0.0,0.0,0.0,0.0,0.0,0.0,0.0,0.0
MOL_05950,COC(OC)C(C)c1ccccc1,0.0,0.0,0.0,0.0,0.0,0.0,0.0,0.0,0.0,0.0,0.0,0.0
MOL_05951,SC1CCCC1,0.0,0.0,0.0,0.0,,0.0,0.0,0.0,0.0,0.0,0.0,0.0
MOL_05952,O=C1[N-]S(=O)(=O)c2ccccc21.O=C1[N-]S(=O)(=O)c2ccccc21,0.0,0.0,0.0,0.0,0.0,0.0,0.0,0.0,0.0,0.0,0.0,0.0
MOL_05953,COc1cc(C)ccc1O,0.0,0.0,0.0,0.0,0.0,,0.0,0.0,0.0,0.0,0.0,0.0
MOL_05954,O=C1OC(=O)C2C3C=CC(C3)C12,0.0,0.0,0.0,0.0,0.0,0.0,0.0,0.0,0.0,0.0,0.0,0.0
MOL_05955,CC(CC=O)CC(C)(C)C,0.0,0.0,0.0,,0.0,0.0,0.0,0.0,0.0,0.0,0.0,0.0
MOL_05956,CC1(C)OC[C@@H]2O[C@@]3(C(=O)O)OC(C)(C)O[C@H]3[C@@H]2O1,0.0,0.0,0.0,0.0,0.0,0.0,0.0,0.0,0.0,0.0,0.0,0.0
MOL_05957,C1CCN(CN2CCCCC2)CC1,0.0,0.0,0.0,0.0,0.0,0.0,0.0,0.0,0.0,0.0,0.0,0.0
MOL_05958,CCCCCCCCCCCCCCCCCCOS(=O)(=O)[O-],0.0,0.0,0.0,,0.0,0.0,0.0,,0.0,,0.0,
MOL_05959,Clc1ccc2[nH]nnc2c1,0.0,0.0,0.0,0.0,0.0,,,0.0,0.0,,0.0,0.0
MOL_05960,NC(=O)c1ccccc1[N+](=O)[O-],0.0,0.0,0.0,0.0,0.0,0.0,0.0,,0.0,0.0,,0.0
MOL_05961,NC(=O)c1cccc([N+](=O)[O-])c1,0.0,0.0,0.0,,0.0,0.0,0.0,0.0,0.0,0.0,0.0,0.0
MOL_05962,O=C(O)c1cccc([N+](=O)[O-])c1,0.0,0.0,0.0,0.0,0.0,0.0,0.0,0.0,0.0,0.0,0.0,0.0
MOL_05963,O=C(O)c1ccccc1[N+](=O)[O-],0.0,0.0,0.0,0.0,0.0,0.0,0.0,0.0,0.0,0.0,0.0,0.0
MOL_05964,CN(C)c1ccc(C(c2ccccc2)c2ccc(N(C)C)cc2)cc1,0.0,0.0,0.0,,0.0,0.0,0.0,0.0,0.0,0.0,1.0,0.0
MOL_05965,COc1cc(C=CC(=O)N2CCN(CC(=O)N3CCCC3)CC2)cc(OC)c1OC,0.0,0.0,0.0,0.0,0.0,0.0,0.0,,0.0,,0.0,0.0
MOL_05966,Nc1cccc(S(=O)(=O)O)c1,0.0,0.0,0.0,0.0,0.0,0.0,0.0,0.0,0.0,0.0,,0.0
MOL_05967,CCN(CC)C(=O)Nc1ccc(OCC(O)CNC(C)(C)C)c(C(C)=O)c1,0.0,0.0,0.0,0.0,0.0,0.0,0.0,0.0,0.0,0.0,0.0,0.0
MOL_05968,CCCCCCCCCCOc1cc2c(O)c(C(=O)OCC)cnc2cc1OCC,0.0,0.0,0.0,0.0,0.0,0.0,0.0,0.0,0.0,0.0,0.0,0.0
MOL_05969,CC(C)OC(=O)Nc1ccc2[nH]c(-c3cscn3)nc2c1,0.0,,1.0,,1.0,0.0,0.0,,1.0,,,1.0
MOL_05970,CC1(C)CCC(C)(C)c2cc(NC(=O)c3ccc(C(=O)O)cc3)ccc21,0.0,0.0,,1.0,,,,0.0,0.0,0.0,1.0,
MOL_05971,CO[C@@H]1[C@@H](O[C@@H]2O[C@H](C)[C@@H](O[C@H]3C[C@@](C)(O)[C@@H](OC(=O)CC(C)C)[C@H](C)O3)[C@H](N(C)C)[C@H]2O)[C@@H](CC=O)C[C@@H](C)C(=O)C=CC2OC2C[C@@H](C)OC(=O)C[C@H]1OC(C)=O,0.0,,0.0,0.0,,0.0,,,,,0.0,
MOL_05972,CC[C@H]1NC(=O)[C@@H](NC(=O)c2ncccc2O)C(C)OC(=O)[C@H](c2ccccc2)NC(=O)C2CC(=O)CCN2C(=O)[C@H](Cc2ccccc2)N(C)C(=O)[C@@H]2CCCN2C1=O,0.0,0.0,0.0,0.0,0.0,0.0,0.0,,0.0,,0.0,0.0
MOL_05973,Cc1nc(NS(=O)(=O)c2ccc(N)cc2)nc(C)c1Br,0.0,0.0,0.0,0.0,0.0,0.0,0.0,,0.0,,0.0,0.0
MOL_05974,CCCCCCCCCCCCCOP(=O)(O)O,0.0,0.0,0.0,,0.0,0.0,,,0.0,,,
MOL_05975,COc1ccc2cccc(CCNC(C)=O)c2c1,,,,,,,,0.0,,0.0,,
MOL_05976,O=C([O-])c1ccccc1C(=O)O,0.0,0.0,0.0,0.0,0.0,0.0,0.0,0.0,0.0,0.0,0.0,0.0
MOL_05977,N#C/C=C/C#N,0.0,1.0,0.0,,0.0,1.0,,1.0,1.0,,,0.0
MOL_05978,C=C1CC[C@H](O)C/C1=C/C=C1\CCC[C@@]2(C)[C@H]1CC[C@@H]2[C@H](C)CCCC(C)C,0.0,0.0,0.0,,0.0,0.0,,1.0,0.0,1.0,0.0,
MOL_05979,Cc1ccc(Nc2ccc(O)c3c2C(=O)c2ccccc2C3=O)cc1,0.0,0.0,1.0,0.0,0.0,0.0,0.0,1.0,0.0,0.0,0.0,0.0
MOL_05980,COc1ccc(C(O)(c2cncnc2)C2CC2)cc1,0.0,0.0,0.0,0.0,0.0,0.0,0.0,0.0,0.0,0.0,,0.0
MOL_05981,CCCC(=O)Nc1ncnc2c1ncn2[C@@H]1O[C@@H]2COP(=O)(O)O[C@H]2[C@H]1OC(=O)CCC,0.0,0.0,0.0,0.0,0.0,0.0,0.0,,0.0,,0.0,0.0
MOL_05982,CC(C)NC(C)C,0.0,0.0,0.0,,0.0,0.0,0.0,0.0,0.0,0.0,0.0,0.0
MOL_05983,CC(C)N=C=NC(C)C,0.0,0.0,0.0,0.0,,,0.0,0.0,0.0,0.0,0.0,0.0
MOL_05984,CC(C)CC(=O)CC(C)C,0.0,0.0,0.0,0.0,1.0,0.0,0.0,0.0,0.0,0.0,0.0,0.0
MOL_05985,CC(C)(C)CCCCCCOC(=O)c1ccccc1C(=O)OCCCCCCC(C)(C)C,,0.0,0.0,0.0,0.0,0.0,0.0,,0.0,0.0,0.0,0.0
MOL_05986,CC(=O)C=Cc1ccco1,0.0,0.0,0.0,0.0,0.0,0.0,0.0,0.0,0.0,0.0,0.0,0.0
MOL_05987,COc1cc(CC(C)N)cc2c1OCO2,0.0,0.0,0.0,0.0,0.0,0.0,0.0,0.0,0.0,0.0,0.0,0.0
MOL_05988,CC(Cc1ccc2c(c1)OCO2)NO,0.0,0.0,0.0,0.0,0.0,0.0,0.0,0.0,0.0,0.0,0.0,0.0
MOL_05989,CCc1cc(OC)c(C[C@H](C)N)cc1OC,0.0,0.0,0.0,0.0,0.0,0.0,0.0,,0.0,0.0,0.0,0.0
MOL_05990,CCc1cc(OC)c(C[C@@H](C)N)cc1OC,0.0,0.0,0.0,0.0,0.0,0.0,,,0.0,,,0.0
MOL_05991,COc1ccc(OC)c(CC(C)N)c1,0.0,0.0,0.0,0.0,0.0,0.0,0.0,0.0,0.0,0.0,0.0,0.0
MOL_05992,CC1(C)C2CC[C@]3(C)[C@H](C(=O)C=C4[C@@H]5C[C@@](C)(C(=O)O)CC[C@]5(C)CC[C@]43C)[C@@]2(C)CC[C@@H]1O[C@H]1O[C@H](C(=O)[O-])[C@@H](O)[C@H](O)[C@H]1O[C@@H]1O[C@H](C(=O)O)[C@@H](O)[C@H](O)[C@H]1O,0.0,0.0,0.0,0.0,1.0,0.0,0.0,,0.0,,0.0,0.0
MOL_05993,COc1cc(C[C@@H](C)N)c(OC)cc1C,0.0,0.0,0.0,0.0,,,0.0,,0.0,0.0,0.0,0.0
MOL_05994,O=C(NC(O)C(Cl)(Cl)Cl)NC(O)C(Cl)(Cl)Cl,0.0,0.0,0.0,0.0,0.0,0.0,0.0,0.0,0.0,0.0,0.0,0.0
MOL_05995,CCNC(C)Cc1ccc2c(c1)OCO2,0.0,0.0,,0.0,0.0,0.0,,0.0,0.0,0.0,0.0,0.0
MOL_05996,CNC(C)Cc1ccc2c(c1)OCO2,0.0,0.0,0.0,0.0,0.0,0.0,0.0,0.0,0.0,1.0,0.0,0.0
MOL_05997,CC=Cc1ccc(OC)cc1,0.0,0.0,0.0,0.0,0.0,0.0,0.0,0.0,0.0,0.0,0.0,0.0
MOL_05998,C/C=C/c1ccc(OC)cc1,0.0,0.0,0.0,0.0,0.0,0.0,0.0,0.0,0.0,0.0,0.0,0.0
MOL_05999,CCC1(CCC(C)C)C(=O)NC(=O)NC1=O,0.0,0.0,0.0,0.0,0.0,0.0,0.0,0.0,0.0,0.0,0.0,0.0
MOL_06000,CC[C@@H](N)CO,0.0,0.0,0.0,0.0,0.0,0.0,0.0,0.0,0.0,0.0,,0.0
MOL_06001,OC[C@@H](O)[C@H]1O[C@@H]2O[C@H](C(Cl)(Cl)Cl)O[C@@H]2[C@H]1O,0.0,0.0,0.0,0.0,0.0,0.0,0.0,0.0,0.0,0.0,0.0,0.0
MOL_06002,CC=C(CC)C(=O)NC(N)=O,0.0,0.0,0.0,0.0,1.0,0.0,0.0,,0.0,,0.0,0.0
MOL_06003,C[C@H]1C[C@H](O)c2ccsc2S1(=O)=O,,,,,,,,0.0,,0.0,,
MOL_06004,NNCCc1ccccc1,1.0,0.0,1.0,,1.0,0.0,0.0,1.0,0.0,0.0,0.0,0.0
MOL_06005,c1ccc(OCC2CO2)cc1,0.0,0.0,0.0,0.0,0.0,0.0,0.0,0.0,0.0,0.0,,0.0
MOL_06006,NNc1ccccc1,0.0,0.0,1.0,0.0,0.0,0.0,,1.0,0.0,0.0,1.0,0.0
MOL_06007,CNC[C@H](O)c1cccc(O)c1,0.0,0.0,0.0,0.0,0.0,0.0,0.0,0.0,0.0,0.0,0.0,0.0
MOL_06008,CC(O)CN(CC(C)O)CC(C)O,0.0,0.0,0.0,0.0,1.0,0.0,0.0,0.0,0.0,0.0,0.0,0.0
MOL_06009,NC(Cc1c[nH]c2ccccc12)C(=O)O,0.0,,1.0,0.0,0.0,0.0,0.0,0.0,0.0,0.0,0.0,0.0
MOL_06010,N[C@@H](Cc1c[nH]c2ccccc12)C(=O)O,0.0,0.0,1.0,0.0,0.0,0.0,0.0,0.0,0.0,0.0,0.0,0.0
MOL_06011,C=CC(=O)OCC(C)O,0.0,0.0,0.0,,0.0,,1.0,1.0,0.0,0.0,0.0,0.0
MOL_06012,COC1=CC(=O)O[C@@H](/C=C/c2ccccc2)C1,0.0,0.0,0.0,,1.0,0.0,0.0,,0.0,0.0,0.0,0.0
MOL_06013,Nc1cc(S(=O)(=O)O)ccc1S(=O)(=O)O,0.0,0.0,0.0,0.0,0.0,0.0,0.0,0.0,0.0,0.0,0.0,0.0
MOL_06014,COc1ccc(N)c([N+](=O)[O-])c1,0.0,0.0,,0.0,0.0,0.0,0.0,0.0,0.0,0.0,0.0,0.0
MOL_06015,CC(C)=CCCC(C)C=O,0.0,0.0,0.0,0.0,0.0,0.0,0.0,0.0,0.0,0.0,,0.0
MOL_06016,CN1C(=O)CN=C(c2ccccc2)c2cc([N+](=O)[O-])ccc21,1.0,0.0,,,,0.0,0.0,0.0,1.0,0.0,,0.0
MOL_06017,C=CCOC(=O)CCC1CCCCC1,0.0,0.0,0.0,0.0,0.0,0.0,0.0,0.0,0.0,0.0,0.0,0.0
MOL_06018,Cc1cn([C@H]2C=C[C@@H](CO)O2)c(=O)[nH]c1=O,0.0,0.0,0.0,0.0,0.0,0.0,0.0,0.0,0.0,0.0,0.0,0.0
MOL_06019,CC(C)CCOC(=O)CC(C)C,0.0,0.0,0.0,0.0,0.0,0.0,0.0,0.0,0.0,0.0,0.0,0.0
MOL_06020,CC1=CC[C@H](CC=O)C1(C)C,0.0,0.0,0.0,0.0,0.0,0.0,0.0,0.0,0.0,0.0,0.0,0.0
MOL_06021,O=C(CCNNC(=O)c1ccncc1)NCc1ccccc1,0.0,0.0,,0.0,0.0,0.0,0.0,0.0,0.0,0.0,0.0,0.0
MOL_06022,COC(=O)C1=C(C)NC(C)=C(C(=O)OCCN(C)Cc2ccccc2)C1c1cccc([N+](=O)[O-])c1,0.0,0.0,,,,0.0,,,,1.0,1.0,0.0
MOL_06023,C(=NC1CCCCC1)=NC1CCCCC1,0.0,0.0,0.0,1.0,1.0,0.0,,,0.0,0.0,1.0,
MOL_06024,CC(C)(C)CC(C)(C)c1ccc(OCCOCC[N+](C)(C)Cc2ccccc2)cc1,0.0,,0.0,,,0.0,0.0,1.0,,,1.0,
MOL_06025,OCc1cccnc1,0.0,0.0,0.0,0.0,0.0,0.0,0.0,0.0,0.0,0.0,0.0,0.0
MOL_06026,O=C(OCC(COC(=O)c1cccnc1)(COC(=O)c1cccnc1)COC(=O)c1cccnc1)c1cccnc1,0.0,0.0,0.0,0.0,0.0,0.0,0.0,0.0,0.0,0.0,0.0,0.0
MOL_06027,CCOC(=O)C1=C(COCCN)NC(C)=C(C(=O)OC)C1c1ccccc1Cl.O=S(=O)(O)c1ccccc1,0.0,1.0,0.0,1.0,0.0,,1.0,,0.0,,,1.0
MOL_06028,CC(C=O)Cc1ccc2c(c1)OCO2,0.0,0.0,,0.0,0.0,0.0,0.0,0.0,0.0,0.0,0.0,0.0
MOL_06029,CCCCN(CCCC)C(=O)N(CCCC)CCCC,0.0,0.0,0.0,,1.0,0.0,0.0,0.0,0.0,0.0,,0.0
MOL_06030,OC1OCCOC1O,0.0,0.0,0.0,0.0,0.0,0.0,0.0,0.0,0.0,0.0,0.0,0.0
MOL_06031,CC(C)(COC(=O)c1ccccc1)COC(=O)c1ccccc1,0.0,0.0,0.0,0.0,1.0,0.0,0.0,0.0,0.0,0.0,0.0,0.0
MOL_06032,C[C@H](N)C(=O)N[C@@H](C)C(=O)N[C@@]1(C)[C@@H]2CN(c3nc4c(cc3F)c(=O)c(C(=O)O)cn4-c3ccc(F)cc3F)C[C@@H]21,,,,,,,,1.0,,0.0,,
MOL_06033,Clc1ccc(C(c2ccc(Cl)cc2)C(Cl)Cl)cc1,0.0,0.0,0.0,,,0.0,0.0,,0.0,,1.0,
MOL_06034,Clc1ccc(C(c2ccccc2Cl)C(Cl)Cl)cc1,0.0,0.0,0.0,0.0,1.0,1.0,0.0,0.0,0.0,0.0,1.0,
MOL_06035,Nc1ccc(S(=O)(=O)c2ccc(N)cc2)cc1,0.0,0.0,0.0,0.0,0.0,0.0,0.0,0.0,0.0,0.0,0.0,0.0
MOL_06036,CN(C)NC(=O)CCC(=O)O,0.0,0.0,0.0,0.0,1.0,0.0,0.0,0.0,0.0,0.0,0.0,0.0
MOL_06037,Clc1ccc(C(c2ccc(Cl)cc2)C(Cl)(Cl)Cl)cc1,0.0,0.0,0.0,0.0,1.0,1.0,0.0,0.0,0.0,0.0,1.0,
MOL_06038,ClC(Cl)=C(c1ccc(Cl)cc1)c1ccc(Cl)cc1,0.0,0.0,0.0,0.0,,0.0,0.0,1.0,0.0,0.0,1.0,
MOL_06039,C[C@]12CC[C@H]3[C@@H](CC=C4C[C@@H](O)CC[C@@]43C)[C@@H]1CCC2=O,0.0,0.0,0.0,,1.0,1.0,0.0,,0.0,0.0,0.0,0.0
MOL_06040,CC(=O)OCC(=O)[C@@]12N=C(C)O[C@@H]1C[C@H]1[C@@H]3CCC4=CC(=O)C=C[C@]4(C)[C@H]3[C@@H](O)C[C@@]12C,1.0,0.0,,,1.0,0.0,0.0,,,0.0,0.0,0.0
MOL_06041,O=C1NC(=O)[C@@H]2CC=CC[C@H]12,0.0,0.0,0.0,0.0,0.0,0.0,0.0,0.0,0.0,0.0,0.0,0.0
MOL_06042,OCCCCC(O)CO,0.0,0.0,0.0,,0.0,0.0,0.0,0.0,0.0,0.0,0.0,0.0
MOL_06043,Nc1ccc(O)c(C(=O)O)c1,0.0,0.0,0.0,0.0,1.0,0.0,0.0,0.0,0.0,0.0,0.0,0.0
MOL_06044,CCCCCCCCOS(=O)(=O)[O-],0.0,0.0,0.0,0.0,0.0,0.0,0.0,0.0,0.0,0.0,0.0,0.0
MOL_06045,CN[C@H]1C[C@@H](N)[C@H](O)[C@@H](O[C@@H]2O[C@H](CO)[C@H](O)[C@@H]3OC4(O[C@H]23)O[C@H](C(N)CO)[C@H](O)[C@H](O)[C@H]4O)[C@@H]1O,0.0,0.0,0.0,0.0,0.0,0.0,0.0,,0.0,,,0.0
MOL_06046,CCCCCCCCCCOS(=O)(=O)[O-],0.0,0.0,0.0,0.0,0.0,0.0,0.0,,0.0,0.0,0.0,0.0
MOL_06047,Cc1cccn2c(=O)c(-c3nnn[n-]3)cnc12,0.0,0.0,0.0,0.0,0.0,0.0,0.0,0.0,0.0,0.0,,0.0
MOL_06048,Nc1ncnc(Nc2ccccc2)n1,0.0,0.0,0.0,,,0.0,0.0,,0.0,0.0,0.0,0.0
MOL_06049,CCC(=O)OC(OP(=O)(CCCCc1ccccc1)CC(=O)N1C[C@H](C2CCCCC2)C[C@H]1C(=O)[O-])C(C)C,0.0,0.0,0.0,0.0,0.0,0.0,,,0.0,,0.0,0.0
MOL_06050,C[C@]12CC[C@H]3[C@@H](CCC4=C(Cl)C(=O)CC[C@@]43C)[C@@H]1CC[C@@H]2O,1.0,1.0,0.0,,1.0,1.0,,,0.0,,,0.0
MOL_06051,COc1cc(C(=S)N2CCOCC2)cc(OC)c1OC,0.0,0.0,0.0,0.0,0.0,0.0,0.0,0.0,0.0,0.0,0.0,0.0
MOL_06052,CC(=O)O[C@H]1CC[C@H]2[C@@H]3CCC4=CC(=O)CCC4=C3C=C[C@]12C,1.0,1.0,0.0,0.0,1.0,1.0,0.0,,0.0,,0.0,0.0
MOL_06053,CCOc1ccc(NC(=S)Nc2ccc(OCC)cc2)cc1,0.0,0.0,0.0,0.0,0.0,0.0,0.0,,0.0,,1.0,0.0
MOL_06054,COC(=O)C1=C(C#N)NC(C)=C(C(=O)OC(C)C)C1c1cccc([N+](=O)[O-])c1,0.0,0.0,0.0,,0.0,0.0,,,0.0,,,0.0
MOL_06055,O=C1CC[C@@H](C(=O)N2CSC[C@H]2C(=O)O)N1,,0.0,0.0,0.0,0.0,0.0,0.0,,0.0,,0.0,0.0
MOL_06056,CCCCCCCCCC(=O)O[C@H]1CC[C@H]2[C@@H]3CCC4=CC(=O)CC[C@]4(C)[C@H]3CC[C@]12C,1.0,1.0,0.0,,1.0,1.0,0.0,,0.0,,0.0,0.0
MOL_06057,CCOc1ccccc1OCCN[C@H](C)Cc1ccc(OC)c(S(N)(=O)=O)c1,1.0,1.0,0.0,0.0,0.0,0.0,0.0,,0.0,0.0,1.0,0.0
MOL_06058,COc1cccc(OC)c1C(=O)O,0.0,0.0,0.0,0.0,0.0,0.0,0.0,0.0,0.0,0.0,0.0,0.0
MOL_06059,CCCCP(CCCC)CCCC,0.0,0.0,0.0,0.0,0.0,0.0,0.0,0.0,0.0,0.0,,0.0
MOL_06060,COc1ccc2cc(S(=O)(=O)N[C@H](CC(=O)N[C@H](Cc3ccc(CN4[C@@H](C)CCC[C@H]4C)cc3)C(=O)N(C)C(C)C)c3ccc4c(c3)OCO4)ccc2c1,0.0,0.0,0.0,,,,,,,0.0,1.0,
MOL_06061,CO/N=C(/C(=O)N[C@@H]1C(=O)N2C(C(=O)[O-])=C(COC(C)=O)CS[C@H]12)c1csc(N)n1,0.0,0.0,0.0,0.0,0.0,0.0,0.0,,0.0,,0.0,0.0
MOL_06062,CCOC(=N)CC(=O)OCC,0.0,0.0,0.0,0.0,0.0,0.0,0.0,0.0,0.0,0.0,0.0,0.0
MOL_06063,C=C1[C@@H](n2cnc3c(=O)[nH]c(N)nc32)C[C@H](O)[C@H]1CO,0.0,0.0,0.0,0.0,0.0,0.0,0.0,,0.0,,0.0,0.0
MOL_06064,C[C@@H]1CC(=O)NN=C1c1ccc(NN=C(C#N)C#N)cc1,0.0,,,,,0.0,,0.0,0.0,0.0,,1.0
MOL_06065,Nc1nc(NC2CC2)c2ncn([C@@H]3C=C[C@@H](CO)C3)c2n1,0.0,0.0,1.0,,1.0,0.0,0.0,,1.0,,0.0,0.0
MOL_06066,CNCC[C@H](Oc1cccc2ccccc12)c1cccs1,0.0,0.0,,,,0.0,,,,,,
MOL_06067,C#CCOC(C(=O)OCCN(C)C)(c1ccccc1)c1ccccc1,0.0,0.0,0.0,0.0,0.0,0.0,0.0,0.0,0.0,0.0,0.0,0.0
MOL_06068,N[C@@H](CSCCCO)C(=O)O,,,,,,,,0.0,,0.0,,
MOL_06069,O=C(O)C(=O)Cc1ccccc1,0.0,,0.0,0.0,0.0,0.0,0.0,1.0,0.0,,0.0,0.0
MOL_06070,CCOC(=O)C(SP(=S)(OC)OC)c1ccccc1,0.0,0.0,1.0,0.0,,0.0,0.0,0.0,0.0,0.0,,0.0
MOL_06071,CCOP(=O)(N=C1SCCS1)OCC,0.0,0.0,0.0,0.0,0.0,0.0,0.0,0.0,0.0,0.0,0.0,0.0
MOL_06072,O=C1[C@H]2CCCC[C@H]2C(=O)N1CCCCN1CCN(c2nsc3ccccc23)CC1,0.0,0.0,,,0.0,0.0,0.0,1.0,0.0,0.0,,0.0
MOL_06073,O=C([O-])C[C@H](O)CC(O)/C=C/c1c(C2CC2)nc2ccccc2c1-c1ccc(F)cc1.O=C([O-])C[C@H](O)C[C@H](O)/C=C/c1c(C2CC2)nc2ccccc2c1-c1ccc(F)cc1,0.0,,0.0,1.0,0.0,,0.0,,0.0,,,0.0
MOL_06074,CC(=O)S[C@H](C(=O)N[C@H]1Cc2ccccc2[C@H]2CCC[C@@H](C(=O)O)N2C1=O)C(C)C,0.0,0.0,0.0,0.0,0.0,0.0,0.0,0.0,0.0,0.0,0.0,0.0
MOL_06075,CCc1c(C(=O)NN2CCCCC2)nn(-c2ccc(Cl)cc2Cl)c1-c1ccc(Br)cc1,0.0,,0.0,1.0,1.0,0.0,,1.0,0.0,0.0,1.0,
MOL_06076,Brc1cccc(-c2ccccc2)c1,,0.0,0.0,,,0.0,0.0,0.0,0.0,0.0,,0.0
MOL_06077,Brc1ccccc1-c1ccccc1,0.0,0.0,0.0,0.0,0.0,0.0,0.0,0.0,0.0,0.0,0.0,0.0
MOL_06078,CCCC(=O)OCOC(=O)C1=C(C)NC(C)=C(C(=O)OC)C1c1cccc(Cl)c1Cl,,,,,,,,0.0,,0.0,,
MOL_06079,Cc1onc(-c2ccccc2)c1C(=O)Cl,,,,,,,,0.0,,0.0,,
MOL_06080,COc1cc(OC)nc(O[C@H](C(=O)O)C(OC)(c2ccccc2)c2ccccc2)n1,,,,,,,,0.0,,,,
MOL_06081,CC(Cc1ccccc1)NCCCCl,,,,,,,,0.0,,0.0,,
MOL_06082,COC[C@@H](NC(C)=O)C(=O)NCc1ccccc1,,,,,,,,,,0.0,,
MOL_06083,Brc1ccccc1,0.0,0.0,0.0,0.0,0.0,0.0,0.0,0.0,0.0,0.0,0.0,0.0
MOL_06084,CNC(=O)c1c(I)c(NC(C)=O)c(I)c(C(=O)[O-])c1I,,,,,,,,0.0,,0.0,,
MOL_06085,OCCN(CCO)c1nc(N2CCCCC2)c2nc(N(CCO)CCO)nc(N3CCCCC3)c2n1,0.0,,0.0,,,,0.0,,,,,1.0
MOL_06086,CC(C)(Oc1ccc(Cl)cc1)C(=O)O,0.0,0.0,0.0,0.0,0.0,0.0,0.0,0.0,0.0,0.0,0.0,0.0
MOL_06087,Cc1cc(C(C#N)c2ccc(Cl)cc2)c(Cl)cc1NC(=O)c1cc(I)cc(I)c1O,0.0,0.0,0.0,,,0.0,0.0,,,,1.0,1.0
MOL_06088,CC=CC(=O)N(CC)c1ccccc1C,0.0,0.0,0.0,0.0,0.0,0.0,0.0,0.0,0.0,0.0,0.0,0.0
MOL_06089,Cc1c(O)c(=O)ccn1C,0.0,0.0,,0.0,0.0,0.0,0.0,,0.0,,0.0,0.0
MOL_06090,COc1cc(C(=O)NC2CCN(C)CC2)ccc1Nc1ncc2c(n1)N(C1CCCC1)CC(F)(F)C(=O)N2C,0.0,,0.0,,,0.0,0.0,,1.0,0.0,,
MOL_06091,O=C(O)c1cccc(N(Cc2cccnc2)c2ccc(OC(F)F)c(OC(F)F)c2)c1,0.0,,0.0,0.0,0.0,0.0,,,0.0,0.0,,0.0
MOL_06092,Cc1cc(F)ccc1-c1cc(N2CC[C@@H](O)[C@H]2CO)ncc1N(C)C(=O)C(C)(C)c1cc(C(F)(F)F)cc(C(F)(F)F)c1,0.0,0.0,0.0,,,,,1.0,,,,
MOL_06093,O=C(CCCCCCCCc1cccnc1)N1CCC(C=C(c2ccccc2)c2ccccc2)CC1,0.0,0.0,0.0,,,,,,0.0,1.0,,
MOL_06094,Cn1c(=O)cc(Oc2ccc(F)cc2F)c2cnc(NCC(C)(C)O)nc21,0.0,0.0,0.0,0.0,,0.0,,1.0,0.0,0.0,,0.0
MOL_06095,CS(=O)(=O)c1ccc([C@@H](CC2CCCC2)C(=O)Nc2cnccn2)cc1Cl,0.0,0.0,0.0,,,0.0,,1.0,0.0,0.0,,0.0
MOL_06096,CCCN(C1CCN(C(=O)C2CCNCC2)CC1)[C@@H]1CCc2ccc(OC)cc2C1,0.0,0.0,0.0,,1.0,0.0,0.0,,0.0,0.0,0.0,
MOL_06097,CC(C)CC(O)Cc1ccccc1,0.0,0.0,0.0,0.0,,0.0,0.0,0.0,0.0,0.0,0.0,0.0
MOL_06098,CC1(C)SC(C)(C)SC(C)(C)S1,0.0,0.0,0.0,0.0,0.0,0.0,0.0,0.0,0.0,0.0,0.0,0.0
MOL_06099,CC(=O)OC(c1ccccc1)C(Cl)(Cl)Cl,0.0,0.0,0.0,0.0,,0.0,0.0,0.0,0.0,0.0,1.0,0.0
MOL_06100,C/C=C\c1ccc(OCC)c(O)c1,0.0,0.0,,0.0,0.0,0.0,0.0,0.0,0.0,0.0,,0.0
MOL_06101,CO[C@H]1C[C@@H]2CC[C@@H](C)[C@@](O)(O2)C(=O)C(=O)N2CCCC[C@H]2C(=O)O[C@H]([C@H](C)C[C@@H]2CC[C@@H](OCCO)[C@H](OC)C2)CC(=O)[C@H](C)C=C(C)[C@@H](O)[C@@H](OC)C(=O)[C@H](C)C[C@H](C)C=CC=CC=C1C,0.0,,0.0,1.0,0.0,,,,,,1.0,
MOL_06102,O=C(O)CSCC(=O)NC1CCSC1=O,0.0,0.0,0.0,0.0,0.0,0.0,0.0,0.0,0.0,0.0,0.0,0.0
MOL_06103,CCCCCCCCCCCCCCCC(=O)O[C@@H]1[C@@H](O)[C@@H](O)[C@@H]([C@H](NC(=O)[C@@H]2C[C@@H](CCC)CN2C)[C@H](C)Cl)O[C@@H]1SC,0.0,0.0,0.0,0.0,0.0,0.0,0.0,,0.0,,0.0,0.0
MOL_06104,CC(C)=CCOc1c2occc2cc2ccc(=O)oc12,0.0,0.0,1.0,,0.0,0.0,0.0,,0.0,0.0,0.0,0.0
MOL_06105,CCOC(=O)COc1ccc2c(=O)cc(-c3ccccc3)oc2c1,0.0,0.0,0.0,0.0,0.0,0.0,0.0,,0.0,,,0.0
MOL_06106,NC[C@H]1O[C@H](O[C@@H]2[C@@H](N)C[C@@H](N)[C@H](O[C@H]3O[C@H](CO)[C@@H](O)[C@H](N)[C@H]3O)[C@H]2O)[C@H](N)[C@@H](O)[C@@H]1O,,,,,,,,0.0,,0.0,,
MOL_06107,N=C(N)NCCCCNC(=N)N,0.0,0.0,0.0,0.0,1.0,1.0,0.0,,0.0,,0.0,0.0
MOL_06108,CCN(CC)N(O)N=O.CCNCC,0.0,0.0,0.0,0.0,,0.0,0.0,,0.0,,0.0,0.0
MOL_06109,O=C(O)[C@@H](O)[C@H](O)[C@H](O)[C@@H](O)C(=O)O,0.0,0.0,0.0,0.0,0.0,0.0,0.0,0.0,0.0,0.0,0.0,0.0
MOL_06110,COc1cc([C@@H]2c3cc4c(cc3[C@@H](O)[C@H]3COC(=O)[C@H]23)OCO4)cc(OC)c1O,0.0,,1.0,0.0,0.0,,,,1.0,,1.0,1.0
MOL_06111,C[n+]1ccn(Cc2ccccc2)c1,0.0,0.0,0.0,0.0,,0.0,0.0,,0.0,0.0,0.0,0.0
MOL_06112,C=CCn1cc[n+](C)c1,0.0,0.0,0.0,0.0,0.0,0.0,0.0,0.0,0.0,0.0,0.0,0.0
MOL_06113,CCCCCCCC[N+](C)(CCCCCCCC)CCCCCCCC.O=S(=O)([N-]S(=O)(=O)C(F)(F)F)C(F)(F)F,0.0,0.0,,,,,,0.0,,,,
MOL_06114,Cc1ccc(-c2cc(C(F)(F)F)nn2-c2ccc(S(N)(=O)=O)cc2)cc1,0.0,0.0,0.0,,1.0,1.0,0.0,1.0,0.0,0.0,,0.0
MOL_06115,CON=C(C(=O)N[C@@H]1C(=O)N2C(C(=O)O)=C(COC(N)=O)CS[C@H]12)c1ccco1,0.0,0.0,0.0,0.0,1.0,1.0,0.0,,0.0,,0.0,0.0
MOL_06116,CCCCCC(=O)O,0.0,0.0,0.0,0.0,0.0,0.0,0.0,0.0,0.0,0.0,0.0,0.0
MOL_06117,O=C(O)CCCCC(=O)O,0.0,0.0,0.0,0.0,0.0,0.0,0.0,0.0,0.0,0.0,0.0,0.0
MOL_06118,CCCCCC=O,0.0,0.0,0.0,0.0,0.0,0.0,0.0,0.0,0.0,0.0,0.0,0.0
MOL_06119,CCCCCC/C=C/CCCCCCCC(=O)O,0.0,0.0,0.0,0.0,1.0,0.0,0.0,0.0,0.0,0.0,0.0,0.0
MOL_06120,CCCCCCCCCCCCCCCC(=O)O,0.0,0.0,0.0,0.0,1.0,1.0,0.0,0.0,0.0,0.0,0.0,0.0
MOL_06121,O=C(C(Cl)(Cl)Cl)C(Cl)(Cl)Cl,0.0,0.0,0.0,0.0,0.0,0.0,0.0,0.0,0.0,0.0,0.0,0.0
MOL_06122,CCCCCCC(=O)O,0.0,0.0,0.0,0.0,0.0,0.0,0.0,0.0,0.0,0.0,0.0,0.0
MOL_06123,CCCC(=O)CC,0.0,0.0,0.0,0.0,1.0,0.0,0.0,0.0,0.0,0.0,0.0,0.0
MOL_06124,CC(C)C#N,0.0,0.0,0.0,0.0,0.0,0.0,0.0,1.0,0.0,0.0,0.0,0.0
MOL_06125,CCOC(=O)c1ccccc1N,0.0,0.0,0.0,0.0,0.0,0.0,0.0,0.0,0.0,0.0,0.0,0.0
MOL_06126,CCNc1ccccc1,0.0,0.0,0.0,0.0,0.0,0.0,0.0,0.0,0.0,0.0,0.0,0.0
MOL_06127,Nc1nc2c(ncn2COCCO)c(=O)[nH]1,0.0,0.0,0.0,0.0,0.0,0.0,0.0,0.0,0.0,0.0,0.0,0.0
MOL_06128,Nc1ncnc2[nH]cnc12,0.0,0.0,0.0,,0.0,0.0,0.0,0.0,0.0,1.0,0.0,0.0
MOL_06129,Cc1ccc(/C(=C\CN2CCCC2)c2cccc(/C=C/C(=O)O)n2)cc1,0.0,0.0,0.0,0.0,0.0,0.0,0.0,,0.0,,,0.0
MOL_06130,Nc1ncnc2c1ncn2[C@@H]1O[C@H](CO)[C@@H](O)[C@H]1O,0.0,0.0,0.0,0.0,0.0,0.0,0.0,0.0,0.0,0.0,0.0,0.0
MOL_06131,Nc1ncnc2c1ncn2[C@@H]1O[C@H](COP(=O)(O)OP(=O)(O)OP(=O)(O)O)[C@@H](O)[C@H]1O,0.0,0.0,,,0.0,0.0,0.0,,0.0,,,
MOL_06132,N#Cc1ccc(C2CCCc3cncn32)cc1,0.0,0.0,0.0,1.0,0.0,0.0,0.0,0.0,0.0,0.0,,0.0
MOL_06133,CN(C)c1ccc(N=NS(=O)(=O)[O-])cc1,0.0,,1.0,0.0,0.0,0.0,0.0,1.0,0.0,0.0,1.0,0.0
MOL_06134,CC[N+](=O)[O-],0.0,0.0,0.0,0.0,0.0,0.0,0.0,0.0,0.0,0.0,0.0,0.0
MOL_06135,O=C(O)c1ccc([N+](=O)[O-])cc1,0.0,0.0,0.0,0.0,0.0,0.0,0.0,0.0,0.0,0.0,0.0,0.0
MOL_06136,CCCC[N+](=O)[O-],0.0,0.0,0.0,0.0,0.0,0.0,0.0,0.0,0.0,0.0,0.0,0.0
MOL_06137,O=[N+]([O-])c1ccccc1,0.0,0.0,0.0,0.0,0.0,0.0,0.0,0.0,0.0,0.0,0.0,0.0
MOL_06138,O=[N+]([O-])c1ccc2[nH]cnc2c1,0.0,0.0,0.0,0.0,0.0,0.0,0.0,0.0,0.0,0.0,1.0,0.0
MOL_06139,COc1ccccc1[N+](=O)[O-],0.0,0.0,0.0,0.0,0.0,0.0,0.0,0.0,0.0,0.0,0.0,0.0
MOL_06140,CNC(=O)O/N=C/C(C)(C)S(C)=O,0.0,0.0,0.0,0.0,0.0,0.0,0.0,0.0,0.0,0.0,0.0,0.0
MOL_06141,O=[N+]([O-])c1ccc2c3c(cccc13)CC2,0.0,0.0,1.0,0.0,0.0,0.0,0.0,,0.0,0.0,1.0,0.0
MOL_06142,Nc1ccc([N+](=O)[O-])cc1,0.0,0.0,0.0,,0.0,0.0,,0.0,0.0,0.0,0.0,0.0
MOL_06143,Cc1nc(N(C)C)nc(OC(=O)N(C)C)c1C,0.0,0.0,0.0,0.0,0.0,0.0,0.0,0.0,0.0,0.0,0.0,0.0
MOL_06144,CCCCc1ccc2[nH]c(NC(=O)OC)nc2c1,1.0,,1.0,,1.0,,0.0,,1.0,,1.0,1.0
MOL_06145,Clc1ccc(C(OCCN2CCCCC2)c2ccccc2)cc1,0.0,0.0,0.0,0.0,0.0,0.0,0.0,,0.0,0.0,,0.0
MOL_06146,NC(CO)C(=O)NNCc1ccc(O)c(O)c1O,,,,,,,,0.0,,0.0,,
MOL_06147,C=CC[N@@+]12CC[C@@]34c5ccccc5N5C=C6[C@H]7C[C@H]8[C@@]9(CC[N@@+]8(CC=C)C/C7=C/CO)c7ccccc7N(C=C([C@@H](C[C@@H]31)/C(=C\CO)C2)[C@H]54)[C@@H]69,0.0,0.0,0.0,0.0,0.0,0.0,0.0,,0.0,,0.0,0.0
MOL_06148,CCc1c(C)[nH]c2c1C(=O)C(CN1CCOCC1)CC2,0.0,0.0,,0.0,0.0,0.0,0.0,0.0,0.0,0.0,0.0,0.0
MOL_06149,CCN(CC)c1cc(C)nc2ncnn12,0.0,0.0,0.0,0.0,0.0,0.0,0.0,0.0,0.0,0.0,0.0,0.0
MOL_06150,CC(Cc1ccc(O)cc1)NCC(O)c1cc(O)cc(O)c1,0.0,0.0,0.0,0.0,,0.0,0.0,0.0,0.0,0.0,0.0,0.0
MOL_06151,CC(C)C1CCC(Cc2ccc(Cl)cc2)C1(O)Cn1cncn1,0.0,0.0,,1.0,,0.0,,,0.0,,,
MOL_06152,CCOP(=S)(OCC)Oc1nc(Cl)n(C(C)C)n1,0.0,0.0,1.0,0.0,0.0,0.0,0.0,0.0,0.0,0.0,0.0,0.0
MOL_06153,COC(=O)c1ccc(I)cc1S(=O)(=O)[N-]C(=O)Nc1nc(C)nc(OC)n1,0.0,0.0,,0.0,0.0,0.0,0.0,0.0,0.0,0.0,0.0,0.0
MOL_06154,II,0.0,0.0,,,0.0,0.0,0.0,,0.0,,,0.0
MOL_06155,Oc1c(Br)cc(Br)cc1Br,0.0,0.0,0.0,0.0,0.0,0.0,0.0,1.0,0.0,0.0,1.0,1.0
MOL_06156,CCOC(=O)c1ccccc1O,0.0,0.0,0.0,0.0,0.0,0.0,0.0,0.0,0.0,0.0,0.0,0.0
MOL_06157,O=C(Oc1ccccc1)c1ccccc1O,1.0,0.0,0.0,0.0,0.0,0.0,0.0,0.0,0.0,1.0,0.0,0.0
MOL_06158,CCCCCCCCOC(=O)c1ccccc1C(=O)OCCCCCCCC,0.0,0.0,0.0,0.0,0.0,0.0,0.0,0.0,0.0,0.0,0.0,0.0
MOL_06159,CCOP(=S)(OCC)Oc1ccc(S(C)=O)cc1,0.0,0.0,1.0,0.0,0.0,0.0,0.0,0.0,0.0,0.0,0.0,0.0
MOL_06160,O=P(Oc1ccccc1)(Oc1ccccc1)Oc1ccccc1,0.0,0.0,,0.0,1.0,0.0,0.0,1.0,0.0,0.0,1.0,0.0
MOL_06161,Cc1ccc(S(=O)(=O)[O-])cc1.[Na+],0.0,0.0,0.0,0.0,0.0,0.0,0.0,0.0,0.0,0.0,0.0,0.0
MOL_06162,CC1C=[C-]C=C1.[C-]#[O+].[C-]#[O+].[C-]#[O+].[Mn+],0.0,0.0,0.0,0.0,0.0,0.0,0.0,,0.0,0.0,0.0,0.0
MOL_06163,O=C1C[C@@H]2OCC=C3CN4CC[C@]56c7ccccc7N1[C@H]5[C@H]2[C@H]3C[C@H]46,0.0,0.0,0.0,0.0,0.0,0.0,0.0,,0.0,,0.0,0.0
MOL_06164,C[N+](C)(C)CCOC(=O)CCC(=O)OCC[N+](C)(C)C,0.0,0.0,0.0,0.0,0.0,0.0,0.0,0.0,0.0,0.0,0.0,0.0
MOL_06165,O=C(O)CCC(=O)O,0.0,0.0,0.0,0.0,0.0,0.0,0.0,0.0,0.0,0.0,0.0,0.0
MOL_06166,CC1(C)[C@H](C(=O)O)N2C(=O)C[C@H]2S1(=O)=O,0.0,0.0,0.0,0.0,0.0,0.0,,,0.0,0.0,0.0,
MOL_06167,COc1cc(NS(=O)(=O)c2ccc(N)cc2)nc(OC)n1,0.0,0.0,0.0,0.0,0.0,0.0,0.0,0.0,0.0,0.0,0.0,0.0
MOL_06168,CCn1ccc(NS(=O)(=O)c2ccc(N)cc2)nc1=O,,,,,,,,,,0.0,,
MOL_06169,N=C(N)NS(=O)(=O)c1ccc(N)cc1,0.0,0.0,0.0,0.0,0.0,0.0,0.0,0.0,0.0,0.0,0.0,0.0
MOL_06170,COc1ncnc(NS(=O)(=O)c2ccc(N)cc2)c1OC,0.0,0.0,0.0,0.0,0.0,0.0,0.0,0.0,0.0,0.0,0.0,0.0
MOL_06171,CCCCC(CC)COC(=O)CS,0.0,0.0,0.0,0.0,0.0,0.0,0.0,0.0,0.0,0.0,0.0,0.0
MOL_06172,C=CC(=O)[O-],0.0,0.0,0.0,0.0,0.0,0.0,0.0,,0.0,0.0,,0.0
MOL_06173,C=C(C)C(=O)O[C@@H]1C[C@H]2CC[C@]1(C)C2(C)C,0.0,0.0,0.0,0.0,0.0,0.0,0.0,0.0,0.0,0.0,0.0,0.0
MOL_06174,C=CC[N+](C)(C)CC=C,0.0,0.0,0.0,0.0,0.0,0.0,0.0,0.0,0.0,0.0,0.0,0.0
MOL_06175,CCOC(=O)/C=C(C)/C=C/C[C@@H](C)CCCC(C)C,0.0,0.0,0.0,0.0,0.0,0.0,0.0,,0.0,1.0,,
MOL_06176,COC(C)(C)CCC[C@H](C)C/C=C/C(C)=C/C(=O)OC(C)C,0.0,0.0,0.0,0.0,,0.0,0.0,,0.0,1.0,,0.0
MOL_06177,CCCCCCCCS(=O)(=O)Cl,0.0,0.0,0.0,0.0,0.0,0.0,0.0,1.0,0.0,0.0,0.0,0.0
MOL_06178,Cn1nnc2c(C(N)=O)ncn2c1=O,0.0,0.0,,0.0,0.0,0.0,0.0,0.0,0.0,0.0,0.0,0.0
MOL_06179,O=C([O-])C(Cl)(Cl)Cl,0.0,0.0,0.0,0.0,0.0,0.0,0.0,0.0,0.0,0.0,0.0,0.0
MOL_06180,Cc1cc(C)c(C2=C(OC(=O)CC(C)(C)C)C3(CCCC3)OC2=O)c(C)c1,0.0,0.0,0.0,0.0,0.0,0.0,,,0.0,0.0,,
MOL_06181,CCC(C)(C)C(=O)OC1=C(c2cc(Cl)cc(Cl)c2)C(=O)OC12CCCCC2,0.0,,,,1.0,0.0,1.0,1.0,0.0,0.0,1.0,1.0
MOL_06182,CCCCCCCCCCC1CO1,0.0,0.0,0.0,0.0,0.0,0.0,0.0,0.0,0.0,0.0,0.0,0.0
MOL_06183,CCC(CC)C(=O)O,0.0,0.0,0.0,0.0,0.0,0.0,0.0,0.0,0.0,0.0,0.0,0.0
MOL_06184,CCC(CO)(CO)[N+](=O)[O-],0.0,0.0,0.0,0.0,0.0,0.0,0.0,0.0,0.0,0.0,0.0,0.0
MOL_06185,CCC(CC)CO,0.0,,0.0,0.0,0.0,0.0,0.0,0.0,0.0,0.0,0.0,0.0
MOL_06186,Cc1cc(Br)ccc1NC(=O)CCl,0.0,,1.0,,,0.0,,1.0,,1.0,,1.0
MOL_06187,C=C(C)[C@@H]1CC=C(C)C(=O)C1,0.0,0.0,0.0,0.0,0.0,0.0,0.0,0.0,0.0,0.0,0.0,0.0
MOL_06188,O=C(CCl)NCO,0.0,0.0,0.0,0.0,0.0,0.0,0.0,1.0,0.0,0.0,0.0,0.0
MOL_06189,O=C(O)COc1ccccc1/C=N/NC(=O)c1ccncc1,0.0,0.0,,0.0,0.0,0.0,0.0,,0.0,,0.0,0.0
MOL_06190,NCCC[C@H](N)CC(=O)N[C@H]1CNC(=O)[C@H]([C@H]2C[C@H](O)N=C(N)N2)NC(=O)/C(=C/NC(N)=O)NC(=O)[C@H](CO)NC(=O)[C@H](CO)NC1=O,0.0,0.0,0.0,0.0,0.0,0.0,0.0,,0.0,,0.0,0.0
MOL_06191,O=C(CN1CCN(Cc2ccc3c(c2)OCO3)CC1)N1c2ccccc2Sc2ccccc21,0.0,0.0,1.0,0.0,0.0,0.0,,,0.0,0.0,0.0,0.0
MOL_06192,O=[N+]([O-])c1cccc(S(=O)(=O)NCCNS(=O)(=O)c2cccc([N+](=O)[O-])c2)c1,0.0,0.0,0.0,0.0,0.0,0.0,0.0,1.0,0.0,0.0,,0.0
MOL_06193,CCN(CC)CCOC(=O)C(C)(c1ccccc1)c1ccccc1,0.0,0.0,0.0,0.0,0.0,0.0,0.0,0.0,0.0,0.0,,0.0
MOL_06194,OC(C#CCN1CCCC1)(c1ccccc1)c1ccccc1,0.0,0.0,,0.0,0.0,0.0,0.0,0.0,0.0,0.0,,0.0
MOL_06195,O=C1NC(=O)[C@H]2[C@@H]1[C@@H]1C=C[C@H]2C1,0.0,0.0,0.0,0.0,0.0,0.0,0.0,,0.0,,0.0,0.0
MOL_06196,CCCOC(=O)c1ccc(N)cc1,0.0,0.0,,0.0,,0.0,0.0,0.0,0.0,0.0,0.0,0.0
MOL_06197,CCCOC(=O)c1cncn1C(C)c1ccccc1,,,,,,,,0.0,,0.0,,
MOL_06198,SCCCCCCCCS,0.0,0.0,0.0,0.0,0.0,0.0,0.0,,0.0,0.0,0.0,0.0
MOL_06199,C#CC1(O)CC[C@H]2[C@@H]3CCC4=CC(=O)CC[C@@H]4[C@H]3CC[C@@]21CC,1.0,1.0,0.0,1.0,1.0,1.0,,1.0,0.0,0.0,,0.0
MOL_06200,c1csc(SSc2cccs2)c1,0.0,0.0,0.0,,1.0,0.0,,0.0,0.0,1.0,0.0,0.0
MOL_06201,Nc1ccc2c(c1)CN1C(=O)c3ccccc3C1=N2,,,,,,,,0.0,,0.0,,
MOL_06202,COc1cc(S(N)(=O)=O)cc(C(=O)O)c1OC,,,,,,,,0.0,,0.0,,
MOL_06203,CC(=O)N1CCN(c2ccc(O)cc2)CC1,,,,,,,,1.0,,0.0,,
MOL_06204,CCc1ccc(C2CCNCC2)cc1,,,,,,,,0.0,,0.0,,
MOL_06205,COc1ccccc1N1CCN(CC(O)COc2cc(OC)c(OC)c(OC)c2)CC1,,,,,,,,0.0,,0.0,,
MOL_06206,CCN(CC)c1ccc(C(=C2C=CC(=[N+](CC)CC)C=C2)c2cc(S(=O)(=O)[O-])ccc2S(=O)(=O)[O-])cc1,,,,,,,,0.0,,0.0,,
MOL_06207,CN1CCN(N)CC1,,,,,,,,0.0,,0.0,,
MOL_06208,Nc1nc(=O)n([C@@H]2O[C@H](CO)[C@@H](O)[C@@H]2F)cc1I,,,,,,,,0.0,,0.0,,
MOL_06209,CC(=O)OC(C)C,0.0,0.0,0.0,,,0.0,0.0,0.0,0.0,0.0,0.0,0.0
MOL_06210,C=CC(C)(O)CCCC(C)CCCC(C)CCCC(C)C,0.0,0.0,0.0,0.0,0.0,0.0,0.0,0.0,0.0,0.0,0.0,0.0
MOL_06211,CCCCCCCCCCCCCCN(C)C,0.0,0.0,0.0,0.0,0.0,0.0,0.0,0.0,0.0,0.0,0.0,0.0
MOL_06212,CCCCCCCCCCCCCCO,0.0,0.0,0.0,0.0,0.0,0.0,0.0,0.0,0.0,0.0,0.0,0.0
MOL_06213,CCCCCCCCCCCCCCCCN(C)C,0.0,0.0,0.0,0.0,0.0,0.0,0.0,0.0,0.0,0.0,0.0,0.0
MOL_06214,OCCOCCOCCOCCO,0.0,0.0,0.0,0.0,0.0,0.0,1.0,0.0,0.0,0.0,0.0,0.0
MOL_06215,CCCCCCOCCOCCO,0.0,0.0,0.0,0.0,0.0,0.0,0.0,0.0,0.0,0.0,0.0,0.0
MOL_06216,CC(C)CC(C)CC(O)CC(C)C,0.0,0.0,0.0,0.0,0.0,0.0,0.0,0.0,0.0,0.0,0.0,0.0
MOL_06217,OCCN1CCN(CCO)CC1,0.0,0.0,0.0,0.0,0.0,0.0,0.0,0.0,0.0,0.0,0.0,0.0
MOL_06218,CCCCCC(C=O)=Cc1ccccc1,0.0,0.0,0.0,0.0,1.0,0.0,0.0,0.0,0.0,0.0,0.0,0.0
MOL_06219,O=C1CCCC1,0.0,0.0,0.0,0.0,0.0,0.0,0.0,0.0,0.0,0.0,0.0,0.0
MOL_06220,O=C(OCc1ccccc1)c1ccccc1,0.0,0.0,0.0,0.0,0.0,0.0,0.0,0.0,0.0,0.0,0.0,0.0
MOL_06221,COc1ccc(C)cc1[N+](=O)[O-],0.0,0.0,0.0,0.0,0.0,0.0,0.0,0.0,0.0,0.0,0.0,0.0
MOL_06222,CCC(N)(CO)CO,0.0,0.0,0.0,0.0,0.0,0.0,0.0,0.0,0.0,0.0,0.0,0.0
MOL_06223,COC(=O)C1=C(C)NC(C)=C(C(=O)OC)C1c1ccccc1[N+](=O)[O-],0.0,0.0,1.0,1.0,0.0,0.0,0.0,0.0,0.0,0.0,0.0,0.0
MOL_06224,O=C1c2ccccc2C(=O)C1(O)O,0.0,0.0,1.0,,0.0,0.0,,,0.0,0.0,1.0,1.0
MOL_06225,O=C(Cl)C(Cl)(Cl)Cl,0.0,0.0,0.0,0.0,0.0,0.0,0.0,0.0,0.0,0.0,0.0,0.0
MOL_06226,CCC/C=C/C=C/C(=O)O[C@H]1/C(=C/C(=O)OC)C[C@H]2C[C@H]([C@@H](C)O)OC(=O)C[C@H](O)C[C@@H]3C[C@H](OC(C)=O)C(C)(C)[C@](O)(C[C@@H]4C/C(=C/C(=O)OC)C[C@H](C=CC(C)(C)[C@]1(O)O2)O4)O3,0.0,,0.0,0.0,,,0.0,,,,1.0,
MOL_06227,Oc1ccc([Hg]Cl)cc1,0.0,,0.0,,,1.0,1.0,,1.0,,,1.0
MOL_06228,COC(COC(N)=O)C1=C(N2CC2)C(=O)C(C)=C(N2CC2)C1=O,0.0,,,,,0.0,,,0.0,,0.0,1.0
MOL_06229,CC1C(=O)CC2C3(C)CCC2(C(C)C(=O)O)C(=O)C13,0.0,0.0,0.0,0.0,0.0,0.0,0.0,,0.0,,0.0,0.0
MOL_06230,COC(=O)CC(=O)C(C)(C)C,0.0,0.0,0.0,0.0,0.0,0.0,0.0,0.0,0.0,0.0,0.0,0.0
MOL_06231,COC(=O)c1cc(Cl)cc(Cl)c1,0.0,0.0,0.0,0.0,0.0,0.0,0.0,0.0,0.0,0.0,0.0,0.0
MOL_06232,COC(=O)C(Br)CBr,0.0,0.0,0.0,,0.0,0.0,,,,0.0,0.0,0.0
MOL_06233,COC(=O)Cc1cccc2ccccc12,0.0,0.0,0.0,0.0,0.0,0.0,0.0,0.0,0.0,0.0,0.0,0.0
MOL_06234,Cc1cccc(NC(=S)N(C)C)c1,0.0,0.0,,0.0,0.0,0.0,0.0,,0.0,,,0.0
MOL_06235,Nc1cccc(N)n1,0.0,0.0,1.0,0.0,0.0,0.0,0.0,0.0,0.0,0.0,1.0,0.0
MOL_06236,Nc1ncnc2c1ncn2[C@@H]1O[C@@H]2COP(=O)(O)O[C@H]2[C@H]1O,0.0,0.0,0.0,0.0,0.0,0.0,0.0,0.0,0.0,0.0,0.0,0.0
MOL_06237,CCCCCCCCCCCC[N+](C)(C)Cc1ccccc1,0.0,,0.0,1.0,,0.0,,,,,1.0,
MOL_06238,CC(C)(CO)[C@@H](O)C(=O)NCCC(=O)[O-].CC(C)(CO)[C@@H](O)C(=O)NCCC(=O)[O-],1.0,1.0,0.0,,0.0,0.0,0.0,,0.0,,0.0,0.0
MOL_06239,Nc1nc(=O)n([C@@H]2CS[C@H](CO)O2)cc1F,0.0,0.0,0.0,0.0,0.0,0.0,0.0,,0.0,,0.0,0.0
MOL_06240,NCCCC[C@H](NC(=O)[C@@H]1CCCN1C(=O)[C@@H]1CSSC[C@H](NC(=O)CNC(=O)CNC(=O)CN)C(=O)N[C@@H](Cc2ccc(O)cc2)C(=O)N[C@@H](Cc2ccccc2)C(=O)N[C@@H](CCC(N)=O)C(=O)N[C@@H](CC(N)=O)C(=O)N1)C(=O)NCC(N)=O,0.0,0.0,0.0,0.0,0.0,0.0,0.0,,0.0,,0.0,0.0
MOL_06241,C[C@]12CC[C@@H]3c4ccc(OC(=O)N(CCCl)CCCl)cc4CC[C@H]3[C@@H]1CC[C@@H]2OP(=O)([O-])[O-],1.0,,0.0,0.0,1.0,1.0,0.0,,0.0,,0.0,1.0
MOL_06242,NC1(c2ccc(-c3nc4ccn5c(=O)[nH]nc5c4cc3-c3ccccc3)cc2)CCC1,0.0,,0.0,0.0,0.0,,0.0,0.0,0.0,0.0,1.0,
MOL_06243,Cc1nnc(C(C)C)n1C1C[C@H]2CC[C@H](C1)N2CC[C@H](NC(=O)C1CCC(F)(F)CC1)c1ccccc1,0.0,0.0,0.0,0.0,0.0,0.0,0.0,,0.0,,0.0,0.0
MOL_06244,COc1cc2c(c(OC)c1OC)-c1c(cc3c(c1OC)OCO3)C[C@@H](C)[C@](C)(O)C2,0.0,0.0,1.0,0.0,0.0,0.0,0.0,,0.0,,0.0,0.0
MOL_06245,Cn1cnc2c(F)c(Nc3ccc(Br)cc3Cl)c(C(=O)NOCCO)cc21,0.0,0.0,,,1.0,1.0,0.0,,0.0,0.0,0.0,0.0
MOL_06246,O=C(NOCC1CC1)c1ccc(F)c(F)c1Nc1ccc(I)cc1Cl,0.0,0.0,0.0,,,0.0,0.0,,,,1.0,1.0
MOL_06247,CCCCCCCCCCCCCCCCCCOP(=O)([O-])OC1CC[N+](C)(C)CC1,0.0,0.0,0.0,0.0,0.0,0.0,0.0,,0.0,,0.0,0.0
MOL_06248,COc1cc2c(N3CCN(C(=O)Nc4ccc(OC(C)C)cc4)CC3)ncnc2cc1OCCCN1CCCCC1,0.0,,,,0.0,,0.0,1.0,,0.0,,1.0
MOL_06249,ClC=C(Cl)Cl,0.0,0.0,0.0,0.0,0.0,0.0,0.0,0.0,0.0,0.0,,0.0
MOL_06250,ClCC(Cl)Cl,0.0,0.0,0.0,0.0,,0.0,0.0,,0.0,0.0,0.0,0.0
MOL_06251,CC(Cl)(Cl)Cl,0.0,0.0,0.0,0.0,0.0,0.0,0.0,0.0,0.0,0.0,0.0,0.0
MOL_06252,Oc1c(Cl)cc(Cl)cc1Cl,0.0,0.0,,0.0,0.0,0.0,0.0,1.0,0.0,0.0,1.0,0.0
MOL_06253,CC(Oc1cc(Cl)c(Cl)cc1Cl)C(=O)O,0.0,0.0,0.0,0.0,0.0,0.0,1.0,0.0,0.0,0.0,,0.0
MOL_06254,FC(Cl)(Cl)Cl,1.0,1.0,0.0,0.0,0.0,0.0,0.0,0.0,0.0,0.0,,0.0
MOL_06255,O=C1c2ccccc2C(=O)N1SC(Cl)(Cl)Cl,0.0,0.0,0.0,,,0.0,0.0,1.0,0.0,,1.0,1.0
MOL_06256,O=C(O)COc1cc(Cl)c(Cl)cc1Cl,0.0,0.0,0.0,0.0,0.0,0.0,0.0,1.0,0.0,0.0,,0.0
MOL_06257,COP(=O)(OC)C(O)C(Cl)(Cl)Cl,0.0,,0.0,0.0,0.0,0.0,0.0,1.0,0.0,0.0,0.0,0.0
MOL_06258,CC(=O)OCC(=O)[C@@]1(OC(C)=O)[C@@H](C)C[C@H]2[C@@H]3C[C@H](F)C4=CC(=O)C=C[C@]4(C)[C@@]3(F)[C@@H](O)C[C@@]21C,1.0,1.0,,,,0.0,0.0,0.0,0.0,0.0,1.0,0.0
MOL_06259,CN(C)C1CCCCC1,0.0,0.0,0.0,0.0,,0.0,0.0,0.0,0.0,0.0,,0.0
MOL_06260,O=C(Cl)c1ccccc1,0.0,0.0,0.0,0.0,0.0,0.0,0.0,0.0,0.0,0.0,0.0,0.0
MOL_06261,C[C@@H](N)C(=O)O,,,,,,,,0.0,,,,
MOL_06262,CCOP(=S)(OCC)SC(CCl)N1C(=O)c2ccccc2C1=O,0.0,0.0,1.0,0.0,1.0,1.0,0.0,1.0,0.0,0.0,,
MOL_06263,CCOP(=O)(OCC)Oc1cc(C)nc(C(C)C)n1,0.0,0.0,0.0,0.0,0.0,0.0,0.0,,0.0,0.0,0.0,0.0
MOL_06264,CCOc1ccc(NC(=O)OC(C)C)cc1OCC,0.0,0.0,,0.0,0.0,0.0,0.0,0.0,0.0,0.0,0.0,0.0
MOL_06265,CCCCCCCCS(=O)C(C)Cc1ccc2c(c1)OCO2,0.0,0.0,1.0,,,0.0,,1.0,0.0,,0.0,
MOL_06266,CC(=O)c1ccccn1,0.0,0.0,0.0,0.0,0.0,0.0,0.0,0.0,0.0,0.0,0.0,0.0
MOL_06267,CCCCOCCOCCOCc1cc2c(cc1CCC)OCO2,0.0,0.0,1.0,0.0,0.0,0.0,0.0,0.0,0.0,0.0,,0.0
MOL_06268,C1CCNCC1,0.0,0.0,0.0,0.0,,,0.0,0.0,0.0,0.0,0.0,0.0
MOL_06269,CC[C@@H]1C(=O)OC[C@@H]1Cc1cncn1C,0.0,0.0,0.0,0.0,0.0,0.0,0.0,0.0,0.0,0.0,0.0,0.0
MOL_06270,C[C@@H]1CC=CC=CC=CC=C[C@H](O[C@@H]2O[C@H](C)[C@@H](O)[C@H](N)[C@@H]2O)C[C@@H]2O[C@](O)(C[C@@H](O)C[C@H]3O[C@@H]3C=CC(=O)O1)C[C@H](O)[C@H]2C(=O)O,0.0,0.0,0.0,0.0,0.0,0.0,0.0,,0.0,,0.0,0.0
MOL_06271,Nc1c(Cl)c(Cl)nc(C(=O)O)c1Cl,0.0,0.0,1.0,0.0,0.0,0.0,0.0,0.0,0.0,0.0,0.0,0.0
MOL_06272,C=C(C)C(=O)OCCO,0.0,0.0,0.0,0.0,0.0,0.0,0.0,0.0,0.0,0.0,0.0,0.0
MOL_06273,C=CC(=O)OCCO,0.0,0.0,0.0,0.0,1.0,0.0,0.0,1.0,0.0,0.0,0.0,0.0
MOL_06274,O=P(c1ccccc1)(c1ccccc1)c1ccccc1,0.0,0.0,0.0,0.0,0.0,0.0,0.0,0.0,0.0,0.0,0.0,0.0
MOL_06275,CCOP(=S)(OCC)SCSc1ccc(Cl)cc1,0.0,0.0,1.0,0.0,1.0,0.0,0.0,0.0,0.0,,0.0,0.0
MOL_06276,Oc1ccc(Oc2ccccc2)cc1,0.0,0.0,0.0,,1.0,1.0,,1.0,0.0,0.0,1.0,
MOL_06277,C#CC(O)CCCCC,0.0,0.0,0.0,0.0,0.0,0.0,0.0,0.0,0.0,0.0,,0.0
MOL_06278,CC(C)(C)NC(=O)[C@@H]1C[C@@H]2CCCC[C@@H]2CN1C[C@@H](O)[C@H](Cc1ccccc1)NC(=O)[C@H](CC(N)=O)NC(=O)c1ccc2ccccc2n1,0.0,0.0,0.0,,,0.0,,,,,1.0,
MOL_06279,C[Si](C)=O,0.0,0.0,0.0,0.0,0.0,0.0,0.0,0.0,0.0,0.0,,0.0
MOL_06280,CCOc1cc([N+](=O)[O-])c(OCC)cc1N1CCOCC1,0.0,0.0,,1.0,0.0,0.0,0.0,0.0,0.0,0.0,,0.0
MOL_06281,O=S(=O)([O-])c1cccc(S(=O)(=O)[O-])c1,0.0,0.0,0.0,0.0,0.0,0.0,0.0,,0.0,,0.0,0.0
MOL_06282,CN(C)CCOCCN(C)CCO,0.0,0.0,0.0,0.0,0.0,0.0,0.0,0.0,0.0,0.0,0.0,0.0
MOL_06283,O=C([O-])c1cccc([N+](=O)[O-])c1,0.0,0.0,0.0,0.0,0.0,0.0,0.0,0.0,0.0,0.0,0.0,0.0
MOL_06284,O=C1NC(=O)c2cccc3cccc1c23,0.0,0.0,1.0,0.0,0.0,0.0,0.0,1.0,0.0,0.0,1.0,
MOL_06285,CCOC(=O)C1=NN(c2ccccc2)C(=O)C1,0.0,,0.0,0.0,0.0,0.0,1.0,0.0,0.0,0.0,,0.0
MOL_06286,C=C[Si]1(C)O[Si](C)(C=C)O[Si](C)(C=C)O[Si](C)(C=C)O1,0.0,0.0,0.0,0.0,0.0,0.0,0.0,0.0,0.0,1.0,0.0,0.0
MOL_06287,CCCCOC(=O)CCC(C)=O,0.0,0.0,0.0,0.0,0.0,0.0,0.0,0.0,0.0,0.0,0.0,0.0
MOL_06288,c1ccc(CNc2ncnc3c2ncn3C2CCCCO2)cc1,0.0,0.0,1.0,,1.0,0.0,0.0,0.0,1.0,0.0,0.0,0.0
MOL_06289,Cc1ccc(N)c([N+](=O)[O-])c1,0.0,0.0,0.0,0.0,1.0,0.0,0.0,0.0,0.0,0.0,0.0,0.0
MOL_06290,ClCC=CCCl,0.0,0.0,0.0,,0.0,0.0,0.0,,0.0,0.0,0.0,0.0
MOL_06291,Cc1ccc([N+](=O)[O-])c(N)c1,0.0,0.0,0.0,0.0,0.0,0.0,0.0,0.0,0.0,,0.0,0.0
MOL_06292,CNc1ccc([N+](=O)[O-])cc1,,,,,1.0,0.0,0.0,0.0,0.0,,0.0,0.0
MOL_06293,Nc1ccc(/N=N/c2ccc(N)cc2)cc1,,0.0,,,0.0,0.0,,1.0,1.0,0.0,1.0,0.0
MOL_06294,CC1=CCC2CC1C2(C)C,0.0,0.0,0.0,0.0,0.0,0.0,0.0,0.0,0.0,0.0,0.0,0.0
MOL_06295,CC(=O)NNC(C)=O,0.0,0.0,0.0,0.0,0.0,0.0,0.0,0.0,0.0,0.0,,0.0
MOL_06296,C=CCOC(=O)c1ccccc1C(=O)OCC=C,0.0,0.0,0.0,1.0,0.0,0.0,0.0,0.0,0.0,0.0,0.0,0.0
MOL_06297,Oc1cccc(O)c1O,0.0,0.0,1.0,0.0,1.0,1.0,0.0,0.0,0.0,0.0,1.0,1.0
MOL_06298,S=C1NCCN1,0.0,0.0,0.0,0.0,0.0,0.0,0.0,1.0,0.0,0.0,0.0,0.0
MOL_06299,O=[N+]([O-])c1ccc2c(c1)Cc1ccccc1-2,0.0,0.0,1.0,,1.0,0.0,0.0,1.0,0.0,0.0,1.0,0.0
MOL_06300,COC(=O)c1cc(Cl)ccc1OC,,,,,,,,0.0,,0.0,,
MOL_06301,CCCCC(CC)COC(=O)CCCCC(=O)OCC(CC)CCCC,0.0,0.0,0.0,0.0,0.0,0.0,0.0,0.0,0.0,0.0,,0.0
MOL_06302,O=c1c(-c2ccccc2)c1-c1ccccc1,0.0,,0.0,,0.0,0.0,1.0,,,,1.0,1.0
MOL_06303,O=C(OCc1ccccc1)c1cccnc1,0.0,0.0,0.0,0.0,0.0,0.0,0.0,,0.0,,,0.0
MOL_06304,O=C1CN(N=Cc2ccc([N+](=O)[O-])o2)C(=O)N1,0.0,,0.0,,0.0,0.0,,1.0,0.0,0.0,1.0,0.0
MOL_06305,O=C(O)c1ccc[n+]([O-])c1,,,,,,,,0.0,,0.0,,
MOL_06306,OC1OC[C@@H](O)[C@H](O)[C@@H]1O,0.0,0.0,0.0,0.0,0.0,0.0,0.0,,0.0,,0.0,0.0
MOL_06307,NC(=O)CCCCC1CCSS1,0.0,0.0,0.0,0.0,1.0,1.0,0.0,0.0,0.0,0.0,0.0,0.0
MOL_06308,CCOC(=O)CC#N,0.0,0.0,0.0,0.0,0.0,0.0,0.0,0.0,0.0,0.0,0.0,0.0
MOL_06309,CCCC(C)CO,,0.0,,0.0,0.0,0.0,0.0,0.0,0.0,0.0,0.0,0.0
MOL_06310,CCOC(=O)CCl,0.0,0.0,0.0,0.0,0.0,0.0,0.0,,0.0,0.0,0.0,0.0
MOL_06311,COC(=O)CC(C)=O,0.0,0.0,0.0,0.0,0.0,0.0,0.0,0.0,0.0,0.0,0.0,0.0
MOL_06312,COc1ccc(C)cc1,0.0,0.0,0.0,0.0,0.0,0.0,0.0,0.0,0.0,0.0,,0.0
MOL_06313,CCc1ccc(CC)cc1,0.0,0.0,0.0,0.0,0.0,0.0,0.0,0.0,0.0,0.0,0.0,0.0
MOL_06314,OCC1CCC(CO)CC1,0.0,0.0,0.0,0.0,0.0,0.0,0.0,0.0,0.0,0.0,0.0,0.0
MOL_06315,C=C(C)C(=O)OCCN(CC)CC,0.0,0.0,0.0,0.0,0.0,0.0,0.0,0.0,0.0,0.0,0.0,0.0
MOL_06316,CCN(CC)CCOCCOC(=O)C(CC)(CC)c1ccccc1.O=C(O)CC(O)(CC(=O)O)C(=O)O,0.0,0.0,0.0,0.0,1.0,1.0,0.0,,0.0,,,0.0
MOL_06317,O=P([O-])([O-])OC[C@@]1(O)O[C@H](COP(=O)([O-])O)[C@@H](O)[C@@H]1O,0.0,0.0,0.0,0.0,1.0,,0.0,,0.0,,0.0,0.0
MOL_06318,CN1CCN(c2c(F)cc3c(=O)c(C(=O)O)cn4c3c2OCN4C)CC1,0.0,0.0,0.0,0.0,1.0,0.0,0.0,0.0,0.0,0.0,,0.0
MOL_06319,NC1CCCCC1.NC1CCCCC1.O=P(O)(O)OC[C@H](O)CO,0.0,0.0,0.0,0.0,0.0,0.0,0.0,,0.0,,0.0,0.0
MOL_06320,O=c1[nH]c(=O)n([C@H]2C[C@H](O)[C@@H](CO)O2)cc1C(F)(F)F,0.0,0.0,0.0,0.0,,0.0,,,0.0,,0.0,1.0
MOL_06321,CCC(=O)O.CCC(=O)O.O=C(Nc1cccc(C2=NCCN2)c1)Nc1cccc(C2=NCCN2)c1,0.0,0.0,0.0,0.0,,0.0,0.0,0.0,0.0,0.0,0.0,0.0
MOL_06322,O=S(=O)([O-])CC(S)CS,0.0,0.0,0.0,0.0,0.0,0.0,0.0,,0.0,,0.0,0.0
MOL_06323,CCCCCCCCCCCCCC[N+](C)(C)Cc1ccccc1,0.0,,0.0,,,0.0,0.0,,,0.0,1.0,
MOL_06324,CCC(CC)Nc1c([N+](=O)[O-])cc(C)c(C)c1[N+](=O)[O-],0.0,0.0,0.0,1.0,1.0,0.0,0.0,0.0,0.0,0.0,1.0,0.0
MOL_06325,Brc1ccc(Oc2cc(Br)c(Br)cc2Br)c(Br)c1,0.0,0.0,1.0,0.0,1.0,0.0,0.0,0.0,0.0,0.0,1.0,0.0
MOL_06326,Clc1cc(Cl)c(Cl)c(Cl)c1Cl,0.0,0.0,0.0,0.0,0.0,0.0,0.0,0.0,0.0,0.0,0.0,0.0
MOL_06327,CCOc1cc(Oc2ccc(C(F)(F)F)cc2Cl)ccc1[N+](=O)[O-],0.0,0.0,0.0,0.0,,0.0,0.0,1.0,0.0,0.0,,0.0
MOL_06328,CC(C)(C)C(O)C(Cc1ccc(Cl)cc1)n1cncn1,0.0,0.0,0.0,0.0,,0.0,0.0,0.0,0.0,0.0,0.0,0.0
MOL_06329,O=C(O)c1ccccc1OP(=O)(O)O,0.0,0.0,0.0,0.0,0.0,0.0,0.0,0.0,0.0,0.0,0.0,0.0
MOL_06330,COc1c2c(cc3c1OCO3)CCN(C)C2,0.0,0.0,0.0,0.0,0.0,0.0,0.0,0.0,0.0,0.0,,0.0
MOL_06331,CCCCOc1cc(C(=O)OCCN(CC)CC)ccc1N,0.0,0.0,1.0,0.0,0.0,0.0,0.0,,0.0,0.0,0.0,0.0
MOL_06332,CN(C)CCOC(=O)C(c1ccccc1)C1(O)CCCC1,0.0,0.0,0.0,0.0,0.0,0.0,0.0,0.0,0.0,0.0,0.0,0.0
MOL_06333,CC(C)CC(NC(=O)CNC(=O)[C@H](Cc1ccc(O)cc1)NC(=O)[C@@H](CO)NC(=O)[C@@H](Cc1c[nH]c2ccccc12)NC(=O)[C@@H](Cc1c[nH]cn1)NC(=O)[C@H]1CCC(=O)N1)C(=O)N[C@H](CCCNC(=N)N)C(=O)N1CCC[C@@H]1C(=O)NCC(N)=O,0.0,0.0,0.0,0.0,0.0,0.0,0.0,0.0,0.0,0.0,0.0,0.0
MOL_06334,C[C@]12CC[C@H]3[C@H]([C@@H]1[C@@H]1C[C@@H]1[C@@]21CCC(=O)O1)[C@H]1C[C@H]1C1=CC(=O)CC[C@@]13C,1.0,1.0,0.0,0.0,,0.0,,,0.0,0.0,,0.0
MOL_06335,NC(=O)OCCCc1ccccc1,0.0,0.0,0.0,0.0,0.0,0.0,0.0,0.0,0.0,0.0,0.0,0.0
MOL_06336,C[C@H]1CNc2c(cccc2S(=O)(=O)N[C@@H](CCCNC(=N)N)C(=O)N2CC[C@@H](C)C[C@@H]2C(=O)O)C1,0.0,0.0,0.0,0.0,0.0,0.0,0.0,0.0,0.0,0.0,,0.0
MOL_06337,CC(C)NCC(O)c1cc(O)cc(O)c1.CC(C)NCC(O)c1cc(O)cc(O)c1,,,,,,,,0.0,,0.0,,
MOL_06338,COC(=O)c1ccccc1C(=O)c1ccc(OCCN2CCCCC2)cc1,1.0,0.0,0.0,0.0,0.0,0.0,0.0,0.0,0.0,0.0,0.0,0.0
MOL_06339,C[C@@H]1C[C@H]2[C@@H]3C[C@H](F)C4=CC(=O)C(Cl)=C[C@]4(C)[C@@]3(F)[C@@H](O)C[C@]2(C)[C@@]1(O)C(=O)CO,1.0,1.0,0.0,,0.0,0.0,0.0,0.0,0.0,0.0,,0.0
MOL_06340,CC(C)OC(=O)C(C(=O)OC(C)C)=C1SC=CS1,0.0,0.0,,0.0,0.0,0.0,0.0,,0.0,0.0,1.0,0.0
MOL_06341,CN[C@@H]1[C@@H](O)[C@@H](O[C@@H]2[C@@H](O)[C@H](O[C@H]3O[C@H](CN)[C@@H](O)[C@H](O)[C@H]3O)[C@@H](N)C[C@H]2NC(=O)C(O)CN)OC[C@]1(C)O,1.0,0.0,0.0,,0.0,0.0,0.0,,0.0,,0.0,0.0
MOL_06342,Cc1ccnc2c1NC(=O)c1cccnc1N2C1CC1,0.0,0.0,0.0,0.0,0.0,0.0,0.0,0.0,0.0,0.0,0.0,0.0
MOL_06343,Cc1cc(-n2c(=O)[nH]c(=O)n(C)c2=O)ccc1Oc1ccc(S(=O)(=O)C(F)(F)F)cc1,0.0,,0.0,0.0,,0.0,,,0.0,,0.0,0.0
MOL_06344,CCOC(=O)[C@H](CCc1ccccc1)N[C@H]1CCCN2CCC[C@@H](C(=O)O)N2C1=O,0.0,0.0,0.0,0.0,0.0,0.0,0.0,,0.0,,0.0,0.0
MOL_06345,CC(=O)Nc1c(I)c(NC(C)=O)c(I)c(C(=O)O)c1I,0.0,0.0,0.0,0.0,0.0,0.0,0.0,0.0,0.0,0.0,0.0,0.0
MOL_06346,CCOC(=O)NCCC[Si](OCC)(OCC)OCC,0.0,0.0,0.0,0.0,0.0,0.0,0.0,0.0,0.0,0.0,0.0,0.0
MOL_06347,CCO[Si](CC(C)C)(OCC)OCC,0.0,0.0,0.0,0.0,0.0,0.0,,0.0,0.0,0.0,1.0,0.0
MOL_06348,Cc1ccccc1C(OCCN(C)C)c1ccccc1.O=C(O)CC(O)(CC(=O)O)C(=O)O,0.0,0.0,0.0,0.0,0.0,0.0,0.0,0.0,0.0,0.0,,0.0
MOL_06349,COc1cccc(C(=O)CCN[C@@H](C)[C@H](O)c2ccccc2)c1,0.0,0.0,0.0,,0.0,0.0,0.0,1.0,0.0,,0.0,
MOL_06350,O=[N+]([O-])C(Br)(CO)CO,0.0,0.0,0.0,0.0,0.0,0.0,0.0,1.0,0.0,,0.0,0.0
MOL_06351,OCCCBr,0.0,0.0,0.0,0.0,0.0,0.0,0.0,0.0,0.0,0.0,0.0,0.0
MOL_06352,Cc1cccc(Br)c1,0.0,0.0,0.0,0.0,0.0,0.0,0.0,0.0,0.0,,0.0,0.0
MOL_06353,BrCc1ccccc1,0.0,0.0,0.0,0.0,,0.0,0.0,0.0,0.0,0.0,0.0,0.0
MOL_06354,CCC(=O)Oc1ccc2c(c1)CC[C@@H]1[C@@H]2CC[C@@]2(C)[C@H]1C[C@@H](OC(=O)CC)[C@@H]2OC(=O)CC,,,,,,,,0.0,,0.0,,
MOL_06355,C[C@@H]1C[C@H]2[C@@H]3CCC4=CC(=O)C=C[C@]4(C)[C@@]3(F)[C@@H](O)C[C@]2(C)[C@@]1(O)C(=O)COC(=O)c1ccncc1,,,,,,,,0.0,,0.0,,
MOL_06356,CC1=C(C(=O)O)N2C(=O)[C@@H](N)[C@H]2SC1,,,,,,,,0.0,,0.0,,
MOL_06357,CC(=O)/C=C/C=C1/C2CCC(C2)C1(C)C,,,,,,,,0.0,,0.0,,
MOL_06358,CC1(C)OC(=O)Nc2ccc(Br)cc21,,,,,,,,0.0,,0.0,,
MOL_06359,O=C(O)Cn1cnnn1,,,,,,,,0.0,,0.0,,
MOL_06360,NS(=O)(=O)c1cc2c(cc1Cl)CN(C1CCCCC1)C2=O,,,,,,,,0.0,,0.0,,
MOL_06361,O=Cc1ccc(O)c(O)c1O,,,,,,,,1.0,,1.0,,
MOL_06362,CCCCCCOC(=O)/N=C(/N)c1ccc(NCc2nc3cc(C(=O)N(CCC(=O)OCC)c4ccccn4)ccc3n2C)cc1,,,,,,,,,,0.0,,
MOL_06363,Cc1ccc(CCn2c3c(c4cc(Cl)ccc42)CN(C)CC3)cn1,,,,,,,,,,0.0,,
MOL_06364,C[N+]1(C)[C@H]2C[C@H](OC(=O)[C@H](CO)c3ccccc3)C[C@@H]1[C@H]1O[C@@H]21,0.0,0.0,0.0,0.0,0.0,0.0,0.0,0.0,0.0,0.0,0.0,0.0
MOL_06365,COP(=S)(NC(C)C)Oc1ccc(C)cc1[N+](=O)[O-],0.0,0.0,1.0,,1.0,1.0,0.0,0.0,0.0,0.0,,0.0
MOL_06366,CCCCCOC(=O)CCC,0.0,0.0,0.0,0.0,0.0,0.0,0.0,0.0,0.0,0.0,,0.0
MOL_06367,c1cncc([C@@H]2CCCCN2)c1,0.0,0.0,0.0,0.0,0.0,0.0,0.0,0.0,0.0,0.0,0.0,0.0
MOL_06368,CCOC(=O)C(Br)c1ccccc1,0.0,0.0,0.0,0.0,0.0,0.0,0.0,,0.0,0.0,0.0,0.0
MOL_06369,CCCCCC(=O)CC,0.0,0.0,0.0,0.0,0.0,0.0,0.0,0.0,0.0,0.0,0.0,0.0
MOL_06370,CCN(CCO)CCO,0.0,0.0,0.0,0.0,0.0,0.0,0.0,1.0,0.0,0.0,,0.0
MOL_06371,COc1ccc(C2CNC(=O)C2)cc1OC1CCCC1,0.0,0.0,0.0,0.0,0.0,0.0,0.0,0.0,0.0,0.0,0.0,0.0
MOL_06372,CCOC(OCC)OCC,0.0,0.0,0.0,0.0,0.0,0.0,0.0,0.0,0.0,0.0,0.0,0.0
MOL_06373,CCOC(=O)C(F)(F)F,0.0,0.0,0.0,0.0,0.0,0.0,0.0,0.0,0.0,0.0,0.0,0.0
MOL_06374,C=C[C@@H](C)CCC=C(C)C,0.0,0.0,0.0,0.0,0.0,0.0,0.0,0.0,0.0,0.0,0.0,0.0
MOL_06375,NC1=NC(=O)N2CC12,0.0,0.0,0.0,0.0,0.0,0.0,0.0,,0.0,,0.0,0.0
MOL_06376,SCCSCCS,0.0,0.0,0.0,0.0,0.0,0.0,0.0,0.0,0.0,0.0,0.0,0.0
MOL_06377,Cc1cccc(C)c1NC(=O)c1ccc(N)cc1,,,,,,,,0.0,,0.0,,
MOL_06378,CCCCNC(C)(C)[PH](=O)O,0.0,0.0,0.0,0.0,0.0,0.0,0.0,,0.0,,0.0,0.0
MOL_06379,N[C@@H](Cc1cc(I)c(O)c(I)c1)C(=O)O,0.0,0.0,0.0,0.0,0.0,0.0,0.0,0.0,0.0,0.0,0.0,0.0
MOL_06380,CN(C(=O)Cc1ccc(Cl)c(Cl)c1)[C@H]1CC[C@@]2(CCCO2)C[C@@H]1N1CCCC1,0.0,0.0,0.0,,,0.0,0.0,0.0,0.0,0.0,0.0,0.0
MOL_06381,CCC[C@@H]1C[C@@H](C(=O)N[C@H]([C@H](C)Cl)[C@H]2O[C@H](SC)[C@H](OP(=O)(O)O)[C@@H](O)[C@H]2O)N(C)C1,0.0,0.0,0.0,0.0,0.0,0.0,0.0,,0.0,,0.0,0.0
MOL_06382,O=C1CC2(CCCC2)CC(=O)N1CCNCC1COc2ccccc2O1,0.0,0.0,0.0,,,0.0,,0.0,0.0,0.0,0.0,0.0
MOL_06383,O=C(C(=O)c1ccccc1)c1ccccc1,0.0,0.0,0.0,0.0,0.0,0.0,0.0,0.0,0.0,0.0,,0.0
MOL_06384,N=C(N)c1ccc(OCCCOc2ccc(C(=N)N)cc2)cc1,0.0,0.0,0.0,,0.0,0.0,0.0,1.0,0.0,0.0,0.0,0.0
MOL_06385,CC(=C(CCO)SSC(CCO)=C(C)N(C=O)Cc1cnc(C)nc1N)N(C=O)Cc1cnc(C)nc1N,,0.0,0.0,0.0,0.0,0.0,0.0,0.0,0.0,0.0,0.0,0.0
MOL_06386,CCCCCCC#N,0.0,0.0,0.0,0.0,0.0,0.0,0.0,0.0,0.0,0.0,0.0,0.0
MOL_06387,O=C(O)CCCCCC(=O)O,0.0,0.0,0.0,0.0,0.0,0.0,0.0,,0.0,0.0,0.0,0.0
MOL_06388,COc1ccc(Nc2ccccc2)c(C)c1,0.0,0.0,1.0,0.0,0.0,0.0,0.0,0.0,0.0,0.0,1.0,0.0
MOL_06389,CCCC(=O)OC[C@@H](OC(=O)CCC)[C@@H](OC(=O)CCC)[C@H](Cn1c2nc(=O)[nH]c(=O)c-2nc2cc(C)c(C)cc21)OC(=O)CCC,1.0,,0.0,0.0,,0.0,0.0,,,0.0,1.0,
MOL_06390,CCO[Si](CCCSSSSCCC[Si](OCC)(OCC)OCC)(OCC)OCC,0.0,0.0,0.0,,0.0,0.0,,,0.0,0.0,,0.0
MOL_06391,C=COC(=O)C(C)(CC)CCC(C)C,0.0,0.0,0.0,0.0,0.0,0.0,0.0,0.0,0.0,0.0,0.0,0.0
MOL_06392,CC(CC1c2ccccc2CCc2ccccc21)CN(C)C,,,,,,,,,,0.0,,
MOL_06393,CCCC[N+]1(C)[C@H]2C[C@H](OC(=O)[C@H](CO)c3ccccc3)C[C@@H]1[C@H]1O[C@@H]21,0.0,0.0,0.0,0.0,0.0,0.0,0.0,0.0,0.0,0.0,0.0,0.0
MOL_06394,C=CCN1C[C@H](C(=O)N(CCCN(C)C)C(=O)NCC)C[C@@H]2c3cccc4[nH]cc(c34)C[C@H]21,,,,,,,,0.0,,0.0,,
MOL_06395,CCCCCCCCSCC,0.0,0.0,0.0,0.0,0.0,0.0,0.0,0.0,0.0,0.0,0.0,0.0
MOL_06396,O=S(O)CO[Na],0.0,0.0,0.0,0.0,1.0,0.0,0.0,,0.0,,0.0,0.0
MOL_06397,C=COCCOCCOCCOC=C,0.0,0.0,0.0,0.0,0.0,0.0,0.0,0.0,0.0,0.0,0.0,0.0
MOL_06398,CCC(C)C(=O)O,0.0,0.0,0.0,0.0,0.0,0.0,0.0,0.0,0.0,0.0,0.0,0.0
MOL_06399,CC(C)CC#N,0.0,0.0,0.0,0.0,0.0,0.0,0.0,0.0,0.0,0.0,0.0,0.0
MOL_06400,Cc1ccc(C(=O)O)o1,0.0,0.0,0.0,0.0,0.0,0.0,0.0,0.0,0.0,0.0,0.0,0.0
MOL_06401,CC(C)c1ccc(CO)cc1,0.0,0.0,0.0,0.0,1.0,1.0,0.0,0.0,0.0,0.0,0.0,0.0
MOL_06402,CC(=O)CCC=C(C)C,0.0,0.0,0.0,0.0,0.0,0.0,0.0,0.0,0.0,0.0,0.0,0.0
MOL_06403,CCC(C)C(C(=O)OCC[N+](C)(CC)CC)c1ccccc1,0.0,0.0,0.0,0.0,0.0,0.0,0.0,,0.0,,0.0,0.0
MOL_06404,Nc1ncnc(Nc2ccc(Cl)cc2)n1,0.0,0.0,1.0,,1.0,0.0,0.0,,1.0,,0.0,0.0
MOL_06405,CN(C)CCCSc1ccccc1NC(=O)/C=C/c1ccccc1,0.0,0.0,0.0,,0.0,0.0,0.0,0.0,0.0,0.0,0.0,0.0
MOL_06406,CC(C)NCC(O)c1ccc(N)c(C#N)c1,0.0,0.0,0.0,0.0,0.0,0.0,0.0,0.0,0.0,0.0,0.0,0.0
MOL_06407,CN1C(=O)COc2c(C(=O)NC3CN4CCC3CC4)cc(Cl)cc21,0.0,0.0,0.0,,0.0,0.0,0.0,0.0,0.0,0.0,0.0,0.0
MOL_06408,C=C1C2CCC(C2)C1(C)C,0.0,0.0,0.0,0.0,0.0,0.0,0.0,0.0,0.0,0.0,0.0,0.0
MOL_06409,CC(C(O)c1ccc(O)cc1)N1CCC(Cc2ccccc2)CC1,0.0,0.0,0.0,0.0,0.0,0.0,0.0,0.0,0.0,0.0,,0.0
MOL_06410,O=C(O)CN1C(=O)c2cccc3cccc(c23)C1=O,0.0,0.0,0.0,0.0,0.0,0.0,0.0,0.0,0.0,0.0,0.0,0.0
MOL_06411,NP(N)(=O)NC(=O)c1ccc(F)cc1,0.0,0.0,0.0,0.0,,0.0,0.0,0.0,0.0,0.0,0.0,0.0
MOL_06412,Clc1cccc(SC2CCNCC2)n1,0.0,0.0,0.0,0.0,0.0,0.0,0.0,0.0,0.0,0.0,0.0,
MOL_06413,CC(=O)OC1CN2CCC1CC2,0.0,0.0,0.0,0.0,0.0,0.0,0.0,,0.0,,,0.0
MOL_06414,CCCCC(CC)COC(=O)C(C#N)=C(c1ccccc1)c1ccccc1,0.0,0.0,0.0,1.0,0.0,0.0,0.0,1.0,0.0,0.0,,0.0
MOL_06415,CCCC=C(C=O)CC,0.0,0.0,0.0,0.0,0.0,0.0,0.0,0.0,0.0,0.0,0.0,0.0
MOL_06416,C=CC(=O)OCC(CC)CCCC,0.0,0.0,0.0,0.0,0.0,0.0,0.0,0.0,0.0,0.0,0.0,0.0
MOL_06417,CCCCC(C=O)CC,0.0,0.0,0.0,0.0,0.0,0.0,0.0,0.0,0.0,0.0,0.0,0.0
MOL_06418,CCCC(O)C(CC)CO,0.0,0.0,0.0,0.0,0.0,0.0,0.0,0.0,0.0,0.0,0.0,0.0
MOL_06419,CCCCC(CC)C(=O)O,0.0,0.0,0.0,0.0,0.0,0.0,0.0,0.0,0.0,0.0,0.0,0.0
MOL_06420,O=[N+]([O-])c1ccc(-c2nnc(O)o2)o1,0.0,0.0,0.0,0.0,0.0,0.0,0.0,1.0,0.0,0.0,,0.0
MOL_06421,O=C(O)c1cccc(Oc2ccccc2)c1,0.0,0.0,1.0,0.0,0.0,0.0,0.0,0.0,0.0,0.0,0.0,0.0
MOL_06422,COc1ccc([N+](=O)[O-])cc1N,0.0,0.0,1.0,0.0,0.0,0.0,0.0,0.0,0.0,0.0,0.0,0.0
MOL_06423,NC(=O)N/N=C/c1ccc([N+](=O)[O-])o1,0.0,0.0,0.0,0.0,0.0,0.0,0.0,1.0,0.0,0.0,1.0,0.0
MOL_06424,CC(=O)OC(OC(C)=O)c1ccc([N+](=O)[O-])o1,0.0,,0.0,,,,,1.0,1.0,1.0,,
MOL_06425,O=C(O)Cc1ccc(-c2ccccc2)cc1,0.0,0.0,0.0,0.0,0.0,0.0,1.0,0.0,0.0,0.0,0.0,0.0
MOL_06426,NC(=O)c1cc[n+](CC2=C(C(=O)[O-])N3C(=O)[C@@H](NC(=O)Cc4cccs4)[C@H]3SC2)cc1,0.0,0.0,0.0,0.0,0.0,0.0,0.0,1.0,0.0,0.0,0.0,0.0
MOL_06427,CCOc1nc(C(Cl)(Cl)Cl)ns1,0.0,0.0,0.0,0.0,0.0,0.0,0.0,0.0,0.0,0.0,0.0,0.0
MOL_06428,O=C1OC(CN2CCOCC2)CN1N=Cc1ccc([N+](=O)[O-])o1,0.0,0.0,0.0,0.0,0.0,0.0,0.0,,0.0,0.0,0.0,0.0
MOL_06429,CCN(CC)CCNC(=O)c1cc(Br)c(N)cc1OC,0.0,0.0,,0.0,0.0,0.0,0.0,0.0,0.0,0.0,0.0,0.0
MOL_06430,C=C1c2cccc(O)c2C(=O)C2=C(O)[C@]3(O)C(=O)C(C(N)=O)=C(O)[C@@H](N(C)C)[C@@H]3[C@@H](O)[C@H]12,0.0,0.0,0.0,0.0,0.0,0.0,0.0,0.0,0.0,0.0,0.0,0.0
MOL_06431,CC(=O)N[C@@H](CC(=O)N[C@@H](CCC(=O)O)C(=O)O)C(=O)O,0.0,0.0,0.0,0.0,0.0,0.0,0.0,,0.0,,0.0,0.0
MOL_06432,C[N+]1([O-])[C@H]2CC[C@@H]1C[C@H](OC(=O)C(CO)c1ccccc1)C2,0.0,0.0,0.0,0.0,0.0,0.0,0.0,,0.0,,0.0,0.0
MOL_06433,C[C@H]1CCC[C@@H](C)N1,0.0,0.0,0.0,0.0,0.0,0.0,0.0,0.0,0.0,0.0,0.0,0.0
MOL_06434,CCCCCCCCN1CCCC1=O,0.0,0.0,0.0,0.0,0.0,0.0,0.0,,0.0,0.0,0.0,0.0
MOL_06435,COC(=O)[C@@]1(C)[C@H](C)C[C@H]2[C@@H]3CCC4=CC(=O)C=C[C@]4(C)[C@H]3[C@@H](O)C[C@@]21C,1.0,0.0,,,,,0.0,1.0,0.0,0.0,0.0,
MOL_06436,COc1ccc2cc(CCC(C)=O)ccc2c1,0.0,0.0,,,1.0,0.0,0.0,1.0,1.0,0.0,0.0,0.0
MOL_06437,Cc1cc(-n2nc3ccc(Cl)cc3n2)c(O)c(C(C)(C)C)c1,0.0,0.0,0.0,0.0,1.0,0.0,0.0,0.0,0.0,0.0,0.0,0.0
MOL_06438,CN[C@@H]1[C@@H](O)[C@@H](O[C@@H]2[C@@H](O)[C@H](OC3OC(CN)=CCC3N)[C@@H](N)C[C@H]2N)OC[C@]1(C)O.CN[C@@H]1[C@@H](O)[C@@H](O[C@@H]2[C@@H](O)[C@H](OC3OC(CN)=CCC3N)[C@@H](N)C[C@H]2N)OC[C@]1(C)O,1.0,0.0,0.0,0.0,0.0,0.0,0.0,,0.0,,0.0,0.0
MOL_06439,CC(C)(C)NCC(O)COc1cccc2c1CCC(=O)N2,0.0,0.0,0.0,0.0,0.0,0.0,0.0,0.0,0.0,0.0,0.0,0.0
MOL_06440,O=C(O)c1cc2ccccc2nc1C(=O)O,0.0,0.0,0.0,0.0,,0.0,0.0,0.0,0.0,0.0,,0.0
MOL_06441,CCCCCCCCCCCCCCCCCC#N,0.0,0.0,0.0,0.0,0.0,0.0,0.0,0.0,0.0,0.0,0.0,0.0
MOL_06442,CN(C)c1ccc(N=Nc2ccccc2)cc1,1.0,0.0,1.0,,1.0,0.0,0.0,1.0,1.0,0.0,,0.0
MOL_06443,Cc1ncc([N+](=O)[O-])n1C,0.0,0.0,0.0,0.0,0.0,0.0,0.0,0.0,0.0,0.0,0.0,0.0
MOL_06444,COP(C)(=O)OC,0.0,0.0,0.0,0.0,0.0,0.0,0.0,0.0,0.0,0.0,0.0,0.0
MOL_06445,C/C=C(C)/C=C/C=C(C)C,0.0,0.0,0.0,0.0,0.0,0.0,0.0,1.0,0.0,0.0,0.0,0.0
MOL_06446,COC(=O)c1ccc(C(=O)OC)cc1,0.0,0.0,0.0,0.0,0.0,0.0,0.0,0.0,0.0,0.0,0.0,0.0
MOL_06447,CC(=O)N(C)C,0.0,0.0,0.0,0.0,0.0,0.0,0.0,0.0,0.0,0.0,0.0,0.0
MOL_06448,CCNc1nc(Cl)nc(NC(C)(C)C#N)n1,0.0,0.0,,0.0,0.0,0.0,0.0,0.0,0.0,0.0,0.0,0.0
MOL_06449,CC1(C)[C@H](/C=C(\Cl)C(F)(F)F)[C@@H]1C(=O)O[C@H](C#N)c1cccc(Oc2ccccc2)c1,,0.0,,0.0,0.0,0.0,0.0,0.0,0.0,,1.0,0.0
MOL_06450,Nc1nc(N)nc(NC2CC2)n1,0.0,0.0,1.0,0.0,0.0,0.0,0.0,0.0,0.0,0.0,0.0,0.0
MOL_06451,CC1(C)C(C=C(Cl)Cl)C1C(=O)OC(C#N)c1cccc(Oc2ccccc2)c1,0.0,0.0,0.0,0.0,0.0,0.0,0.0,0.0,0.0,0.0,0.0,0.0
MOL_06452,NC(=O)NC(=O)Cc1ccccc1,0.0,0.0,0.0,0.0,1.0,0.0,0.0,0.0,0.0,0.0,0.0,0.0
MOL_06453,OCCN1CCN(CCCN2c3ccccc3Sc3ccc(Cl)cc32)CC1,0.0,0.0,,,0.0,0.0,0.0,,0.0,0.0,,0.0
MOL_06454,CCC[C@H](N[C@@H](C)C(=O)N1[C@H](C(=O)O)C[C@@H]2CCCC[C@@H]21)C(=O)OCC,0.0,0.0,0.0,0.0,0.0,0.0,0.0,0.0,0.0,0.0,0.0,0.0
MOL_06455,CNC(=O)O/N=C(\C)C(C)S(C)(=O)=O,0.0,0.0,0.0,0.0,0.0,0.0,0.0,0.0,0.0,0.0,,0.0
MOL_06456,CC(=O)CC(C)=O,0.0,0.0,0.0,0.0,0.0,0.0,0.0,0.0,0.0,0.0,0.0,0.0
MOL_06457,CN(C)C(=S)[S-].CN(C)C(=S)[S-].[Zn+2],0.0,,,1.0,,1.0,,,1.0,1.0,1.0,1.0
MOL_06458,O=[N+]([O-])c1cccc(Cl)c1,0.0,0.0,0.0,0.0,0.0,0.0,0.0,0.0,0.0,0.0,0.0,0.0
MOL_06459,c1ccc(Nc2ccccc2)cc1,0.0,0.0,0.0,,0.0,0.0,0.0,0.0,0.0,0.0,1.0,0.0
MOL_06460,CC(C)c1ccc(C=O)cc1,0.0,0.0,0.0,0.0,0.0,0.0,0.0,0.0,0.0,0.0,0.0,0.0
MOL_06461,CCc1ccc(O)cc1,0.0,0.0,0.0,0.0,0.0,0.0,0.0,0.0,0.0,0.0,0.0,0.0
MOL_06462,CCCCN(CCCC)C(=S)[S-].CCCCN(CCCC)C(=S)[S-].[Zn+2],0.0,0.0,0.0,0.0,,1.0,1.0,,1.0,1.0,1.0,1.0
MOL_06463,CC(C)C(C)(N)C#N,0.0,0.0,0.0,0.0,0.0,0.0,0.0,0.0,0.0,0.0,,0.0
MOL_06464,C[C@H]1CCCC(=O)CCCC=Cc2cc(O)cc(O)c2C(=O)O1,0.0,0.0,,,1.0,1.0,0.0,,0.0,1.0,1.0,1.0
MOL_06465,OCc1cccc(Oc2ccccc2)c1,0.0,0.0,0.0,0.0,1.0,1.0,0.0,0.0,0.0,0.0,1.0,0.0
MOL_06466,CC(=O)O[C@H]1C[C@H](O[C@H]2[C@@H](O)C[C@H](O[C@H]3[C@@H](O)C[C@H](O[C@H]4CC[C@]5(C)[C@H]6C[C@@H](O)[C@]7(C)[C@@H](C8=CC(=O)OC8)CC[C@]7(O)[C@@H]6CC[C@@H]5C4)O[C@@H]3C)O[C@@H]2C)O[C@H](C)[C@H]1O[C@@H]1O[C@H](CO)[C@@H](O)[C@H](O)[C@H]1O,,,0.0,,,,,,,,1.0,1.0
MOL_06467,Clc1ccccc1CN1CCc2sccc2C1,0.0,0.0,0.0,0.0,1.0,1.0,0.0,0.0,0.0,0.0,,0.0
MOL_06468,CCN(CC)CCOC(=O)C(c1ccccc1)C1CCCCC1,0.0,0.0,0.0,0.0,0.0,0.0,0.0,0.0,0.0,1.0,,0.0
MOL_06469,CN1CCC(=C2c3ccccc3CC(=O)c3sccc32)CC1,0.0,0.0,0.0,0.0,0.0,0.0,0.0,0.0,0.0,0.0,0.0,0.0
MOL_06470,Cc1cn([C@H]2C[C@H](O)[C@@H](CO)O2)c(=O)[nH]c1=O,,0.0,,0.0,0.0,0.0,0.0,,0.0,,0.0,0.0
MOL_06471,CCN(CC)CCSC(=O)C(c1ccccc1)c1ccccc1,0.0,0.0,0.0,0.0,0.0,0.0,1.0,0.0,0.0,,,0.0
MOL_06472,C#C[C@]1(O)CC[C@H]2[C@H]3[C@H](CC[C@@]21C)C1=C(CC(=O)CC1)C[C@H]3C,1.0,1.0,0.0,0.0,1.0,1.0,0.0,,0.0,0.0,0.0,0.0
MOL_06473,Nc1ccn([C@H]2CS[C@@H](CO)O2)c(=O)n1,0.0,0.0,0.0,0.0,0.0,0.0,0.0,0.0,0.0,0.0,0.0,0.0
MOL_06474,CC(C(=O)O)c1ccc(C(=O)c2ccccc2)s1,0.0,,,,,0.0,0.0,,0.0,0.0,,0.0
MOL_06475,CC(=O)O[C@H]1C[C@H](O[C@H]2[C@@H](O)C[C@H](O[C@H]3[C@@H](O)C[C@H](OC4CC[C@]5(C)[C@H]6CC[C@]7(C)[C@@H](C8=CC(=O)OC8)CC[C@]7(O)[C@@H]6CC[C@@H]5C4)O[C@@H]3C)O[C@@H]2C)O[C@H](C)[C@H]1O[C@@H]1O[C@H](CO)[C@@H](O)[C@H](O)[C@H]1O,,,0.0,,,0.0,,,,,1.0,1.0
MOL_06476,CC(O)C(=O)[O-].CC(O)C(=O)[O-],0.0,0.0,0.0,0.0,0.0,0.0,0.0,0.0,0.0,0.0,0.0,0.0
MOL_06477,[Ca+2].[Cl-].[Cl-],0.0,0.0,0.0,0.0,0.0,0.0,0.0,0.0,0.0,0.0,0.0,0.0
MOL_06478,Cn1c(=O)c2c(ncn2C)n(C)c1=O,0.0,0.0,0.0,0.0,0.0,0.0,0.0,1.0,0.0,0.0,0.0,0.0
MOL_06479,C=C1CC[C@H](O)C/C1=C/C=C1\CCC[C@@]2(C)[C@H]1CC[C@@H]2[C@H](C)/C=C/[C@H](C)C(C)C,0.0,0.0,0.0,0.0,1.0,0.0,,1.0,0.0,1.0,0.0,
MOL_06480,CCC(C)OC(C)CC,0.0,0.0,0.0,0.0,0.0,0.0,0.0,0.0,0.0,0.0,0.0,0.0
MOL_06481,O=C(O)C=Cc1ccc(O)c(O)c1,1.0,,0.0,0.0,0.0,0.0,0.0,0.0,0.0,0.0,0.0,0.0
MOL_06482,CCCOCCOCCO,0.0,0.0,0.0,0.0,0.0,0.0,0.0,0.0,0.0,0.0,0.0,0.0
MOL_06483,CN(C)C(=O)COC(=O)Cc1ccc(OC(=O)c2ccc(NC(=N)N)cc2)cc1,0.0,0.0,0.0,0.0,0.0,0.0,0.0,0.0,0.0,0.0,0.0,0.0
MOL_06484,CCOc1nc2cccc(C(=O)OC(C)OC(=O)OC3CCCCC3)c2n1Cc1ccc(-c2ccccc2-c2nnn[nH]2)cc1,0.0,0.0,0.0,,,,,,0.0,,1.0,
MOL_06485,CC(CC(=O)O)CC(C)(C)C,0.0,0.0,0.0,0.0,0.0,0.0,0.0,0.0,0.0,0.0,,0.0
MOL_06486,c1cc(N(CC2CO2)CC2CO2)ccc1OCC1CO1,0.0,0.0,0.0,,0.0,0.0,,1.0,1.0,1.0,0.0,1.0
MOL_06487,CC(=O)c1ccc2ccccc2c1,0.0,0.0,0.0,0.0,0.0,0.0,0.0,0.0,0.0,0.0,0.0,0.0
MOL_06488,C=C(C)C(=O)OCCOC(=O)CC(C)=O,0.0,0.0,0.0,0.0,0.0,0.0,0.0,0.0,0.0,0.0,0.0,0.0
MOL_06489,COC(=O)[C@H]1CC[C@H](C(=O)OC)CC1,0.0,0.0,0.0,0.0,0.0,0.0,0.0,0.0,0.0,0.0,0.0,0.0
MOL_06490,CCOC(=O)C(C)(C)C,0.0,0.0,0.0,0.0,0.0,0.0,0.0,0.0,0.0,0.0,0.0,0.0
MOL_06491,O=C/C=C/c1ccco1,0.0,0.0,0.0,0.0,0.0,0.0,0.0,0.0,0.0,0.0,0.0,0.0
MOL_06492,CCCCCCCCCCCCCCn1cc[n+](C)c1.O=S(=O)([N-]S(=O)(=O)C(F)(F)F)C(F)(F)F,0.0,,0.0,1.0,,,,1.0,,,,
MOL_06493,CCCCCCCCCCCCCCCCn1cc[n+](C)c1.O=S(=O)([N-]S(=O)(=O)C(F)(F)F)C(F)(F)F,0.0,,,1.0,,,,1.0,,,,
MOL_06494,CCCCCCCCCCCCCCCCCl,0.0,0.0,0.0,0.0,0.0,0.0,0.0,0.0,0.0,0.0,0.0,0.0
MOL_06495,CCCCCCCCCI,0.0,0.0,0.0,0.0,,,0.0,0.0,0.0,0.0,0.0,0.0
MOL_06496,CCCCCCCCCCCCI,0.0,0.0,0.0,0.0,0.0,0.0,0.0,0.0,0.0,0.0,0.0,0.0
MOL_06497,CN(C)c1ccc(/C=C/c2ccc([N+](=O)[O-])cc2)cc1,0.0,,0.0,,1.0,0.0,,0.0,0.0,0.0,0.0,0.0
MOL_06498,COC(=O)/C=C\C(=O)O,0.0,0.0,0.0,0.0,0.0,0.0,0.0,1.0,0.0,0.0,0.0,0.0
MOL_06499,CC(C)c1ccc2cc(C(C)C)ccc2c1,0.0,0.0,0.0,,0.0,0.0,0.0,0.0,0.0,0.0,0.0,0.0
MOL_06500,CCOC(=O)c1ccccc1,0.0,0.0,0.0,0.0,,0.0,0.0,0.0,0.0,0.0,0.0,0.0
MOL_06501,CC(=O)OCCC(C)C,0.0,0.0,0.0,0.0,0.0,0.0,0.0,0.0,0.0,0.0,0.0,0.0
MOL_06502,CC(C)CCOC(=O)C=Cc1ccccc1,0.0,0.0,0.0,0.0,1.0,0.0,0.0,,0.0,0.0,0.0,0.0
MOL_06503,O=c1[nH]ncc2ccccc12,0.0,0.0,0.0,0.0,0.0,0.0,0.0,0.0,0.0,0.0,0.0,0.0
MOL_06504,CCCCCCCCCCCCCCCCCC[N+](C)(C)C,0.0,,0.0,,,,,,,,,
MOL_06505,CCOCCOCCOC(C)=O,0.0,0.0,0.0,0.0,0.0,0.0,0.0,0.0,0.0,0.0,0.0,0.0
MOL_06506,CCCCOCCOC(C)=O,0.0,0.0,0.0,0.0,0.0,0.0,0.0,0.0,0.0,0.0,0.0,0.0
MOL_06507,CCCCCCCCCCCCN(C)C,0.0,0.0,0.0,0.0,0.0,0.0,0.0,0.0,0.0,0.0,0.0,0.0
MOL_06508,CCCCCCOCCO,0.0,0.0,0.0,0.0,0.0,0.0,0.0,0.0,0.0,0.0,0.0,0.0
MOL_06509,CC(=O)C=C(C)C,0.0,0.0,0.0,0.0,0.0,0.0,0.0,0.0,0.0,0.0,0.0,0.0
MOL_06510,CN1c2c(O)nc(N)nc2NCC1CNc1ccc(C(=O)NC(CCC(=O)[O-])C(=O)[O-])cc1,0.0,0.0,0.0,0.0,0.0,0.0,0.0,,0.0,,,0.0
MOL_06511,CC(C)(CO)C(O)C(=O)NCCC(=O)NCCSSCCNC(=O)CCNC(=O)C(O)C(C)(C)CO,0.0,0.0,0.0,0.0,0.0,0.0,0.0,,0.0,,0.0,0.0
MOL_06512,CCCCCCCCCCCCCC(=O)OCC(COP(=O)([O-])OCC[N+](C)(C)C)OC(=O)CCCCCCCCCCCCC,0.0,0.0,,0.0,0.0,0.0,0.0,,0.0,,0.0,0.0
MOL_06513,Clc1cccc(C(c2ccc3nc[nH]c3c2)n2ccnc2)c1,0.0,0.0,1.0,1.0,,0.0,0.0,0.0,0.0,0.0,,0.0
MOL_06514,Cc1ccc2nc(N)[nH]c(=O)c2c1Sc1ccncc1,0.0,0.0,1.0,,,0.0,,1.0,0.0,0.0,0.0,1.0
MOL_06515,CC1(C)[C@H](C=C(Cl)Cl)[C@H]1C(=O)OCc1c(F)c(F)cc(F)c1F,0.0,0.0,0.0,0.0,0.0,0.0,0.0,,0.0,,1.0,0.0
MOL_06516,N=C(NN=Cc1ccc(Cl)cc1)NN=Cc1ccc(Cl)cc1,0.0,0.0,1.0,0.0,0.0,0.0,0.0,,0.0,,0.0,
MOL_06517,CCCCC(O)c1ccccc1,0.0,0.0,0.0,0.0,1.0,0.0,0.0,,0.0,,0.0,0.0
MOL_06518,CCN(CC)CCOC[C@H]1O[C@@H](O)[C@H](OCCN(CC)CC)[C@@H](O)[C@@H]1O,0.0,0.0,0.0,0.0,0.0,0.0,0.0,,0.0,,0.0,0.0
MOL_06519,CC#Cc1cc(C)nc(Nc2ccccc2)n1,0.0,0.0,1.0,,,0.0,0.0,1.0,0.0,0.0,,0.0
MOL_06520,Cl[Hg]c1ccccc1,0.0,,,,,1.0,1.0,1.0,,1.0,,1.0
MOL_06521,C[N+](C)(C)CC(O)CC(=O)[O-],0.0,0.0,0.0,0.0,0.0,0.0,0.0,0.0,0.0,0.0,0.0,0.0
MOL_06522,C[C@H]1CC[C@]2(NC1)O[C@H]1C[C@H]3[C@@H]4CC[C@H]5C[C@@H](O[C@@H]6O[C@H](CO)[C@H](O[C@@H]7O[C@H](CO)[C@@H](O)[C@H](O[C@@H]8OC[C@@H](O)[C@H](O)[C@H]8O)[C@H]7O[C@@H]7O[C@H](CO)[C@@H](O)[C@H](O)[C@H]7O)[C@H](O)[C@H]6O)CC[C@]5(C)[C@H]4CC[C@]3(C)[C@H]1[C@@H]2C,0.0,,,,,1.0,,,,,,
MOL_06523,O=NN1CCCC1,0.0,0.0,0.0,0.0,0.0,0.0,0.0,0.0,0.0,0.0,0.0,0.0
MOL_06524,C[C@H]1[C@H]2Cc3ccc(O)cc3[C@]1(C)CCN2CCc1ccccc1,0.0,0.0,,0.0,0.0,0.0,,,0.0,,0.0,1.0
MOL_06525,CCC(=O)N(c1ccccc1)C1(COC)CCN(CCn2nnn(CC)c2=O)CC1,0.0,0.0,0.0,,0.0,0.0,0.0,0.0,0.0,0.0,0.0,0.0
MOL_06526,CC(C)=CCN1CC[C@@]2(C)c3cc(O)ccc3C[C@@H]1[C@@H]2C.O=C(O)CCC(=O)O,0.0,0.0,0.0,0.0,0.0,0.0,0.0,0.0,0.0,0.0,0.0,0.0
MOL_06527,O=Cc1ccccc1O,0.0,0.0,0.0,0.0,,0.0,0.0,0.0,0.0,0.0,0.0,0.0
MOL_06528,CCC(=O)N(c1ccccc1)[C@@H]1CCN(CCc2ccccc2)C[C@@H]1C,0.0,0.0,0.0,,,0.0,,,0.0,0.0,0.0,0.0
MOL_06529,CCC(=O)N(c1ccccc1)[C@H]1CCN(CCc2ccccc2)C[C@@H]1C,0.0,0.0,0.0,0.0,,0.0,,,0.0,,0.0,0.0
MOL_06530,CCC(=O)N(c1ccccc1)C1(COC)CCN(CCc2cccs2)CC1.O=C(O)CC(O)(CC(=O)O)C(=O)O,0.0,0.0,,0.0,,0.0,,1.0,0.0,0.0,,0.0
MOL_06531,CCC(=O)N(c1ccc(F)cc1)C1CCN(CCc2ccccc2)CC1,0.0,0.0,0.0,0.0,0.0,0.0,,0.0,0.0,0.0,0.0,0.0
MOL_06532,CC(=O)N[C@H]1C(O)O[C@H](CO)[C@@H](O)[C@@H]1O,0.0,0.0,0.0,0.0,0.0,0.0,0.0,,0.0,,0.0,0.0
MOL_06533,CCC(=O)N(c1ccccc1)C1CCN(C(C)Cc2ccccc2)CC1,0.0,0.0,0.0,0.0,0.0,0.0,0.0,0.0,0.0,0.0,,0.0
MOL_06534,CCC(=O)N(c1ccccc1)C1CCN(Cc2ccccc2)CC1,0.0,0.0,0.0,0.0,0.0,0.0,,0.0,0.0,0.0,0.0,0.0
MOL_06535,CC(C)Br,0.0,0.0,0.0,0.0,0.0,0.0,0.0,0.0,0.0,0.0,0.0,0.0
MOL_06536,C=C1C(CCl)(CCl)C2(Cl)C(Cl)C(Cl)C1(Cl)C2(Cl)Cl,0.0,,0.0,,1.0,1.0,,1.0,0.0,1.0,1.0,
MOL_06537,C=CCSCC1Nc2cc(Cl)c(S(N)(=O)=O)cc2S(=O)(=O)N1,0.0,0.0,0.0,0.0,1.0,0.0,0.0,0.0,0.0,0.0,0.0,0.0
MOL_06538,Cc1ccc(NC(N)=O)cc1,0.0,0.0,0.0,0.0,0.0,0.0,0.0,0.0,0.0,0.0,0.0,0.0
MOL_06539,CN(C)CCOc1ccc(/C(=C(/CCCl)c2ccccc2)c2ccccc2)cc1.O=C(O)CC(O)(CC(=O)O)C(=O)O,0.0,,0.0,1.0,,0.0,0.0,,0.0,,,0.0
MOL_06540,Cc1ccccc1,0.0,0.0,0.0,0.0,,0.0,0.0,0.0,0.0,0.0,0.0,0.0
MOL_06541,Cc1ccc(N=C=O)cc1N=C=O,0.0,0.0,1.0,0.0,1.0,1.0,0.0,1.0,0.0,0.0,1.0,0.0
MOL_06542,Cc1ccccc1S(N)(=O)=O,0.0,0.0,0.0,0.0,0.0,0.0,0.0,0.0,0.0,0.0,,0.0
MOL_06543,C[SiH](O[Si](C)(C)C)O[Si](C)(C)C,0.0,0.0,0.0,0.0,0.0,0.0,0.0,0.0,0.0,0.0,0.0,0.0
MOL_06544,CCOc1ccccc1OCC,0.0,0.0,0.0,0.0,0.0,0.0,0.0,0.0,0.0,0.0,0.0,0.0
MOL_06545,C1N2CN3CN1CN(C2)C3,0.0,0.0,0.0,0.0,0.0,0.0,0.0,0.0,0.0,0.0,0.0,0.0
MOL_06546,Cc1cc(Cl)ccc1N=CN(C)C,0.0,0.0,0.0,0.0,0.0,0.0,0.0,0.0,0.0,0.0,,0.0
MOL_06547,[SbH6+3],0.0,0.0,0.0,0.0,0.0,0.0,0.0,0.0,0.0,0.0,,0.0
MOL_06548,O=[N+]([O-])OCC(CO[N+](=O)[O-])(CO[N+](=O)[O-])CO[N+](=O)[O-],0.0,0.0,0.0,0.0,0.0,0.0,0.0,0.0,0.0,0.0,0.0,0.0
MOL_06549,CCCCCCCCCCCc1ccccc1,0.0,0.0,0.0,0.0,0.0,0.0,0.0,0.0,0.0,0.0,0.0,0.0
MOL_06550,Cn1c(N)c(N=O)c(=O)n(C)c1=O,0.0,0.0,1.0,,0.0,0.0,0.0,,0.0,0.0,0.0,0.0
MOL_06551,C[N+]1([O-])CCOCC1,0.0,0.0,0.0,0.0,0.0,0.0,0.0,0.0,0.0,0.0,0.0,0.0
MOL_06552,CCOP(=S)(OCC)Oc1ccc([N+](=O)[O-])cc1,0.0,0.0,1.0,0.0,0.0,0.0,0.0,0.0,0.0,0.0,1.0,0.0
MOL_06553,CC(Cc1cccc(C(F)(F)F)c1)NCCOC(=O)c1ccccc1,0.0,0.0,,,0.0,0.0,0.0,0.0,0.0,,,0.0
MOL_06554,CC1(C)S[C@@H]2[C@H](NC(=O)COc3ccccc3)C(=O)N2[C@H]1C(=O)[O-],0.0,0.0,0.0,0.0,0.0,0.0,0.0,0.0,0.0,0.0,0.0,0.0
MOL_06555,COc1c(Cl)c(Cl)c(Cl)c(Cl)c1Cl,0.0,0.0,0.0,0.0,0.0,0.0,0.0,0.0,0.0,0.0,,0.0
MOL_06556,ClC(Cl)C(Cl)(Cl)Cl,0.0,0.0,0.0,0.0,0.0,0.0,0.0,0.0,0.0,0.0,0.0,0.0
MOL_06557,O=[N+]([O-])c1c(Cl)c(Cl)c(Cl)c(Cl)c1Cl,0.0,0.0,0.0,0.0,0.0,0.0,0.0,1.0,0.0,0.0,,0.0
MOL_06558,Nc1ccc(C(=O)O)cc1,0.0,0.0,0.0,0.0,0.0,0.0,0.0,0.0,0.0,0.0,0.0,0.0
MOL_06559,Nc1nc2ccccc2s1,0.0,0.0,1.0,,0.0,0.0,0.0,0.0,0.0,0.0,0.0,0.0
MOL_06560,COc1ccc(OC)c(C[C@H](C)N)c1,0.0,0.0,0.0,0.0,0.0,0.0,0.0,,0.0,,0.0,0.0
MOL_06561,CCCCCCc1ccc(O)cc1O,0.0,0.0,0.0,0.0,1.0,0.0,0.0,1.0,0.0,0.0,1.0,0.0
MOL_06562,CC(=O)N(O)CCCCCNC(=O)CCC(=O)N(O)CCCCCNC(=O)CCC(=O)N(O)CCCCCN,0.0,0.0,0.0,0.0,0.0,0.0,0.0,,0.0,0.0,0.0,0.0
MOL_06563,O=C([O-])c1cc(Oc2ccc(C(F)(F)F)cc2Cl)ccc1[N+](=O)[O-],0.0,0.0,0.0,0.0,1.0,0.0,0.0,0.0,0.0,0.0,0.0,0.0
MOL_06564,CCCOC(=O)c1c(Cl)c(Cl)c(Cl)c(Cl)c1C(=O)OCCC,0.0,0.0,,0.0,0.0,0.0,0.0,,0.0,0.0,,0.0
MOL_06565,COc1ccc(/N=N/c2cc(C)c(/N=N/c3ccc(S(=O)(=O)[O-])cc3)cc2OC)cc1,0.0,0.0,1.0,,0.0,0.0,0.0,,0.0,0.0,,0.0
MOL_06566,CC1(C)Cc2cccc(N)c2O1,0.0,0.0,0.0,0.0,0.0,0.0,0.0,0.0,0.0,0.0,0.0,0.0
MOL_06567,NC(=O)CC[C@H](Nc1ccc([N+](=O)[O-])cc1)C(=O)O,0.0,0.0,0.0,0.0,0.0,0.0,0.0,0.0,0.0,0.0,0.0,0.0
MOL_06568,CCCCC(C)C(=O)O,0.0,0.0,0.0,0.0,0.0,0.0,0.0,0.0,0.0,0.0,0.0,0.0
MOL_06569,O=C1CCCN1C1CCCCC1,0.0,0.0,0.0,0.0,0.0,0.0,0.0,0.0,0.0,0.0,,0.0
MOL_06570,Cc1ccc(Cl)c(N)c1Cl,0.0,0.0,0.0,0.0,0.0,0.0,0.0,,0.0,,0.0,0.0
MOL_06571,Nc1ccc2cc(S(=O)(=O)[O-])cc(O)c2c1/N=N/c1ccccc1C(F)(F)F,0.0,0.0,,0.0,0.0,0.0,0.0,0.0,0.0,0.0,0.0,0.0
MOL_06572,COCc1ccc(COC)cc1,0.0,0.0,0.0,0.0,0.0,0.0,0.0,0.0,0.0,0.0,0.0,0.0
MOL_06573,Nc1cc(C(=O)O)c(O)c(S(=O)(=O)O)c1,0.0,0.0,0.0,0.0,0.0,0.0,0.0,0.0,0.0,0.0,0.0,0.0
MOL_06574,C=CCCC(=O)/C=C/C1C(C)=CCCC1(C)C,0.0,0.0,,0.0,0.0,0.0,0.0,0.0,0.0,0.0,1.0,0.0
MOL_06575,O=CN1CCCCC1,0.0,0.0,0.0,0.0,0.0,0.0,0.0,0.0,0.0,0.0,0.0,0.0
MOL_06576,C[C@@H]1CC2(OC3C[C@@]4(C)C5=CC[C@H]6C(C)(C)C(O[C@@H]7OC[C@@H](O)[C@H](O)[C@H]7O)CC[C@@]67C[C@@]57CC[C@]4(C)C31)OC(O)C1(C)OC21,0.0,0.0,0.0,0.0,0.0,0.0,0.0,0.0,0.0,0.0,1.0,0.0
MOL_06577,O=C(/C=C/c1ccc(O)c(O)c1)O[C@@H](C(=O)O)[C@@H](OC(=O)/C=C/c1ccc(O)c(O)c1)C(=O)O,0.0,0.0,0.0,0.0,0.0,0.0,0.0,,0.0,0.0,0.0,0.0
MOL_06578,CC(C)(C)c1csc(-c2cc3cc(OCc4ccccc4CC(=O)O)ccc3o2)n1,0.0,,0.0,,,0.0,1.0,1.0,,,1.0,
MOL_06579,Cc1ccc2oc(CN(Cc3ccccc3)C(=O)Nc3c(F)cc(F)cc3F)c(-c3ccc(Cl)cc3)c2c1,0.0,0.0,0.0,,0.0,0.0,0.0,0.0,0.0,,1.0,
MOL_06580,O=C1c2ccccc2C(=O)N1CCc1noc(-c2ccc(CN3CCCCCC3)s2)n1,0.0,0.0,1.0,0.0,,0.0,0.0,1.0,0.0,0.0,,0.0
MOL_06581,COc1cc(C=O)cc2c1[C@H](COC(N)=O)[C@]1(OC(C)=O)ON2C[C@H]2[C@@H]1N2C(C)=O,0.0,,0.0,,,0.0,,,0.0,0.0,0.0,1.0
MOL_06582,Cc1[nH]cnc1C[C@H]1CCc2c(C)c3ccccc3n2C1=O,0.0,0.0,0.0,0.0,0.0,0.0,0.0,,0.0,,,0.0
MOL_06583,Cc1oc2c(NC(=O)c3c(Cl)cccc3Cl)cccc2c1C(C)(C)O,0.0,0.0,1.0,1.0,,0.0,,,0.0,0.0,1.0,0.0
MOL_06584,COc1ccc(-n2nc(C(F)F)cc2-c2ccc(S(C)=O)cc2)cc1,0.0,0.0,0.0,0.0,0.0,0.0,0.0,0.0,0.0,0.0,0.0,0.0
MOL_06585,OCCc1ccccc1,0.0,1.0,0.0,0.0,0.0,0.0,0.0,0.0,0.0,0.0,0.0,0.0
MOL_06586,NC=O,0.0,0.0,0.0,0.0,0.0,0.0,0.0,0.0,0.0,0.0,0.0,0.0
MOL_06587,COC(=O)c1ccccc1C(=O)OC,0.0,0.0,0.0,0.0,0.0,0.0,0.0,0.0,0.0,0.0,0.0,0.0
MOL_06588,NC(Cc1ccc(F)cc1)C(=O)O,0.0,0.0,0.0,0.0,0.0,0.0,0.0,0.0,0.0,0.0,0.0,0.0
MOL_06589,O=[N+]([O-])c1ccc(F)c([N+](=O)[O-])c1,0.0,,1.0,0.0,,0.0,,,,0.0,1.0,0.0
MOL_06590,O=C(Cl)c1ccccc1F,0.0,0.0,0.0,0.0,0.0,0.0,0.0,0.0,0.0,0.0,0.0,0.0
MOL_06591,CCCCCCC1CCC(=O)O1,0.0,0.0,0.0,0.0,0.0,0.0,0.0,0.0,0.0,0.0,0.0,0.0
MOL_06592,O=CNc1ccccc1,0.0,0.0,0.0,0.0,0.0,0.0,0.0,0.0,0.0,0.0,0.0,0.0
MOL_06593,C[C@]12C=CC(=O)C=C1CC[C@@H]1[C@@H]2CC[C@@]2(C)[C@H]1CC[C@]2(C)O,1.0,1.0,0.0,,1.0,1.0,0.0,1.0,0.0,0.0,0.0,
MOL_06594,CC[N+](C)(CC)CCOC(=O)C1c2ccccc2Oc2ccccc21,0.0,0.0,0.0,0.0,0.0,0.0,0.0,0.0,0.0,0.0,0.0,
MOL_06595,CC(=O)OC(C)C[N+](C)(C)C,0.0,0.0,0.0,0.0,0.0,0.0,0.0,0.0,0.0,0.0,0.0,0.0
MOL_06596,Cc1ccccc1-n1c(C)nc2ccccc2c1=O,0.0,0.0,0.0,0.0,1.0,0.0,0.0,,0.0,,0.0,0.0
MOL_06597,CC(C)=CC1C(C(=O)OCc2cccc(Oc3ccccc3)c2)C1(C)C,0.0,0.0,0.0,0.0,0.0,0.0,0.0,0.0,0.0,0.0,0.0,0.0
MOL_06598,COC(=O)/C=C(\C)OP(=O)(OC)OC,0.0,0.0,0.0,1.0,,,0.0,,0.0,,0.0,0.0
MOL_06599,CCCC(=O)c1ccccc1,0.0,0.0,0.0,0.0,0.0,0.0,0.0,0.0,0.0,0.0,,0.0
MOL_06600,O=P1(N(CCCl)CCCl)NCCCO1,0.0,0.0,0.0,0.0,1.0,0.0,0.0,0.0,0.0,0.0,0.0,0.0
MOL_06601,C[C@H]1C[C@H](C)C(=O)[C@H]([C@H](O)CC2CC(=O)NC(=O)C2)C1,0.0,0.0,0.0,1.0,,0.0,,,,0.0,,1.0
MOL_06602,CCS(=O)(=O)CCSP(=O)(OC)OC,0.0,0.0,0.0,0.0,0.0,0.0,0.0,1.0,0.0,0.0,0.0,0.0
MOL_06603,C1CCC2OC2C1,0.0,0.0,0.0,0.0,,0.0,0.0,,0.0,0.0,0.0,0.0
MOL_06604,O=C1C=CCCC1,0.0,0.0,0.0,0.0,0.0,0.0,0.0,0.0,0.0,0.0,0.0,0.0
MOL_06605,C1CCCC1,,0.0,0.0,,,0.0,0.0,0.0,0.0,0.0,0.0,0.0
MOL_06606,c1cc2c3c(c1)ccc1cccc(c13)C2,0.0,0.0,0.0,0.0,0.0,0.0,0.0,0.0,0.0,0.0,,0.0
MOL_06607,Cc1ccc(S(=O)(=O)NC2CCCCC2)cc1,0.0,0.0,0.0,,,0.0,0.0,0.0,0.0,0.0,1.0,0.0
MOL_06608,N#Cc1ccccc1C#N,0.0,0.0,0.0,,0.0,0.0,0.0,0.0,0.0,0.0,0.0,0.0
MOL_06609,CC1=CC[C@H](C(C)C)C=C1,0.0,0.0,0.0,0.0,0.0,0.0,0.0,,0.0,0.0,0.0,0.0
MOL_06610,O=C(Cl)OCCOCCOC(=O)Cl,0.0,0.0,0.0,0.0,0.0,0.0,0.0,0.0,0.0,0.0,0.0,0.0
MOL_06611,CC(=O)CCc1ccc(OC(C)=O)cc1,0.0,0.0,0.0,0.0,0.0,0.0,0.0,0.0,0.0,0.0,0.0,0.0
MOL_06612,O=c1c(O)c(O)c1=O,0.0,0.0,0.0,0.0,0.0,0.0,0.0,0.0,0.0,0.0,0.0,0.0
MOL_06613,O=C(O)c1ccccn1,0.0,0.0,0.0,0.0,0.0,0.0,0.0,0.0,0.0,0.0,0.0,0.0
MOL_06614,CC1=Nc2ccccc2C1(C)C,0.0,0.0,0.0,,0.0,0.0,0.0,0.0,0.0,0.0,0.0,0.0
MOL_06615,COC(=O)C1=C(C)NC(C)=C(C(=O)OC(C)(C)CN(C)CCC(c2ccccc2)c2ccccc2)C1c1cccc([N+](=O)[O-])c1,0.0,0.0,0.0,1.0,,0.0,0.0,0.0,0.0,0.0,1.0,0.0
MOL_06616,Nc1cccc2c1CN(C1CCC(=O)NC1=O)C2=O,0.0,0.0,0.0,0.0,0.0,0.0,0.0,0.0,0.0,0.0,0.0,0.0
MOL_06617,CCCCN(CCCC)CC(O)c1cc(Cl)cc2c1-c1ccc(Cl)cc1/C2=C/c1ccc(Cl)cc1,0.0,0.0,1.0,0.0,1.0,0.0,0.0,,0.0,0.0,,0.0
MOL_06618,COc1cccc(CCc2ccccc2OCC(CN(C)C)OC(=O)CCC(=O)O)c1,0.0,0.0,0.0,0.0,0.0,0.0,,0.0,0.0,0.0,,0.0
MOL_06619,COc1nc(N)nc2nc[nH]c12,0.0,0.0,1.0,0.0,0.0,0.0,0.0,0.0,0.0,0.0,0.0,0.0
MOL_06620,Nc1nc(=O)c2c(CCc3ccc(C(=O)N[C@@H](CCC(=O)[O-])C(=O)[O-])cc3)c[nH]c2[nH]1,0.0,0.0,0.0,0.0,0.0,0.0,0.0,,0.0,,0.0,0.0
MOL_06621,Cc1nc(Nc2ncc(C(=O)Nc3c(C)cccc3Cl)s2)cc(N2CCN(CCO)CC2)n1,0.0,,,,,0.0,,,,0.0,,0.0
MOL_06622,CCN(CC)c1nc(C)cc(OP(=S)(OC)OC)n1,0.0,0.0,1.0,1.0,0.0,0.0,0.0,,0.0,0.0,,0.0
MOL_06623,O=P(O)(O)O,0.0,0.0,0.0,0.0,0.0,0.0,0.0,0.0,0.0,0.0,0.0,0.0
MOL_06624,COP(=S)(OC)SCN1C(=O)c2ccccc2C1=O,0.0,0.0,0.0,0.0,0.0,0.0,0.0,0.0,0.0,0.0,0.0,0.0
MOL_06625,C=C(C)C(N)=O,0.0,0.0,0.0,0.0,0.0,0.0,0.0,0.0,0.0,0.0,0.0,0.0
MOL_06626,CC1CCc2c(N3CCC(O)CC3)c(F)cc3c(=O)c(C(=O)O)cn1c23,0.0,0.0,0.0,0.0,0.0,0.0,0.0,0.0,0.0,0.0,,0.0
MOL_06627,Cc1nc2ccc(CN(C)c3ccc(C(=O)N[C@@H](CCC(=O)O)C(=O)O)s3)cc2c(=O)[nH]1,0.0,0.0,0.0,0.0,0.0,0.0,,0.0,0.0,0.0,0.0,1.0
MOL_06628,COc1ccc(-c2ccc3cc(C(=O)O)ccc3c2)cc1C12CC3CC(CC(C3)C1)C2,0.0,0.0,0.0,1.0,0.0,0.0,0.0,1.0,0.0,1.0,0.0,1.0
MOL_06629,Cc1oc(=O)oc1CN1CCN(c2cc3c(cc2F)c(=O)c(C(=O)O)c2n3C(C)S2)CC1,1.0,1.0,0.0,,1.0,1.0,0.0,0.0,0.0,0.0,,0.0
MOL_06630,CC(C)(C)C(=O)OCOP(=O)(COCCn1cnc2c(N)ncnc21)OCOC(=O)C(C)(C)C,,,,,,,,1.0,,0.0,,
MOL_06631,CN(C)CC/C=C1/c2ccccc2COc2ccc(CC(=O)O)cc21,0.0,0.0,0.0,0.0,0.0,0.0,0.0,0.0,0.0,0.0,,0.0
MOL_06632,C[C@@H](c1ncncc1F)[C@](O)(Cn1cncn1)c1ccc(F)cc1F,0.0,0.0,,0.0,0.0,0.0,0.0,0.0,0.0,0.0,0.0,0.0
MOL_06633,C[N+]1(CCC(C(N)=O)(c2ccccc2)c2ccccc2)CCCCC1,0.0,0.0,0.0,0.0,0.0,0.0,0.0,0.0,0.0,0.0,0.0,0.0
MOL_06634,CC(=O)NC[C@H]1CN(c2ccc(N3CCOCC3)c(F)c2)C(=O)O1,0.0,0.0,0.0,0.0,1.0,0.0,0.0,,0.0,,0.0,0.0
MOL_06635,COCc1c(C(C)C)nc(C(C)C)c(/C=C/[C@@H](O)C[C@@H](O)CC(=O)[O-])c1-c1ccc(F)cc1,1.0,,0.0,1.0,1.0,,,,0.0,0.0,,0.0
MOL_06636,CC[C@H]1OC(=O)[C@H](C)[C@@H](O[C@H]2C[C@@](C)(OC)[C@@H](O)[C@H](C)O2)[C@H](C)[C@@H](O[C@@H]2O[C@H](C)C[C@H](N(C)C)[C@H]2O)[C@](C)(O)C[C@@H](C)CN(C)[C@H](C)[C@@H](O)[C@]1(C)O,0.0,0.0,0.0,0.0,0.0,0.0,0.0,,0.0,0.0,0.0,0.0
MOL_06637,OCCOCCN1CCN(C(c2ccccc2)c2ccc(Cl)cc2)CC1,0.0,0.0,0.0,0.0,0.0,0.0,0.0,0.0,0.0,0.0,,0.0
MOL_06638,CCCCCCCCOC(=O)c1ccc(C(=O)OCCCCCCCC)c(C(=O)OCCCCCCCC)c1,0.0,0.0,0.0,0.0,0.0,0.0,0.0,0.0,0.0,0.0,0.0,0.0
MOL_06639,CCCCCCOC(=O)CC(CC(=O)OCCCCCC)(OC(=O)CCC)C(=O)OCCCCCC,0.0,0.0,0.0,0.0,0.0,0.0,0.0,0.0,0.0,0.0,0.0,0.0
MOL_06640,CN(C[C@@H](CC[N+]12CCC(C3CCCCC3)(CC1)CC2)c1ccc(Cl)c(Cl)c1)C(=O)c1cc(C(F)(F)F)cc(C(F)(F)F)c1,0.0,,0.0,,,,0.0,,0.0,,0.0,
MOL_06641,CCCOc1ccc(S(=O)(=O)N2CCN(CC)CC2)cc1-c1nc2c(CC)n(Cc3ccccn3)nc2c(=O)[nH]1,0.0,0.0,0.0,0.0,0.0,0.0,,0.0,0.0,0.0,,0.0
MOL_06642,COCCOC[C@H](CC1(C(=O)N[C@H]2CC[C@@H](C(=O)O)CC2)CCCC1)C(=O)Oc1ccc2c(c1)CCC2,0.0,0.0,0.0,0.0,0.0,0.0,0.0,,0.0,0.0,0.0,0.0
MOL_06643,COCc1nnc(-c2ccc[n+]([O-])c2)n1-c1c(Cl)c(Cl)cc2[nH]c(=O)c(=O)[nH]c12,0.0,0.0,0.0,0.0,,0.0,0.0,0.0,0.0,0.0,0.0,0.0
MOL_06644,O=C(N[C@H]1CN2CCC1CC2)c1cc2ccoc2cn1,0.0,0.0,0.0,0.0,0.0,0.0,0.0,0.0,0.0,0.0,,0.0
MOL_06645,C=CC(=O)OCCCC,1.0,1.0,0.0,0.0,0.0,0.0,0.0,0.0,0.0,0.0,0.0,0.0
MOL_06646,C[C@@H](Oc1ccc(CNC(=O)c2cccnc2Oc2ccc3c(c2)OCO3)c(F)c1)C(=O)O,0.0,0.0,0.0,0.0,0.0,0.0,0.0,0.0,0.0,0.0,0.0,0.0
MOL_06647,O=C(O)CC(C(=O)O)C(CC(=O)O)C(=O)O,0.0,0.0,0.0,0.0,0.0,0.0,0.0,0.0,0.0,0.0,0.0,0.0
MOL_06648,CNCc1cc(F)ccc1Oc1ccc(Cl)c(Cl)c1,0.0,0.0,0.0,,,0.0,0.0,,0.0,0.0,,
MOL_06649,CC(C)(O)c1ccc(CNC(=O)c2cccnc2Oc2ccc3nonc3c2)cc1,0.0,0.0,,0.0,,0.0,0.0,0.0,0.0,0.0,0.0,0.0
MOL_06650,CC(C)=CCC/C(C)=C/CC/C(C)=C/C(=O)OCC(=O)[C@@]1(O)CC[C@H]2[C@@H]3CCC4=CC(=O)C=C[C@]4(C)[C@H]3[C@@H](O)C[C@@]21C,,,,,,,,,,0.0,,
MOL_06651,CC(C)C[C@@H]1[C@H](c2ccccc2)OC(=O)N1CCCN1CCCCCC1,,,,,,,,0.0,,0.0,,
MOL_06652,CN(C)[C@@H](CCOc1cccc2ccccc12)c1ccccc1,,,,,,,,,,0.0,,
MOL_06653,CCCCN(CCN(CCCC)C(=O)N1CCOCC1)C(=O)N1CCOCC1,,,,,,,,0.0,,,,
MOL_06654,CC1Sc2c(C(=O)O)c(=O)c3cc(F)c(N4CCNCC4)cc3n21,,,,,,,,0.0,,0.0,,
MOL_06655,CCC(CN)=C(c1ccccc1)c1ccccc1,,,,,,,,,,0.0,,
MOL_06656,Cc1ccc(-c2ccccc2C#N)cc1,,,,,,,,0.0,,0.0,,
MOL_06657,COCCc1ccccn1,,,,,,,,0.0,,0.0,,
MOL_06658,CC(=O)N[C@@H](CO)C(=O)N[C@@H](CC(=O)O)C(=O)N[C@@H](CCCCN)C(=O)N1CCC[C@H]1C(=O)O,,,,,,,,,,0.0,,
MOL_06659,CS(=O)(=O)c1ccc(-c2cn3ccccc3n2)cc1,,,,,,,,0.0,,,,
MOL_06660,C=C(NC(=O)C(=C)NC(=O)c1csc(C2=NC3c4csc(n4)C4NC(=O)c5csc(n5)C(C(C)(O)C(C)O)NC(=O)C5CSC(=N5)/C(=C\C)NC(=O)C(C(C)O)NC(=O)c5csc(n5)C3(CC2)NC(=O)C(C)NC(=O)C(=C)NC(=O)C(C)NC(=O)C(C(C)CC)NC2C=Cc3c(C(C)O)cc(nc3C2O)C(=O)OC4C)n1)C(N)=O,0.0,0.0,0.0,,0.0,,1.0,,1.0,,,1.0
MOL_06661,Cc1ccc(C=O)cc1C,0.0,0.0,0.0,0.0,0.0,0.0,0.0,0.0,0.0,0.0,0.0,0.0
MOL_06662,CC(C)NC(=O)c1ccccc1N,0.0,0.0,0.0,0.0,0.0,0.0,0.0,0.0,0.0,0.0,0.0,0.0
MOL_06663,O=C(O)CONC(=O)c1ccccc1,0.0,0.0,0.0,0.0,0.0,0.0,0.0,0.0,0.0,0.0,0.0,0.0
MOL_06664,CCOC(=O)CCN(SN(C)C(=O)Oc1cccc2c1OC(C)(C)C2)C(C)C,0.0,,0.0,,0.0,0.0,0.0,0.0,0.0,,,0.0
MOL_06665,O=C(Nc1ccccc1)c1ccccc1I,0.0,0.0,1.0,,0.0,0.0,0.0,1.0,0.0,0.0,,0.0
MOL_06666,CCOC(=O)Cn1c(=O)sc2cccc(Cl)c21,0.0,0.0,1.0,,0.0,0.0,0.0,0.0,0.0,0.0,0.0,0.0
MOL_06667,CC(C)OC(=O)C(C)N(C(=O)c1ccccc1)c1ccc(F)c(Cl)c1,0.0,0.0,0.0,,1.0,1.0,,1.0,0.0,0.0,,0.0
MOL_06668,O=S(=O)(Oc1ccc(Cl)cc1)c1ccccc1,0.0,0.0,0.0,,,0.0,0.0,0.0,0.0,0.0,,0.0
MOL_06669,CC12CCC(C1)C(C)(C)C2O,0.0,0.0,0.0,0.0,0.0,0.0,0.0,0.0,0.0,0.0,0.0,0.0
MOL_06670,CCCCC(CC)C(=O)OC(C)C,0.0,0.0,0.0,0.0,0.0,0.0,0.0,0.0,0.0,0.0,,0.0
MOL_06671,O=C(NC(=O)c1c(F)cccc1F)Nc1ccc(Oc2ccc(C(F)(F)F)cc2Cl)cc1F,0.0,0.0,0.0,0.0,,0.0,1.0,1.0,0.0,,,
MOL_06672,COc1cc(C(=O)NCc2ccc(OCCN(C)C)cc2)cc(OC)c1OC,0.0,0.0,0.0,,0.0,0.0,0.0,0.0,0.0,0.0,0.0,0.0
MOL_06673,N=C(N)N1CCc2ccccc2C1.N=C(N)N1CCc2ccccc2C1,,,,,,,,0.0,,0.0,,
MOL_06674,CC(C)NC(=N)NC(=N)Nc1ccc(Cl)cc1,0.0,0.0,0.0,0.0,0.0,0.0,0.0,0.0,0.0,0.0,0.0,0.0
MOL_06675,CCCCOc1ccc(OCCCN2CCOCC2)cc1,0.0,0.0,,,0.0,0.0,0.0,1.0,0.0,0.0,,0.0
MOL_06676,CN1CCC(OC(c2ccccc2)c2ccccc2)CC1,0.0,0.0,0.0,0.0,,0.0,0.0,0.0,0.0,0.0,,0.0
MOL_06677,CN1CCN(C(c2ccccc2)c2ccccc2)CC1,0.0,0.0,0.0,0.0,0.0,0.0,0.0,0.0,0.0,0.0,0.0,0.0
MOL_06678,CC(O)CN(CCCN(C)C)CCCN(C)C,0.0,0.0,0.0,0.0,0.0,0.0,0.0,0.0,0.0,0.0,0.0,0.0
MOL_06679,CN(C)CC/C=C1/c2ccccc2CSc2ccccc21,0.0,0.0,0.0,0.0,0.0,0.0,0.0,,0.0,,,1.0
MOL_06680,CCOc1ccc(Cc2nccc3cc(OCC)c(OCC)cc23)cc1OCC,0.0,0.0,,0.0,,0.0,0.0,,0.0,0.0,,
MOL_06681,CN(C)CCCNCCCN(C)C,0.0,0.0,0.0,0.0,0.0,0.0,0.0,0.0,0.0,0.0,0.0,0.0
MOL_06682,Fc1ccc(Br)cc1,0.0,0.0,0.0,0.0,0.0,0.0,0.0,0.0,0.0,0.0,0.0,0.0
MOL_06683,c1c[nH]cn1,0.0,0.0,0.0,0.0,0.0,0.0,0.0,0.0,0.0,0.0,0.0,0.0
MOL_06684,O=C([O-])[C@H](O)[C@@H](O)[C@H](O)[C@H](O)CO,0.0,0.0,0.0,0.0,0.0,0.0,0.0,0.0,0.0,0.0,0.0,0.0
MOL_06685,CCC[N+](CCC)(CCC)CCC,0.0,0.0,0.0,0.0,0.0,0.0,0.0,0.0,0.0,0.0,0.0,0.0
MOL_06686,O=C(OCCOCCOCCOC(=O)c1ccccc1)c1ccccc1,0.0,0.0,0.0,0.0,0.0,0.0,0.0,0.0,0.0,0.0,0.0,0.0
MOL_06687,C=C(C)C1CC=C(C)CC1,1.0,0.0,0.0,0.0,0.0,0.0,0.0,0.0,0.0,0.0,0.0,0.0
MOL_06688,NC(CSCC(=O)O)C(=O)O,,,,,,,,0.0,,0.0,,
MOL_06689,CN1C2=CC(=O)C(=NNC(N)=O)C=C2CC1S(=O)(=O)[O-],0.0,0.0,0.0,0.0,0.0,0.0,0.0,,0.0,,0.0,0.0
MOL_06690,C[N+](C)(C)CCOC(N)=O,0.0,0.0,0.0,0.0,0.0,0.0,,0.0,0.0,0.0,0.0,0.0
MOL_06691,NC(=O)N1c2ccccc2C=Cc2ccccc21,1.0,1.0,0.0,0.0,0.0,0.0,0.0,0.0,0.0,0.0,0.0,0.0
MOL_06692,CCOC(=O)n1ccn(C)c1=S,0.0,0.0,0.0,0.0,0.0,0.0,0.0,0.0,0.0,0.0,0.0,0.0
MOL_06693,CN(C)c1cccc(O)c1,0.0,0.0,1.0,0.0,0.0,0.0,0.0,,0.0,0.0,1.0,0.0
MOL_06694,CCN(CC)CCOCCOC(=O)C1(c2ccccc2)CCCC1,0.0,0.0,0.0,0.0,0.0,0.0,0.0,0.0,0.0,0.0,,0.0
MOL_06695,COc1ccc(C[C@H](C)NC[C@@H](O)c2ccc(O)c(NC=O)c2)cc1.COc1ccc(C[C@H](C)NC[C@@H](O)c2ccc(O)c(NC=O)c2)cc1,0.0,0.0,0.0,0.0,0.0,0.0,0.0,,0.0,,0.0,0.0
MOL_06696,COC(=O)C[C@](O)(CCCC(C)(C)O)C(=O)O[C@@H]1C(OC)=CC23CCCN2CCc2cc4c(cc2[C@H]13)OCO4,0.0,0.0,,1.0,,0.0,,,,,,1.0
MOL_06697,CC(=O)CCC(=O)O,0.0,0.0,0.0,0.0,0.0,0.0,0.0,0.0,0.0,0.0,0.0,0.0
MOL_06698,O=C(C1CCCCC1)N1CC(=O)N2CCc3ccccc3C2C1,0.0,0.0,0.0,0.0,1.0,0.0,0.0,0.0,0.0,0.0,0.0,0.0
MOL_06699,CCCCCCCC=O,0.0,0.0,0.0,0.0,0.0,0.0,0.0,0.0,0.0,0.0,0.0,0.0
MOL_06700,CCCCCCCCCCCCCCCCCC(=O)O,0.0,0.0,0.0,0.0,1.0,1.0,0.0,0.0,0.0,0.0,0.0,0.0
MOL_06701,CCCCCCCCC(=O)O,0.0,0.0,0.0,0.0,0.0,0.0,0.0,0.0,0.0,0.0,0.0,0.0
MOL_06702,O=C(O)CCCCCCCC(=O)O,0.0,0.0,0.0,0.0,1.0,1.0,0.0,0.0,0.0,0.0,0.0,0.0
MOL_06703,CCCC(=O)C(=O)O,0.0,0.0,0.0,0.0,0.0,0.0,0.0,,0.0,0.0,0.0,0.0
MOL_06704,O=C(O)CC(=O)C(=O)O,0.0,0.0,0.0,0.0,0.0,0.0,0.0,,0.0,0.0,0.0,0.0
MOL_06705,CCCCCCCC(=O)O,0.0,0.0,0.0,0.0,0.0,0.0,0.0,0.0,0.0,0.0,0.0,0.0
MOL_06706,Cl/C(=C\n1cncn1)c1ccc(Cl)cc1Cl,0.0,0.0,0.0,1.0,0.0,0.0,0.0,0.0,0.0,0.0,0.0,0.0
MOL_06707,CC(C)c1ccc2oc3nc(N)c(C(=O)O)cc3c(=O)c2c1,1.0,,1.0,,,,0.0,1.0,1.0,0.0,,0.0
MOL_06708,CC(=O)Nc1ccc(/C=N/NC(N)=S)cc1,1.0,0.0,0.0,,0.0,0.0,0.0,0.0,0.0,0.0,0.0,0.0
MOL_06709,Nc1ccc(C(=O)NCC(=O)O)cc1,0.0,0.0,0.0,0.0,0.0,0.0,0.0,0.0,0.0,0.0,0.0,0.0
MOL_06710,Clc1ccc2c(c1)C(N1CCNCC1)=Nc1ccccc1O2,0.0,0.0,0.0,1.0,0.0,,0.0,0.0,0.0,,,
MOL_06711,CCOC(=O)O[C@]1(C(=O)OCCl)CC[C@H]2[C@@H]3CCC4=CC(=O)C=C[C@]4(C)[C@H]3[C@@H](O)C[C@@]21C,,,,,,,,1.0,,0.0,,
MOL_06712,CCCCOC(=O)[C@@H](C)Oc1ccc(Oc2ccc(C#N)cc2F)cc1,0.0,0.0,0.0,0.0,0.0,0.0,0.0,0.0,0.0,0.0,0.0,0.0
MOL_06713,Cc1cccc(C)c1NC(=O)CN1CCCC1=O,0.0,0.0,0.0,0.0,0.0,0.0,0.0,0.0,0.0,0.0,0.0,0.0
MOL_06714,Nc1cccc2ccccc12,0.0,0.0,1.0,0.0,0.0,0.0,0.0,,0.0,0.0,0.0,0.0
MOL_06715,Nc1ccc2ccccc2c1,0.0,0.0,1.0,,0.0,0.0,0.0,0.0,0.0,0.0,0.0,0.0
MOL_06716,CCCCN(CCCC)C(=S)S[Ni]SC(=S)N(CCCC)CCCC,0.0,0.0,0.0,0.0,,0.0,0.0,0.0,0.0,0.0,0.0,0.0
MOL_06717,[Ni+2],0.0,0.0,0.0,0.0,0.0,0.0,0.0,0.0,0.0,0.0,,0.0
MOL_06718,NC(=O)c1cccnc1,0.0,0.0,0.0,0.0,0.0,0.0,0.0,0.0,0.0,0.0,0.0,0.0
MOL_06719,CCCCCCCCCCCCCCCC(=O)OC[C@@H](COP(=O)([O-])OCC[N+](C)(C)C)OC(=O)CCCCCCCCCCCCCCC,0.0,0.0,,0.0,1.0,0.0,0.0,,0.0,,0.0,0.0
MOL_06720,CCN(CC)c1ccc(C(=C2C=CC(=[N+](CC)CC)C=C2)c2ccccc2)cc1,0.0,,,,,,,,1.0,,1.0,
MOL_06721,c1ccc(CCNc2nc(-c3ccccc3)cs2)cc1,1.0,0.0,1.0,,1.0,0.0,0.0,,1.0,0.0,,0.0
MOL_06722,Nc1nnnn1-c1ccccc1,0.0,0.0,0.0,0.0,0.0,0.0,0.0,0.0,0.0,0.0,0.0,0.0
MOL_06723,CCCCCCCCCCCCCCCCCC(=O)O[AlH3](O)O,1.0,0.0,0.0,,0.0,0.0,0.0,,0.0,,0.0,0.0
MOL_06724,CCOc1ccc(NS(=O)(=O)c2ccc(N)cc2)nn1,0.0,0.0,0.0,0.0,0.0,0.0,0.0,0.0,0.0,0.0,0.0,0.0
MOL_06725,CN1CCCN=C1COC(=O)C(O)(c1ccccc1)C1CCCCC1,0.0,0.0,0.0,0.0,0.0,0.0,0.0,0.0,0.0,0.0,,0.0
MOL_06726,CC(C)(C)C(=O)OCOC(=O)[C@@H]1N2C(=O)[C@@H](NC(=O)[C@H](N)c3ccccc3)[C@H]2SC1(C)C,0.0,0.0,0.0,0.0,0.0,0.0,0.0,0.0,0.0,0.0,0.0,0.0
MOL_06727,CCn1cc(C(=O)O)c(=O)c2cc(F)c(N3CCNCC3)nc21,0.0,0.0,0.0,0.0,0.0,0.0,0.0,0.0,0.0,0.0,0.0,0.0
MOL_06728,CO[C@H]1C[C@H](O[C@@H]2C(C)=CC[C@@H]3C[C@@H](C[C@]4(CC[C@H](C)[C@@H](C5CCCCC5)O4)O3)OC(=O)[C@@H]3C=C(C)/C(=N/O)[C@H]4OCC(=CC=C[C@@H]2C)[C@@]34O)O[C@@H](C)[C@@H]1O,0.0,0.0,0.0,0.0,0.0,0.0,0.0,,0.0,,,0.0
MOL_06729,CC[C@@H](C(=O)[C@@H](C)[C@@H](O)[C@H](C)[C@@H]1O[C@@H]([C@@H](CC)C(=O)[O-])CC[C@@H]1C)[C@H]1O[C@]2(C=C[C@@H](O)[C@]3(CC[C@@](C)([C@H]4CC[C@](O)(CC)[C@H](C)O4)O3)O2)[C@H](C)C[C@@H]1C,0.0,0.0,0.0,0.0,0.0,0.0,1.0,,0.0,,,
MOL_06730,CC(=O)Oc1cccc(O)c1,0.0,0.0,0.0,0.0,0.0,0.0,0.0,0.0,0.0,0.0,0.0,0.0
MOL_06731,CNc1ccc(C(=O)CC(O)CCC(C)C2OC(=O)CC(O)CC(=O)CC(O)CC(O)CC(O)CC(O)CC3(O)CC(O)C(C(=O)OC)C(CC(O[C@@H]4O[C@H](C)[C@@H](O)[C@H](N)[C@@H]4O)C=CC=CC=CC=CC=CC=CC=CC2C)O3)cc1,0.0,0.0,0.0,0.0,0.0,0.0,0.0,,0.0,,1.0,0.0
MOL_06732,CCC(=O)O[C@]1(C(=O)CCl)[C@@H](C)C[C@H]2[C@@H]3CCC4=CC(=O)C=C[C@]4(C)[C@@]3(F)[C@@H](O)C[C@@]21C,1.0,1.0,1.0,,0.0,0.0,0.0,,0.0,0.0,1.0,0.0
MOL_06733,Cc1c(NC(C)C)c(=O)n(-c2ccccc2)n1C,0.0,0.0,0.0,0.0,0.0,0.0,0.0,0.0,0.0,0.0,0.0,0.0
MOL_06734,CC(C)(C)C(=O)OCOC(=O)[C@@H]1N2C(=O)[C@@H](N=CN3CCCCCC3)[C@H]2SC1(C)C,0.0,0.0,0.0,0.0,0.0,0.0,0.0,,0.0,,0.0,0.0
MOL_06735,COc1ccc2cc([C@H](C)CO)ccc2c1,0.0,0.0,,,1.0,0.0,0.0,,0.0,,0.0,0.0
MOL_06736,CO[Si](CCCNc1ccccc1)(OC)OC,0.0,0.0,0.0,0.0,0.0,0.0,0.0,,0.0,,0.0,0.0
MOL_06737,C#CCN(C)Cc1ccccc1,0.0,0.0,0.0,0.0,0.0,0.0,0.0,0.0,0.0,0.0,0.0,0.0
MOL_06738,CN1C(=O)CC(c2ccccc2)C1=O,0.0,0.0,0.0,0.0,,0.0,0.0,0.0,0.0,0.0,0.0,0.0
MOL_06739,NC(Cc1ccccc1)C(=O)O,0.0,0.0,0.0,,,0.0,0.0,,0.0,,0.0,0.0
MOL_06740,Cc1ccc(N(CC2=NCCN2)c2cccc(O)c2)cc1,0.0,0.0,0.0,0.0,,0.0,0.0,,0.0,0.0,,
MOL_06741,CCCCCC,0.0,0.0,0.0,0.0,0.0,0.0,0.0,0.0,0.0,0.0,0.0,0.0
MOL_06742,CCCCCC(C)=O,0.0,0.0,0.0,0.0,0.0,0.0,0.0,0.0,0.0,1.0,0.0,0.0
MOL_06743,CCOC(=O)CCCCCCCCC(=O)OCC,0.0,0.0,0.0,0.0,,0.0,0.0,0.0,0.0,0.0,0.0,0.0
MOL_06744,CC(=O)CCC(C)C,0.0,0.0,0.0,0.0,0.0,0.0,0.0,0.0,0.0,0.0,0.0,0.0
MOL_06745,CC1(C)COP(Oc2ccccc2)OC1,0.0,0.0,0.0,,0.0,0.0,0.0,0.0,0.0,0.0,0.0,0.0
MOL_06746,O=C([O-])CN(CCN(CC(=O)[O-])CC(=O)[O-])CC(=O)[O-].[Fe+3],0.0,0.0,0.0,0.0,0.0,0.0,0.0,1.0,0.0,0.0,0.0,0.0
MOL_06747,CCCCCCC(C)Nc1ccc(Nc2ccccc2)cc1,0.0,0.0,,,,0.0,,,0.0,,1.0,
MOL_06748,C=CC(=O)NC(C)(C)CS(=O)(=O)O,0.0,0.0,0.0,0.0,0.0,0.0,0.0,0.0,0.0,1.0,0.0,0.0
MOL_06749,C=CC(=O)OCC(CC)(COC(=O)C=C)COC(=O)C=C,0.0,,,,,1.0,,1.0,1.0,,1.0,
MOL_06750,CC(CN)CCCN,0.0,0.0,0.0,0.0,,0.0,0.0,0.0,0.0,0.0,0.0,0.0
MOL_06751,CN(C)[C@@H]1C(O)=C(C(N)=O)C(=O)[C@@]2(O)C(O)=C3C(=O)c4c(O)cccc4[C@@](C)(O)[C@H]3C[C@@H]12,0.0,0.0,0.0,0.0,0.0,0.0,0.0,0.0,0.0,0.0,,0.0
MOL_06752,C[C@]12CC[C@H]3[C@@H](CCC4=CC(=O)C=C[C@@]43C)[C@@H]1CCC(=O)O2,1.0,0.0,0.0,,1.0,1.0,0.0,,0.0,,0.0,0.0
MOL_06753,CN(C/C=C/C#CC(C)(C)C)Cc1cccc2ccccc12,0.0,0.0,0.0,0.0,0.0,0.0,0.0,,0.0,0.0,0.0,0.0
MOL_06754,CC1(O)CCC(C(C)(C)O)CC1,0.0,0.0,0.0,0.0,0.0,0.0,0.0,,0.0,,0.0,0.0
MOL_06755,CC(C)(C)c1ccc(C(O)CCCN2CCC(C(O)(c3ccccc3)c3ccccc3)CC2)cc1,0.0,0.0,0.0,0.0,0.0,0.0,0.0,,0.0,,,
MOL_06756,OCCOc1cccc(OCCO)c1,0.0,0.0,0.0,0.0,0.0,0.0,0.0,0.0,0.0,0.0,0.0,0.0
MOL_06757,O=C1c2ccccc2C(=O)C1c1nc2ccccc2c(Br)c1O,0.0,0.0,1.0,0.0,0.0,0.0,0.0,1.0,1.0,0.0,1.0,0.0
MOL_06758,O=[N+]([O-])O[Cd]O[N+](=O)[O-],0.0,,0.0,,0.0,,,,1.0,1.0,0.0,
MOL_06759,CC(=O)OCCc1ccccc1,0.0,0.0,0.0,0.0,0.0,0.0,0.0,0.0,0.0,0.0,0.0,0.0
MOL_06760,CNCCCC12CCC(c3ccccc31)c1ccccc12,0.0,0.0,0.0,,0.0,0.0,,0.0,0.0,0.0,,0.0
MOL_06761,CC(C)N1C(=O)c2ccccc2C1=O,0.0,0.0,0.0,0.0,0.0,0.0,0.0,0.0,0.0,0.0,0.0,0.0
MOL_06762,CCCCN(CCCCO)N=O,0.0,0.0,0.0,0.0,0.0,0.0,0.0,0.0,0.0,0.0,0.0,0.0
MOL_06763,CC(C)(C)c1cc(CO)cc(C(C)(C)C)c1O,0.0,0.0,0.0,,,0.0,0.0,1.0,0.0,0.0,1.0,0.0
MOL_06764,Cc1ccc(O)c(C(C)(C)C)c1,0.0,0.0,0.0,,0.0,0.0,0.0,0.0,0.0,,,
MOL_06765,CCCCN(N=O)C(=N)N[N+](=O)[O-],0.0,0.0,0.0,,,0.0,0.0,,0.0,1.0,0.0,1.0
MOL_06766,COc1ccc(O)c(C(C)(C)C)c1,0.0,0.0,0.0,0.0,0.0,0.0,0.0,0.0,0.0,0.0,1.0,0.0
MOL_06767,Cc1cc(C(C)(C)C)c(O)c(C(C)(C)C)c1,0.0,0.0,0.0,0.0,0.0,0.0,0.0,0.0,0.0,0.0,1.0,0.0
MOL_06768,COC(=O)C1CC(=O)C(C(=O)OC)CC1=O,0.0,0.0,0.0,0.0,0.0,0.0,0.0,0.0,0.0,,0.0,0.0
MOL_06769,CC(Cl)COP(=O)(OCC(C)Cl)OCC(C)Cl,0.0,0.0,0.0,0.0,0.0,0.0,0.0,0.0,0.0,0.0,0.0,0.0
MOL_06770,O=C(O)Cc1ccc(Cl)cc1Cl,0.0,0.0,0.0,0.0,0.0,0.0,0.0,0.0,0.0,0.0,0.0,0.0
MOL_06771,OCc1ccc(Cl)cc1Cl,0.0,0.0,0.0,0.0,0.0,0.0,0.0,0.0,0.0,0.0,0.0,0.0
MOL_06772,Nc1c(Cl)cc(Cl)cc1[N+](=O)[O-],0.0,0.0,,1.0,0.0,0.0,0.0,1.0,0.0,0.0,0.0,0.0
MOL_06773,N#CSc1ccc([N+](=O)[O-])cc1[N+](=O)[O-],0.0,,0.0,,,1.0,,,0.0,1.0,1.0,
MOL_06774,COc1ccc([N+](=O)[O-])cc1[N+](=O)[O-],0.0,0.0,0.0,0.0,0.0,0.0,0.0,0.0,0.0,0.0,0.0,0.0
MOL_06775,C[N+](C)(C)CC1CO1,0.0,0.0,0.0,0.0,0.0,0.0,0.0,0.0,0.0,0.0,0.0,0.0
MOL_06776,CCC1(C)NC(=O)NC1=O,0.0,0.0,0.0,0.0,0.0,0.0,0.0,0.0,0.0,0.0,0.0,0.0
MOL_06777,CCCCCCCCN1C=CN(C)C1,0.0,0.0,0.0,,,0.0,0.0,0.0,0.0,0.0,,
MOL_06778,CCC[N+]1(C)CCCCC1.O=S(=O)([N-]S(=O)(=O)C(F)(F)F)C(F)(F)F,0.0,0.0,0.0,0.0,0.0,0.0,0.0,0.0,0.0,0.0,,0.0
MOL_06779,CCOC(=O)C(Cl)C(C)=O,0.0,0.0,0.0,0.0,0.0,0.0,0.0,0.0,0.0,0.0,0.0,0.0
MOL_06780,O=C1Nc2ccc([N+](=O)[O-])cc2C1=O,0.0,0.0,1.0,0.0,0.0,0.0,0.0,,0.0,0.0,1.0,
MOL_06781,O=c1[nH]c2ccccc2o1,0.0,0.0,0.0,0.0,0.0,0.0,0.0,0.0,0.0,0.0,0.0,0.0
MOL_06782,CCCC[n+]1cccc(C)c1.F[B-](F)(F)F,0.0,0.0,0.0,0.0,0.0,0.0,0.0,0.0,0.0,0.0,0.0,0.0
MOL_06783,COC(=O)C(C)=O,0.0,0.0,0.0,0.0,0.0,0.0,0.0,0.0,0.0,0.0,,0.0
MOL_06784,CCOC(=O)c1ccc(N)cc1,0.0,0.0,,,,0.0,0.0,0.0,0.0,0.0,0.0,0.0
MOL_06785,CC(=O)OCC(COC(C)=O)OC(C)=O,0.0,0.0,1.0,0.0,1.0,0.0,0.0,0.0,0.0,0.0,0.0,0.0
MOL_06786,CCCCC(CC)COC(C)=O,0.0,0.0,0.0,0.0,1.0,0.0,0.0,0.0,0.0,0.0,0.0,0.0
MOL_06787,CCCCC(CC)COC(=O)CCCCCCCC(=O)OCC(CC)CCCC,0.0,0.0,0.0,0.0,0.0,0.0,0.0,0.0,0.0,0.0,0.0,0.0
MOL_06788,C1CN(SSN2CCOCC2)CCO1,0.0,0.0,0.0,,0.0,0.0,0.0,0.0,0.0,1.0,,0.0
MOL_06789,CC(COc1ccccc1)NC(C)C(O)c1ccc(O)cc1,0.0,0.0,0.0,0.0,0.0,0.0,0.0,0.0,0.0,0.0,0.0,0.0
MOL_06790,CC(=O)C=Cc1ccc2c(c1)OCO2,0.0,0.0,1.0,,0.0,0.0,0.0,,0.0,,0.0,
MOL_06791,O=Cc1ccc2c(c1)OCO2,,,0.0,0.0,0.0,0.0,0.0,0.0,0.0,0.0,0.0,0.0
MOL_06792,CC(=O)OCc1ccc2c(c1)OCO2,0.0,0.0,0.0,0.0,0.0,0.0,0.0,0.0,0.0,0.0,0.0,0.0
MOL_06793,CC1CCC2CC1C2(C)C,0.0,0.0,0.0,0.0,1.0,0.0,0.0,0.0,0.0,0.0,0.0,0.0
MOL_06794,CCNCC(O)c1cccc(O)c1,0.0,0.0,0.0,0.0,0.0,0.0,0.0,,0.0,,0.0,0.0
MOL_06795,Cc1ccc(O)c([N+](=O)[O-])c1,0.0,0.0,0.0,0.0,0.0,0.0,0.0,0.0,0.0,0.0,0.0,0.0
MOL_06796,O=C(OCCOCCOC(=O)c1ccccc1)c1ccccc1,0.0,0.0,0.0,0.0,0.0,0.0,0.0,0.0,0.0,0.0,0.0,0.0
MOL_06797,CC(CNC1CCCCC1)OC(=O)c1ccccc1,0.0,0.0,0.0,0.0,0.0,0.0,0.0,0.0,0.0,0.0,,0.0
MOL_06798,Cc1cc(C)c(NC(=O)C[C@H](CC(=O)[O-])c2cccc3ccccc23)c(C(=O)N2CCC3(CCCC3)CC2)c1,0.0,0.0,0.0,0.0,1.0,0.0,,,0.0,,,0.0
MOL_06799,O=C(NC(=O)c1c(F)cccc1F)Nc1cc(Cl)c(F)c(Cl)c1F,0.0,0.0,,0.0,0.0,0.0,0.0,0.0,0.0,0.0,0.0,0.0
MOL_06800,CC(=O)CC(=O)Nc1ccccc1C,0.0,0.0,0.0,0.0,0.0,0.0,0.0,0.0,0.0,0.0,0.0,0.0
MOL_06801,N[C@@H](COP(=O)(O)O)C(=O)O,0.0,0.0,,0.0,0.0,0.0,0.0,0.0,0.0,0.0,0.0,0.0
MOL_06802,C[C@H](N)[C@H](O)c1ccc(O)c(O)c1,,,,,,,,0.0,,0.0,,
MOL_06803,COCC(=O)O,0.0,0.0,0.0,0.0,0.0,0.0,0.0,0.0,0.0,0.0,0.0,0.0
MOL_06804,CC(C)c1ncc([N+](=O)[O-])n1C,0.0,0.0,0.0,0.0,0.0,,0.0,,0.0,,0.0,0.0
MOL_06805,CBr.CCN(CC)CCOC(=O)C(O)(c1ccccc1)c1ccccc1,0.0,0.0,0.0,0.0,0.0,0.0,0.0,,0.0,,0.0,0.0
MOL_06806,CN/C(=N\C#N)NCCSCc1csc(N=C(N)N)n1,0.0,0.0,,0.0,0.0,0.0,0.0,0.0,0.0,0.0,0.0,0.0
MOL_06807,ClCc1ccccc1.O=C1C[C@@H]2OCC=C3CN4CC[C@]56c7ccccc7N1[C@H]5[C@H]2[C@H]3C[C@H]46,0.0,0.0,0.0,0.0,0.0,0.0,0.0,,0.0,,0.0,0.0
MOL_06808,O=C(O)c1cc2ccccc2cc1O,0.0,0.0,1.0,,1.0,1.0,0.0,0.0,0.0,0.0,,0.0
MOL_06809,CNC(C)C(O)c1ccc(O)cc1,0.0,0.0,0.0,0.0,0.0,0.0,0.0,,0.0,,0.0,0.0
MOL_06810,NC(=O)CC[C@@H](N)C(=O)O,0.0,0.0,0.0,0.0,0.0,0.0,0.0,0.0,0.0,0.0,0.0,0.0
MOL_06811,CCCCCCCCCCCCCC[n+]1ccc(C)cc1,0.0,,0.0,,,0.0,,,,,1.0,
MOL_06812,CC(C)C[C@@H](N)C(=O)O,0.0,0.0,0.0,0.0,0.0,0.0,0.0,0.0,0.0,0.0,0.0,0.0
MOL_06813,O=[N+]([O-])c1ccc(F)cc1F,,0.0,0.0,0.0,0.0,0.0,0.0,,0.0,0.0,0.0,0.0
MOL_06814,NNC(N)=S,0.0,0.0,1.0,0.0,0.0,0.0,0.0,,0.0,1.0,0.0,0.0
MOL_06815,C=CC(=O)OCC1CCCO1,0.0,0.0,0.0,0.0,0.0,0.0,0.0,,0.0,0.0,0.0,0.0
MOL_06816,O=C(N=NC(=O)OCc1ccccc1)OCc1ccccc1,0.0,0.0,1.0,,,0.0,0.0,0.0,0.0,0.0,,0.0
MOL_06817,O=C1OC(=O)c2cc(-c3ccc4c(c3)C(=O)OC4=O)ccc21,0.0,0.0,0.0,,0.0,0.0,0.0,0.0,0.0,1.0,0.0,0.0
MOL_06818,COC(=O)NCCC[Si](OC)(OC)OC,0.0,0.0,0.0,0.0,0.0,0.0,0.0,1.0,0.0,,0.0,0.0
MOL_06819,CCCOCCOCCOCCO,0.0,0.0,0.0,0.0,0.0,0.0,0.0,0.0,0.0,0.0,0.0,0.0
MOL_06820,CCCCS(=O)(=O)Cl,0.0,0.0,0.0,0.0,0.0,0.0,0.0,0.0,0.0,0.0,0.0,0.0
MOL_06821,C=C(C)C(=O)OCCOCCOC(=O)C(=C)C,0.0,0.0,0.0,,0.0,0.0,0.0,0.0,0.0,0.0,0.0,0.0
MOL_06822,CCCCC(CC)C(=O)[O-].CCCCC(CC)C(=O)[O-].[Ba+2],0.0,0.0,0.0,0.0,0.0,0.0,0.0,0.0,0.0,0.0,1.0,0.0
MOL_06823,NC(N)=S,0.0,0.0,1.0,0.0,0.0,0.0,0.0,0.0,0.0,0.0,0.0,0.0
MOL_06824,CCC(C)(O)CCCC(C)C,0.0,0.0,0.0,0.0,0.0,0.0,0.0,0.0,0.0,0.0,0.0,0.0
MOL_06825,c1ccc(-c2cccc(-c3ccccc3)c2)cc1,0.0,0.0,1.0,,1.0,0.0,0.0,1.0,0.0,0.0,1.0,0.0
MOL_06826,Cc1cc(Cl)ccc1OCCCC(=O)O,0.0,0.0,0.0,,0.0,0.0,0.0,0.0,0.0,0.0,0.0,0.0
MOL_06827,Cc1cc(Cl)ccc1OC(C)C(=O)O,0.0,0.0,0.0,0.0,0.0,0.0,0.0,0.0,0.0,0.0,0.0,0.0
MOL_06828,Cc1cc(Cl)ccc1OCC(=O)O,0.0,0.0,0.0,0.0,0.0,0.0,,0.0,0.0,0.0,0.0,0.0
MOL_06829,O=C=Nc1ccc(Cc2ccc(N=C=O)cc2)cc1,0.0,0.0,0.0,0.0,0.0,0.0,0.0,0.0,0.0,0.0,0.0,0.0
MOL_06830,CCC1(c2ccccc2)C(=O)NC(=O)NC1=O,0.0,0.0,0.0,0.0,0.0,0.0,0.0,0.0,0.0,0.0,0.0,0.0
MOL_06831,CCC1(c2ccccc2)C(=O)N=C([O-])NC1=O,0.0,0.0,0.0,0.0,0.0,0.0,0.0,0.0,0.0,0.0,0.0,0.0
MOL_06832,S=C=NCCc1ccccc1,0.0,,1.0,,1.0,0.0,0.0,,0.0,1.0,,
MOL_06833,C=CCOC(=O)c1ccccc1N,0.0,0.0,0.0,0.0,0.0,0.0,0.0,,0.0,0.0,0.0,0.0
MOL_06834,c1ccc2c(c1)Nc1ccccc1S2,0.0,0.0,0.0,0.0,1.0,0.0,0.0,0.0,0.0,0.0,1.0,0.0
MOL_06835,Oc1ccccc1,0.0,0.0,0.0,0.0,0.0,0.0,0.0,0.0,0.0,0.0,0.0,0.0
MOL_06836,O=C1OC(c2ccc(O)cc2)(c2ccc(O)cc2)c2ccccc21,0.0,0.0,1.0,0.0,1.0,1.0,,1.0,0.0,0.0,1.0,0.0
MOL_06837,COc1ccc(CCC(=O)c2c(O)cc(O[C@@H]3O[C@H](CO)[C@@H](O)[C@H](O)[C@H]3O[C@@H]3O[C@@H](C)[C@H](O)[C@@H](O)[C@H]3O)cc2O)cc1O,0.0,0.0,0.0,0.0,0.0,0.0,0.0,0.0,0.0,0.0,0.0,0.0
MOL_06838,CN(C)N=Nc1ccccc1,0.0,0.0,0.0,0.0,0.0,0.0,0.0,0.0,0.0,0.0,0.0,0.0
MOL_06839,S=C=Nc1ccccc1,0.0,0.0,,0.0,0.0,0.0,0.0,1.0,0.0,,1.0,0.0
MOL_06840,CC(=O)OC(C)OC(C)=O,0.0,0.0,0.0,0.0,0.0,0.0,0.0,0.0,0.0,0.0,0.0,0.0
MOL_06841,C/C=C1\C(=O)C[C@H]2[C@@H]3CCC4=CC(=O)CC[C@]4(C)[C@H]3CC[C@]12C,0.0,0.0,0.0,,,0.0,,1.0,0.0,0.0,,
MOL_06842,C/C=C1/C(=O)C[C@H]2[C@@H]3CCC4=CC(=O)CC[C@]4(C)[C@H]3CC[C@]12C,0.0,0.0,0.0,,1.0,0.0,,1.0,0.0,1.0,0.0,1.0
MOL_06843,CC(C)Cc1ccccc1,0.0,0.0,0.0,0.0,0.0,0.0,0.0,0.0,0.0,0.0,0.0,0.0
MOL_06844,CCOC(=O)Cl,0.0,0.0,0.0,0.0,0.0,0.0,0.0,0.0,0.0,0.0,0.0,0.0
MOL_06845,C[Si]1(C)O[Si](C)(C)O[Si](C)(C)O[Si](C)(C)O[Si](C)(C)O1,0.0,0.0,0.0,0.0,0.0,0.0,0.0,0.0,0.0,0.0,0.0,0.0
MOL_06846,C[Si]1(C)O[Si](C)(C)O[Si](C)(C)O1,0.0,0.0,0.0,0.0,0.0,0.0,0.0,0.0,0.0,0.0,0.0,0.0
MOL_06847,c1ccc2cc3ccccc3cc2c1,0.0,0.0,,,,0.0,0.0,0.0,0.0,0.0,1.0,0.0
MOL_06848,CCOC(=O)[C@H](CCc1ccccc1)N[C@@H](C)C(=O)N1Cc2cc(OC)c(OC)cc2C[C@H]1C(=O)O,0.0,0.0,1.0,0.0,0.0,0.0,0.0,0.0,0.0,0.0,0.0,0.0
MOL_06849,CNCC[C@@H](Oc1ccccc1C)c1ccccc1,0.0,0.0,0.0,0.0,0.0,0.0,,,0.0,0.0,0.0,0.0
MOL_06850,O=C(O)COCCN1CCN(C(c2ccccc2)c2ccc(Cl)cc2)CC1,0.0,0.0,0.0,0.0,0.0,0.0,0.0,1.0,0.0,0.0,0.0,0.0
MOL_06851,Nc1ccncc1,0.0,0.0,0.0,0.0,0.0,0.0,0.0,0.0,0.0,0.0,0.0,0.0
MOL_06852,Cc1ccc(/N=C/N(C)/C=N/c2ccc(C)cc2C)c(C)c1,0.0,0.0,1.0,,0.0,0.0,0.0,0.0,0.0,0.0,1.0,0.0
MOL_06853,NS(=O)(=O)[O-],0.0,0.0,0.0,0.0,0.0,0.0,0.0,0.0,0.0,0.0,0.0,0.0
MOL_06854,COCCl,0.0,0.0,0.0,0.0,0.0,0.0,0.0,0.0,0.0,0.0,0.0,0.0
MOL_06855,O=C(CCCN1CCC(O)(c2ccc(Br)cc2)CC1)c1ccc(F)cc1,0.0,0.0,0.0,0.0,0.0,0.0,0.0,0.0,0.0,0.0,0.0,0.0
MOL_06856,Cc1nnc2n1-c1sc(Br)cc1C(c1ccccc1Cl)=NC2,0.0,0.0,0.0,,,0.0,0.0,,1.0,,,0.0
MOL_06857,CCCCNc1cc(C(=O)O)cc(S(N)(=O)=O)c1Oc1ccccc1,0.0,0.0,0.0,0.0,0.0,0.0,0.0,0.0,0.0,0.0,0.0,0.0
MOL_06858,C[N+](C)(C)CCCl,0.0,0.0,0.0,0.0,0.0,,0.0,,0.0,0.0,0.0,0.0
MOL_06859,CC(C)(C)c1ccc(-c2ccc(C(C)(C)C)cc2)cc1,0.0,0.0,0.0,0.0,0.0,0.0,0.0,0.0,0.0,0.0,,0.0
MOL_06860,CCCCCCC(=O)c1ccccc1,0.0,0.0,0.0,,,0.0,0.0,0.0,0.0,0.0,0.0,0.0
MOL_06861,CCC(C)(C)C1CCC(OC)CC1,0.0,0.0,0.0,,0.0,0.0,,0.0,0.0,0.0,0.0,0.0
MOL_06862,Cc1ccc(S)cc1,0.0,0.0,0.0,0.0,0.0,0.0,0.0,0.0,0.0,,0.0,0.0
MOL_06863,O=C(O)Cc1cc(I)c(Oc2cc(I)c(O)c(I)c2)c(I)c1,0.0,0.0,0.0,,,0.0,,1.0,0.0,,1.0,
MOL_06864,CCc1cc(Cc2cc(CC)c(N)c(CC)c2)cc(CC)c1N,0.0,0.0,1.0,,,0.0,0.0,,0.0,,,
MOL_06865,CCCCc1ccc(Cl)cc1,0.0,0.0,,0.0,0.0,0.0,0.0,0.0,0.0,0.0,0.0,0.0
MOL_06866,CCCCCCCCCCCCOC(=O)c1cc(O)c(O)c(O)c1,0.0,,0.0,,,,,,0.0,,1.0,1.0
MOL_06867,COC(=O)[C@]1(C)CCC[C@]2(C)[C@H]3CCC(C(C)C)=CC3=CC[C@@H]12,0.0,0.0,1.0,0.0,0.0,0.0,0.0,,0.0,0.0,1.0,0.0
MOL_06868,C[C@H](CS)C(=O)N1CCC[C@H]1C(=O)O,,,,,,,,0.0,,0.0,,
MOL_06869,ClC(Cl)(Cl)c1ccc(C(Cl)(Cl)Cl)cc1,0.0,0.0,,0.0,0.0,0.0,0.0,0.0,0.0,0.0,,0.0
MOL_06870,O=C(O)c1ccccc1O,0.0,0.0,0.0,0.0,0.0,0.0,0.0,0.0,0.0,0.0,0.0,0.0
MOL_06871,CCOP(=S)(OCC)SCCl,0.0,0.0,0.0,,0.0,0.0,0.0,0.0,0.0,0.0,0.0,0.0
MOL_06872,CCNS(=O)(=O)c1ccc(C)cc1,0.0,0.0,0.0,0.0,0.0,0.0,0.0,0.0,0.0,0.0,0.0,0.0
MOL_06873,CCN1CCOCC1,0.0,0.0,0.0,0.0,0.0,0.0,0.0,0.0,0.0,0.0,0.0,0.0
MOL_06874,CCN(Cc1ccccc1)c1ccccc1,0.0,0.0,0.0,0.0,0.0,0.0,0.0,0.0,0.0,0.0,,0.0
MOL_06875,C[C@]12C[C@H](O)[C@H]3[C@@H](CCC4=CC(=O)CC[C@@]43C)[C@@H]1CC[C@@H]2C(=O)CO,1.0,1.0,0.0,,0.0,0.0,0.0,1.0,0.0,0.0,0.0,0.0
MOL_06876,CCc1ccccc1O,0.0,0.0,0.0,0.0,0.0,0.0,0.0,0.0,0.0,0.0,0.0,0.0
MOL_06877,C=CC(=O)CC,0.0,0.0,0.0,0.0,0.0,0.0,0.0,0.0,0.0,0.0,,0.0
MOL_06878,CCC1(c2ccccc2)C(=O)NC(=O)N(C)C1=O,1.0,0.0,0.0,0.0,0.0,0.0,0.0,,0.0,,0.0,0.0
MOL_06879,Cc1ccccc1OCC(O)CO,0.0,0.0,0.0,0.0,1.0,,0.0,0.0,0.0,0.0,0.0,0.0
MOL_06880,COc1ccccc1OCC1CNC(=O)O1,0.0,0.0,0.0,0.0,0.0,0.0,0.0,0.0,0.0,0.0,0.0,0.0
MOL_06881,C[N+]1(C)CCCC(OC(=O)C(O)(c2ccccc2)c2ccccc2)C1,,0.0,0.0,,,0.0,0.0,0.0,0.0,0.0,0.0,0.0
MOL_06882,CC(C)[C@H](C(=O)O[C@H](C#N)c1cccc(Oc2ccccc2)c1)c1ccc(Cl)cc1,0.0,0.0,0.0,0.0,0.0,0.0,0.0,0.0,0.0,,,0.0
MOL_06883,CC(CC(C#N)(c1ccccc1)c1ccccc1)N(C)C,0.0,0.0,0.0,0.0,0.0,0.0,,0.0,0.0,0.0,,0.0
MOL_06884,CCC(=O)O[C@H]1CC[C@H]2[C@@H]3CCC4=CC(=O)CC[C@]4(C)[C@H]3CC[C@]12C,1.0,1.0,0.0,,1.0,1.0,0.0,,0.0,0.0,0.0,0.0
MOL_06885,CC1=C(/C=C/C(C)=C/C=C\C(C)=C\C(=O)Nc2ccc(O)cc2)C(C)(C)CCC1,0.0,0.0,0.0,,,0.0,,,,,1.0,
MOL_06886,Nc1nc(N)c(N)c(N)n1,,0.0,,,0.0,0.0,0.0,,0.0,0.0,1.0,0.0
MOL_06887,N=C(N)NCCC[C@H](N)C(=O)O,,,,,,,,0.0,,0.0,,
MOL_06888,CC[Ge](Cl)(CC)CC,0.0,0.0,0.0,0.0,1.0,0.0,0.0,0.0,0.0,0.0,0.0,0.0
MOL_06889,CCN1C=CN(C)C1C,0.0,0.0,0.0,0.0,0.0,0.0,0.0,0.0,0.0,0.0,0.0,0.0
MOL_06890,CCCC[N+]1(C)CCCCC1.O=S(=O)([O-])C(F)(F)F,0.0,0.0,0.0,0.0,1.0,0.0,0.0,0.0,0.0,0.0,0.0,0.0
MOL_06891,O=Cc1cccc([N+](=O)[O-])c1,0.0,0.0,0.0,0.0,0.0,0.0,0.0,0.0,0.0,0.0,0.0,0.0
MOL_06892,Cc1c(C)n(Cc2ccccc2)c2ccc(C(=O)OCCN(C)C)cc12,0.0,0.0,1.0,0.0,0.0,0.0,0.0,,0.0,0.0,,0.0
MOL_06893,C[C@@H](CSC(=O)c1ccccc1)C(=O)N1C[C@@H](Sc2ccccc2)C[C@H]1C(=O)O,0.0,0.0,0.0,0.0,0.0,0.0,0.0,0.0,0.0,0.0,0.0,0.0
MOL_06894,CO/N=C(\C(=O)N[C@@H]1C(=O)N2C(C(=O)[O-])=CCS[C@H]12)c1csc(N)n1,0.0,0.0,0.0,0.0,0.0,0.0,0.0,,0.0,,0.0,0.0
MOL_06895,CCc1oc2ccccc2c1C(=O)c1cc(I)c(O)c(I)c1,0.0,0.0,0.0,,,0.0,1.0,,,1.0,1.0,1.0
MOL_06896,CCC[N+]1(C)CCCC1.O=S(=O)([O-])C(F)(F)F,0.0,0.0,0.0,0.0,0.0,0.0,0.0,0.0,0.0,0.0,0.0,0.0
MOL_06897,CCN(CC)CCOc1ccccc1OC,0.0,0.0,0.0,0.0,0.0,0.0,0.0,,0.0,,0.0,0.0
MOL_06898,CCC1(c2ccccc2)C(=O)NC(=O)N(C(=O)c2ccccc2)C1=O,0.0,0.0,0.0,0.0,0.0,0.0,0.0,,0.0,,1.0,0.0
MOL_06899,C=C1/C(=C\C=C2/CCC[C@@]3(C)[C@H]2CC[C@@H]3[C@H](C)/C=C/[C@@H](O)C2CC2)C[C@@H](O)C[C@@H]1O,0.0,,0.0,0.0,0.0,0.0,,1.0,0.0,1.0,1.0,
MOL_06900,COP(=O)(OC)OC(Br)C(Cl)(Cl)Br,0.0,1.0,0.0,,0.0,1.0,1.0,1.0,1.0,0.0,0.0,1.0
MOL_06901,N#CC(C#N)=NNc1cccc(Cl)c1,0.0,,0.0,1.0,,,,,,1.0,1.0,
MOL_06902,Cc1cccc(O)c1,0.0,0.0,0.0,0.0,0.0,0.0,0.0,0.0,0.0,0.0,0.0,0.0
MOL_06903,CSc1nnc(C(C)(C)C)c(=O)n1N,0.0,0.0,0.0,0.0,0.0,0.0,0.0,0.0,0.0,0.0,0.0,0.0
MOL_06904,CCSC(=O)N1CCCCCC1,0.0,0.0,0.0,0.0,0.0,0.0,0.0,0.0,0.0,0.0,0.0,0.0
MOL_06905,CCO,0.0,0.0,0.0,0.0,0.0,0.0,0.0,0.0,0.0,0.0,0.0,0.0
MOL_06906,CC(C)=CCC/C(C)=C/COC=O,0.0,0.0,0.0,0.0,0.0,0.0,0.0,0.0,0.0,0.0,0.0,0.0
MOL_06907,CN(C)C(=O)NC1(c2ccccc2)CCN(CCC[C@@]2(c3ccc(Cl)c(Cl)c3)CCCN(C(=O)c3ccccc3)C2)CC1,0.0,0.0,0.0,,0.0,0.0,0.0,,0.0,0.0,,0.0
MOL_06908,CCN(CC)CCNc1ccc(CNC=O)c2sc3ccc(OC)cc3c(=O)c12,0.0,1.0,1.0,,1.0,1.0,,,1.0,0.0,,1.0
MOL_06909,N#C[C@@H]1CC(F)(F)CN1C(=O)CNC1CC2CCC(C1)N2c1ncccn1,0.0,0.0,0.0,0.0,0.0,0.0,0.0,0.0,0.0,,,0.0
MOL_06910,CC(C)(CO)C(O)C(=O)NCCCO,0.0,0.0,0.0,0.0,0.0,0.0,,0.0,0.0,0.0,0.0,0.0
MOL_06911,CCOP(=O)(Cl)Cl,0.0,0.0,0.0,0.0,0.0,0.0,0.0,0.0,0.0,0.0,0.0,0.0
MOL_06912,CCCC[Sn](Cl)(CCCC)CCCC,0.0,,0.0,,,,1.0,1.0,0.0,,1.0,
MOL_06913,COC(=O)c1cccc(C(=O)OC)c1,0.0,0.0,0.0,0.0,0.0,0.0,0.0,0.0,0.0,0.0,0.0,0.0
MOL_06914,COC(C)(OC)OC,0.0,0.0,0.0,0.0,0.0,0.0,0.0,0.0,0.0,0.0,,0.0
MOL_06915,CC(C)CCC[C@@H](C)[C@H]1CC(=O)C2=C3CC[C@H]4C[C@@H](O)CC[C@]4(C)[C@H]3CC[C@@]21C,0.0,0.0,0.0,0.0,0.0,0.0,0.0,,0.0,,0.0,0.0
MOL_06916,CCOCC(=O)O,0.0,0.0,0.0,0.0,0.0,0.0,0.0,0.0,0.0,0.0,0.0,0.0
MOL_06917,CC(=O)C1(C)CC2=C(CCCC2(C)C)CC1C,0.0,0.0,0.0,0.0,0.0,0.0,0.0,0.0,0.0,0.0,1.0,0.0
MOL_06918,O=C1OC(OC(=O)c2cccnc2Nc2cccc(C(F)(F)F)c2)c2ccccc21,0.0,,0.0,0.0,0.0,0.0,0.0,,0.0,0.0,1.0,0.0
MOL_06919,CCCCCCCCCOC(=O)CCCCC(=O)OCCCCCCC,0.0,0.0,0.0,0.0,0.0,0.0,0.0,,0.0,0.0,0.0,0.0
MOL_06920,Cc1cc(CCCOc2c(C)cc(-c3noc(C(F)(F)F)n3)cc2C)on1,,,,,,,,0.0,,0.0,,
MOL_06921,CC(C(=O)c1ccccc1)N(C)C,,,,,,,,0.0,,0.0,,
MOL_06922,CCCC(=O)OCc1ccccc1,0.0,0.0,0.0,0.0,0.0,0.0,0.0,0.0,0.0,0.0,0.0,0.0
MOL_06923,CCCCCCCCCCCCCCCC(=O)OCC,0.0,0.0,0.0,0.0,0.0,0.0,0.0,0.0,0.0,0.0,0.0,0.0
MOL_06924,CC1CCCCN1CCCOC(=O)c1ccc(OC2CCCCC2)cc1,,,,,,,,0.0,,0.0,,
MOL_06925,Cc1oc(-c2ccccc2)nc1CCC(=O)c1ccc(CC2SC(=O)NC2=O)cc1,,,,,,,,1.0,,0.0,,
MOL_06926,Cc1ccccc1C(=O)Nc1ccc(C(=O)N2CCCC(N(C)C)c3ccccc32)cc1,,,,,,,,0.0,,0.0,,
MOL_06927,O=S1(=O)c2cccc3cccc(c23)N1CCCN1CCN(c2ccc(F)cc2)CC1,0.0,0.0,0.0,0.0,,0.0,0.0,1.0,0.0,0.0,,
MOL_06928,CC(C)(Oc1ccc(Cl)cc1)C(=O)OCCCOC(=O)C(C)(C)Oc1ccc(Cl)cc1,,,,,,,,0.0,,0.0,,
MOL_06929,CC(C)C(=O)OCc1cccc(OC(=O)[C@@H]2N3C(=O)[C@@H](NC(=O)Cc4ccccc4)[C@H]3SC2(C)C)c1,,,,,,,,0.0,,0.0,,
MOL_06930,c1ccc([C@H]2CN3CCSC3=N2)cc1,0.0,0.0,0.0,0.0,1.0,,0.0,0.0,0.0,0.0,,0.0
MOL_06931,CCCCCCOC(=O)C(C)C,1.0,0.0,0.0,,0.0,0.0,0.0,0.0,0.0,0.0,0.0,0.0
MOL_06932,COC(C)(C)CC(C)=O,0.0,0.0,0.0,0.0,0.0,0.0,0.0,0.0,0.0,0.0,0.0,0.0
MOL_06933,CC(C)CCCCCCOC(=O)c1ccc(C(=O)OCCCCCCC(C)C)c(C(=O)OCCCCCCC(C)C)c1,0.0,0.0,0.0,0.0,0.0,0.0,0.0,0.0,0.0,0.0,0.0,0.0
MOL_06934,COc1ccccc1/C=C/C=O,0.0,0.0,0.0,,0.0,0.0,0.0,0.0,0.0,0.0,0.0,0.0
MOL_06935,CC1(C)CC(OC(=O)CCCCCCCCC(=O)OC2CC(C)(C)NC(C)(C)C2)CC(C)(C)N1,0.0,0.0,0.0,0.0,0.0,0.0,0.0,0.0,0.0,0.0,,0.0
MOL_06936,COc1ccc(C(=O)Nc2ccccc2)cc1[N+](=O)[O-],0.0,0.0,1.0,,1.0,0.0,0.0,,0.0,0.0,1.0,0.0
MOL_06937,CC1=NN(c2cc(S(=O)(=O)[O-])ccc2Cl)C(=O)C1/N=N/c1ccccc1,0.0,0.0,,0.0,0.0,0.0,0.0,0.0,0.0,0.0,0.0,0.0
MOL_06938,Cc1ccc(C)c(S(=O)(=O)O)c1,0.0,0.0,0.0,0.0,0.0,0.0,0.0,0.0,0.0,0.0,0.0,0.0
MOL_06939,O=Cc1ccccc1S(=O)(=O)[O-],0.0,0.0,0.0,0.0,0.0,0.0,0.0,0.0,0.0,0.0,0.0,0.0
MOL_06940,NCCCC(O)(P(=O)([O-])O)P(=O)(O)O,,,,,,,,0.0,,0.0,,
MOL_06941,COc1ccc2c3c1O[C@H]1C(=O)CC[C@H]4[C@@H](C2)N(C)CC[C@]314.COc1ccc2c3c1O[C@H]1C(=O)CC[C@H]4[C@@H](C2)N(C)CC[C@]314,0.0,0.0,0.0,0.0,0.0,0.0,0.0,,0.0,,0.0,0.0
MOL_06942,CN(C)CCOc1ccccc1Cc1ccccc1.O=C(O)CC(O)(CC(=O)O)C(=O)O,0.0,0.0,0.0,0.0,0.0,0.0,0.0,0.0,0.0,0.0,,0.0
MOL_06943,Cc1c(N)nc([C@H](CC(N)=O)NC[C@H](N)C(N)=O)nc1C(=O)N[C@H](C(=O)N[C@H](C)[C@@H](O)[C@H](C)C(=O)N[C@H](C(=O)NCCc1nc(-c2nc(C(=O)NCCCCNC(=N)N)cs2)cs1)[C@@H](C)O)[C@@H](O[C@@H]1O[C@@H](CO)[C@@H](O)[C@H](O)[C@@H]1O[C@H]1O[C@H](CO)[C@@H](O)[C@H](OC(N)=O)[C@@H]1O)c1cnc[nH]1,1.0,0.0,,,0.0,,0.0,,0.0,,0.0,1.0
MOL_06944,CC(=O)[C@]1(O)Cc2c(O)c3c(c(O)c2[C@@H](O[C@H]2C[C@H](N)[C@H](O)[C@H](C)O2)C1)C(=O)c1ccccc1C3=O,0.0,1.0,,1.0,,1.0,,1.0,1.0,0.0,1.0,1.0
MOL_06945,O=C(CCCN1CCC(O)(c2ccc(Cl)cc2)CC1)c1ccc(F)cc1,0.0,0.0,0.0,0.0,0.0,0.0,0.0,,0.0,0.0,,0.0
MOL_06946,c1ccc2c(c1)CCNC2,0.0,0.0,,0.0,0.0,0.0,0.0,0.0,0.0,0.0,0.0,0.0
MOL_06947,c1ccc2c(c1)CCCC2,0.0,0.0,0.0,0.0,0.0,0.0,0.0,0.0,0.0,0.0,0.0,0.0
MOL_06948,Cc1cc(C)c(C)c(C)c1,0.0,0.0,0.0,,0.0,0.0,0.0,0.0,0.0,0.0,,0.0
MOL_06949,COC(C)COC(C)COC(C)CO,0.0,0.0,1.0,0.0,0.0,0.0,0.0,0.0,0.0,0.0,0.0,0.0
MOL_06950,COC(=O)CCCC(=O)OC,0.0,0.0,0.0,0.0,0.0,0.0,0.0,0.0,0.0,0.0,0.0,0.0
MOL_06951,CCCCC(CC)COC(=O)c1ccc(N(C)C)cc1,0.0,0.0,1.0,0.0,0.0,0.0,0.0,0.0,0.0,0.0,1.0,0.0
MOL_06952,CCCCCC1C(=O)CCC1CC(=O)OC,0.0,0.0,0.0,0.0,0.0,0.0,0.0,0.0,0.0,0.0,0.0,0.0
MOL_06953,C=CCOc1c(Br)cc(C(C)(C)c2cc(Br)c(OCC=C)c(Br)c2)cc1Br,0.0,0.0,,0.0,0.0,0.0,0.0,1.0,0.0,0.0,0.0,0.0
MOL_06954,OCCOCC#CCOCCO,0.0,0.0,0.0,0.0,0.0,0.0,0.0,,0.0,0.0,,0.0
MOL_06955,NCCOCCN,0.0,0.0,0.0,0.0,0.0,0.0,0.0,0.0,0.0,0.0,,0.0
MOL_06956,CCCCOC(=O)C(=O)OCCCC,0.0,0.0,0.0,0.0,0.0,0.0,0.0,0.0,0.0,0.0,0.0,0.0
MOL_06957,OCCN(CCO)CCN(CCO)CCO,0.0,0.0,0.0,0.0,,0.0,0.0,0.0,0.0,0.0,0.0,0.0
MOL_06958,CCC1COC(Cn2cncn2)(c2ccc(Cl)cc2Cl)O1,0.0,0.0,1.0,1.0,0.0,0.0,0.0,0.0,0.0,0.0,,0.0
MOL_06959,CCCCCCC=O,0.0,0.0,0.0,0.0,0.0,0.0,0.0,0.0,0.0,0.0,0.0,0.0
MOL_06960,CCN1CCN(c2cc3c(cc2F)c(=O)c(C(=O)O)cn3C2CC2)CC1,0.0,0.0,0.0,0.0,0.0,0.0,0.0,0.0,0.0,0.0,,0.0
MOL_06961,CCCCN1C[C@H](O)[C@@H](O)[C@H](O)[C@H]1CO,0.0,0.0,0.0,0.0,0.0,0.0,0.0,0.0,0.0,0.0,0.0,0.0
MOL_06962,Fc1ccc(C(c2ccc(F)cc2)N2CCN(C/C=C/c3ccccc3)CC2)cc1,0.0,0.0,0.0,,0.0,0.0,,0.0,0.0,0.0,0.0,
MOL_06963,O=S(=O)(c1cccc2cnccc12)N1CCCNCC1,0.0,0.0,0.0,1.0,,0.0,0.0,,0.0,0.0,,0.0
MOL_06964,CN1C[C@H](C(=O)N[C@]2(C)O[C@@]3(O)[C@@H]4CCCN4C(=O)[C@H](Cc4ccccc4)N3C2=O)C[C@@H]2c3cccc4[nH]cc(c34)C[C@H]21,0.0,0.0,0.0,0.0,,0.0,,,,0.0,,0.0
MOL_06965,CC(C)[C@@H]1CC[C@@H](C)CC1=O,0.0,0.0,0.0,0.0,0.0,0.0,0.0,0.0,0.0,0.0,0.0,0.0
MOL_06966,COc1ccc2c(c1OC)C(=O)O[C@H]2[C@@H]1c2cc3c(cc2CCN1C)OCO3,0.0,0.0,1.0,0.0,0.0,0.0,0.0,0.0,0.0,0.0,0.0,0.0
MOL_06967,CCOc1nc(F)cc2nc(S(=O)(=O)Nc3c(Cl)cccc3Cl)nn12,0.0,0.0,,,0.0,0.0,1.0,0.0,0.0,0.0,0.0,0.0
MOL_06968,CO[C@H]1C=CO[C@@]2(C)Oc3c(C)c(O)c4c(O)c(cc([O-])c4c3C2=O)NC(=O)C(C)=CC=C[C@H](C)[C@H](O)[C@@H](C)[C@@H](O)[C@@H](C)[C@H](OC(C)=O)[C@@H]1C,0.0,0.0,0.0,,0.0,0.0,,1.0,0.0,0.0,,0.0
MOL_06969,Cc1ncsc1CCO,0.0,0.0,0.0,0.0,0.0,0.0,0.0,0.0,0.0,0.0,0.0,0.0
MOL_06970,c1ccc(Sc2ccccc2)cc1,0.0,0.0,0.0,0.0,0.0,0.0,0.0,0.0,0.0,1.0,0.0,0.0
MOL_06971,CCCCCCCCCCCC(=O)O,0.0,0.0,0.0,0.0,0.0,0.0,0.0,0.0,0.0,0.0,0.0,0.0
MOL_06972,O=C(O)CCl,0.0,0.0,0.0,0.0,0.0,0.0,0.0,,0.0,0.0,,0.0
MOL_06973,C[C@H]1C(=O)O[C@@H]2CCN3CC=C(COC(=O)[C@](C)(O)[C@]1(C)O)[C@H]23,0.0,0.0,0.0,0.0,0.0,0.0,0.0,0.0,0.0,0.0,0.0,0.0
MOL_06974,CN(C)CCN1C(=O)c2ccccc2N(C)c2ccccc21,0.0,0.0,0.0,0.0,0.0,0.0,0.0,0.0,0.0,0.0,0.0,0.0
MOL_06975,O=C(Cl)c1ccc(C(=O)Cl)cc1,0.0,0.0,0.0,0.0,0.0,0.0,0.0,0.0,0.0,0.0,0.0,0.0
MOL_06976,COc1c(N2C[C@@H]3CCCN[C@@H]3C2)c(F)cc2c(=O)c(C(=O)O)cn(C3CC3)c12,0.0,0.0,0.0,0.0,0.0,0.0,0.0,0.0,0.0,0.0,0.0,0.0
MOL_06977,CCOC(=O)[C@H](CCc1ccccc1)N[C@H]1CCc2ccccc2N(CC(=O)O)C1=O,,,,,,,,,,1.0,,
MOL_06978,CCCc1nc(C(C)(C)O)c(C(=O)OCc2oc(=O)oc2C)n1Cc1ccc(-c2ccccc2-c2nn[nH]n2)cc1,0.0,0.0,,0.0,,0.0,0.0,,0.0,,0.0,0.0
MOL_06979,CC(C)CC(N(C)C)C1(c2ccc(Cl)cc2)CCC1,0.0,0.0,0.0,0.0,0.0,0.0,0.0,0.0,0.0,0.0,0.0,0.0
MOL_06980,C[C@@H]1O[C@@H](OC[C@H]2O[C@@H](Oc3c(-c4ccc(OCCO)c(OCCO)c4)oc4cc(OCCO)cc(O)c4c3=O)[C@H](O)[C@@H](O)[C@@H]2O)[C@H](O)[C@H](O)[C@H]1O,0.0,0.0,0.0,0.0,0.0,0.0,0.0,,0.0,,0.0,0.0
MOL_06981,CC1(C)CC(N)CC(C)(C)N1,0.0,0.0,0.0,0.0,0.0,0.0,0.0,0.0,0.0,0.0,,0.0
MOL_06982,CC(O)[C@@H]1NC(=O)[C@H](CCCCN)NC(=O)[C@@H](Cc2c[nH]c3ccccc23)NC(=O)[C@H](Cc2ccccc2)NC(=O)[C@@H](NC(=O)[C@H](N)Cc2ccccc2)CSSC[C@@H](C(=O)N[C@H](CO)[C@@H](C)O)NC1=O,0.0,0.0,0.0,0.0,,0.0,0.0,,0.0,,0.0,0.0
MOL_06983,CCC(C)SSC(C)CC,0.0,0.0,0.0,0.0,0.0,0.0,0.0,0.0,0.0,0.0,,0.0
MOL_06984,Cc1cccc(OCCOc2cccc(C)c2)c1,0.0,0.0,1.0,0.0,,0.0,0.0,0.0,0.0,0.0,,0.0
MOL_06985,CC(C)c1ccc2sc3ccccc3c(=O)c2c1,0.0,0.0,1.0,,1.0,0.0,0.0,1.0,1.0,1.0,,0.0
MOL_06986,O=C(CCN1CC1)OCC(CO)(COC(=O)CCN1CC1)COC(=O)CCN1CC1,0.0,0.0,0.0,0.0,0.0,0.0,0.0,0.0,0.0,0.0,0.0,0.0
MOL_06987,C#CC(O)C(CC)CCCC,0.0,0.0,0.0,0.0,0.0,0.0,0.0,0.0,0.0,0.0,0.0,0.0
MOL_06988,CCCCCCCCCCCCCC=O,0.0,0.0,0.0,0.0,1.0,0.0,0.0,0.0,0.0,0.0,0.0,0.0
MOL_06989,O=CC(Br)(Br)Br,0.0,,0.0,,,1.0,1.0,1.0,1.0,1.0,,
MOL_06990,CCCCCCCCCCCCCC(=O)O,0.0,0.0,0.0,0.0,0.0,0.0,0.0,0.0,0.0,0.0,0.0,0.0
MOL_06991,ClC1=C(Cl)C1(Cl)Cl,0.0,0.0,0.0,0.0,0.0,0.0,0.0,0.0,0.0,0.0,0.0,0.0
MOL_06992,O=C(O)C(Br)(Br)Br,0.0,0.0,0.0,0.0,0.0,0.0,0.0,1.0,0.0,0.0,0.0,0.0
MOL_06993,C[C@H]1CCC[C@H](O)CCCCCc2cc(O)cc(O)c2C(=O)O1,0.0,0.0,,,1.0,1.0,,,0.0,1.0,1.0,0.0
MOL_06994,O=c1c(-c2ccc(O)cc2)coc2cc(O)ccc12,0.0,,1.0,,1.0,1.0,0.0,,1.0,0.0,,0.0
MOL_06995,COc1ccc(-c2coc3cc(O)ccc3c2=O)cc1,,0.0,1.0,,1.0,1.0,0.0,1.0,1.0,0.0,1.0,0.0
MOL_06996,CCCCCCCCc1ccc(O)cc1,0.0,0.0,0.0,,1.0,0.0,0.0,,0.0,,1.0,0.0
MOL_06997,CCCCCCCO,0.0,0.0,0.0,0.0,0.0,0.0,0.0,0.0,0.0,0.0,0.0,0.0
MOL_06998,N#CCCCCC#N,0.0,0.0,0.0,0.0,0.0,0.0,0.0,0.0,0.0,0.0,0.0,0.0
MOL_06999,CCCCCCO,0.0,0.0,0.0,0.0,,0.0,0.0,0.0,0.0,0.0,0.0,0.0
MOL_07000,CCCCCCN,0.0,0.0,0.0,0.0,0.0,0.0,0.0,0.0,0.0,1.0,,0.0
MOL_07001,OCCNCCO,0.0,0.0,0.0,0.0,0.0,0.0,0.0,0.0,0.0,0.0,0.0,0.0
MOL_07002,C=C(C)CNCC,0.0,0.0,0.0,0.0,1.0,0.0,0.0,0.0,0.0,0.0,0.0,0.0
MOL_07003,CCCCC(CC)C(=O)OCCOCCOCCOCCOC(=O)C(CC)CCCC,0.0,0.0,0.0,1.0,0.0,0.0,0.0,0.0,0.0,0.0,0.0,0.0
MOL_07004,N#Cc1nc(Cl)c(Cl)c(Cl)c1Cl,0.0,,,,,1.0,,,1.0,,,1.0
MOL_07005,O=C1c2ccccc2C(=O)N1SC1CCCCC1,0.0,,0.0,,0.0,0.0,,0.0,0.0,1.0,1.0,
MOL_07006,CC[Si](OC(C)=O)(OC(C)=O)OC(C)=O,0.0,0.0,0.0,0.0,0.0,0.0,0.0,0.0,0.0,0.0,0.0,0.0
MOL_07007,CCCOCC(C)OCC(C)O,0.0,0.0,0.0,0.0,0.0,0.0,0.0,,0.0,0.0,0.0,0.0
MOL_07008,O=C1c2ccccc2C(=O)N1CCl,0.0,0.0,0.0,0.0,0.0,0.0,0.0,0.0,0.0,0.0,0.0,0.0
MOL_07009,O=C1Nc2ccccc2C1(c1ccc(O)cc1)c1ccc(O)cc1,0.0,0.0,0.0,,,0.0,,0.0,0.0,0.0,,1.0
MOL_07010,CCOc1ccc(NC(=O)CC(C)=O)cc1,0.0,0.0,1.0,0.0,0.0,0.0,0.0,0.0,0.0,0.0,0.0,0.0
MOL_07011,O=C(CS)OCCOC(=O)CS,0.0,0.0,,,0.0,0.0,0.0,0.0,1.0,0.0,0.0,1.0
MOL_07012,CC(O)C(=O)O[Hg]c1ccccc1,0.0,1.0,,,,1.0,1.0,,,1.0,,1.0
MOL_07013,CCN(CC)C(=O)N(CC)CC,0.0,0.0,0.0,0.0,0.0,0.0,0.0,0.0,0.0,0.0,0.0,0.0
MOL_07014,Cc1ccc(N)cc1S(=O)(=O)O,0.0,0.0,,0.0,0.0,0.0,0.0,0.0,0.0,0.0,0.0,0.0
MOL_07015,CCOC(=O)c1ccccc1C(=C1C=C(Br)C(=O)C(Br)=C1)c1cc(Br)c(O)c(Br)c1,0.0,0.0,0.0,0.0,0.0,,,1.0,,,1.0,
MOL_07016,CC[C@]1(O)C[C@H]2CN(CCc3c([nH]c4ccccc34)[C@@](C(=O)OC)(c3cc4c(cc3OC)N(C=O)[C@H]3[C@@](O)(C(=O)OC)[C@H](OC(C)=O)[C@]5(CC)C=CCN6CC[C@]43[C@@H]65)C2)C1,0.0,,,0.0,,,,,1.0,0.0,,
MOL_07017,COC(=O)COc1ccc(Cl)cc1Cl,0.0,0.0,0.0,0.0,0.0,0.0,0.0,0.0,0.0,0.0,0.0,0.0
MOL_07018,O=[N+]([O-])c1ccc(Cl)c([N+](=O)[O-])c1,0.0,1.0,0.0,,,0.0,,,1.0,,,1.0
MOL_07019,C=C(C)CCl,0.0,0.0,0.0,0.0,0.0,0.0,0.0,0.0,0.0,0.0,0.0,0.0
MOL_07020,CC(=C(CCOP(=O)(O)O)SC(=O)c1ccccc1)N(C=O)Cc1cnc(C)nc1N,,,,,,,,0.0,,0.0,,
MOL_07021,O=C1OC(O)C(C(Cl)Cl)=C1Cl,0.0,1.0,0.0,,0.0,,1.0,1.0,1.0,,,1.0
MOL_07022,CC(=O)O[C@]1(C(C)=O)CC[C@H]2[C@@H]3C=C(Cl)C4=CC(=O)CC[C@]4(C)[C@H]3CC[C@@]21C,1.0,1.0,0.0,,,0.0,0.0,1.0,0.0,0.0,,1.0
MOL_07023,Nc1ccc(Oc2ccc(Cl)cc2)cc1,0.0,0.0,,1.0,0.0,0.0,0.0,1.0,0.0,0.0,0.0,0.0
MOL_07024,Cc1cc(O)ccc1N,0.0,0.0,1.0,,0.0,0.0,0.0,,0.0,1.0,1.0,
MOL_07025,Nc1ccc2c3c(cccc13)-c1ccccc1-2,0.0,,1.0,,1.0,,,,0.0,,,
MOL_07026,Cc1cccc(O)c1N,0.0,0.0,1.0,,0.0,0.0,,1.0,0.0,0.0,0.0,1.0
MOL_07027,CCCCCCCCCCCCCCCCn1cc[n+](C)c1.F[B-](F)(F)F,0.0,,,1.0,,,,1.0,0.0,,1.0,
MOL_07028,CCCCCCCCCCl,0.0,0.0,0.0,0.0,1.0,0.0,0.0,0.0,0.0,0.0,0.0,0.0
MOL_07029,N#Cc1cc2ccccc2c2ccccc12,1.0,0.0,1.0,,0.0,0.0,0.0,,0.0,0.0,,0.0
MOL_07030,Oc1cc(Cl)ccc1Oc1ccc(Cl)cc1Cl,0.0,,,,,,1.0,,0.0,1.0,1.0,
MOL_07031,CC(C)(C)C(O)C(Oc1ccc(Cl)cc1)n1cncn1,0.0,0.0,1.0,1.0,0.0,0.0,0.0,0.0,0.0,0.0,0.0,0.0
MOL_07032,O=C(O)COc1nc(Cl)c(Cl)cc1Cl,0.0,0.0,0.0,0.0,0.0,0.0,0.0,0.0,0.0,0.0,,0.0
MOL_07033,Nc1ccc(N=Nc2ccccc2)c(N)n1,0.0,0.0,1.0,,1.0,1.0,0.0,1.0,1.0,0.0,1.0,1.0
MOL_07034,Cc1cccc(S(=O)(=O)[O-])c1C,0.0,0.0,0.0,0.0,0.0,0.0,0.0,0.0,0.0,0.0,,0.0
MOL_07035,CCCCCCCCCCCCOCC1CO1,0.0,0.0,0.0,0.0,0.0,0.0,0.0,0.0,0.0,0.0,0.0,0.0
MOL_07036,CCCCCCCCCCCCCl,0.0,0.0,0.0,0.0,1.0,0.0,0.0,0.0,0.0,1.0,0.0,0.0
MOL_07037,CCCCCCCCCCCC(=O)N(CCO)CCO,0.0,0.0,0.0,0.0,0.0,0.0,0.0,,0.0,,0.0,0.0
MOL_07038,C=Cc1c(C)c2cc3[nH]c(cc4nc(cc5[nH]c(cc1n2)c(C)c5CCC(=O)[O-])c(CCC(=O)[O-])c4C)c(C)c3C=C,0.0,0.0,0.0,0.0,1.0,1.0,0.0,1.0,0.0,0.0,0.0,0.0
MOL_07039,CC(C)CCOC(=O)c1ccc(N(C)C)cc1,0.0,0.0,,,1.0,0.0,0.0,0.0,1.0,0.0,0.0,0.0
MOL_07040,Oc1cc(O)cc(O)c1,0.0,0.0,0.0,0.0,0.0,0.0,0.0,,0.0,,0.0,0.0
MOL_07041,O=c1[nH]c(=O)c2ccccc2o1,0.0,0.0,0.0,0.0,0.0,0.0,0.0,0.0,0.0,0.0,0.0,0.0
MOL_07042,O=C(O)c1ccc(OCCCOc2ccc(C(=O)O)cc2)cc1,0.0,0.0,0.0,0.0,0.0,0.0,0.0,0.0,0.0,0.0,0.0,0.0
MOL_07043,C=CC(C)(CCC=C(C)C)OC(C)=O,0.0,0.0,0.0,0.0,0.0,0.0,0.0,0.0,0.0,0.0,0.0,0.0
MOL_07044,OCC(CO)(CO)CO,0.0,0.0,0.0,0.0,0.0,0.0,0.0,0.0,0.0,0.0,0.0,0.0
MOL_07045,O=C(O)C(=O)Nc1cccc(-c2nnn[nH]2)c1,0.0,0.0,0.0,0.0,,0.0,0.0,0.0,0.0,0.0,0.0,0.0
MOL_07046,C1CCC(C(CC2CCCCN2)C2CCCCC2)CC1,0.0,,,,,,,,,,1.0,
MOL_07047,CCCCC(=O)Cl,,,,0.0,,0.0,0.0,,0.0,0.0,0.0,0.0
MOL_07048,Cc1ccc(Nc2nccc(N(C)c3ccc4c(C)n(C)nc4c3)n2)cc1S(N)(=O)=O,0.0,0.0,,,,0.0,,,,0.0,,1.0
MOL_07049,CC(C)OC(=O)OCOP(=O)(CO[C@H](C)Cn1cnc2c(N)ncnc21)OCOC(=O)OC(C)C,0.0,0.0,0.0,0.0,0.0,0.0,0.0,,0.0,0.0,0.0,0.0
MOL_07050,CC(=O)N[C@H]([C@@H](O)CC(=O)C(=O)O)[C@@H](O)[C@H](O)[C@H](O)CO,0.0,0.0,0.0,0.0,0.0,0.0,0.0,,0.0,,0.0,0.0
MOL_07051,O=C(C=Cc1ccc(O)c(O)c1)O[C@@H]1C[C@@](OC(=O)C=Cc2ccc(O)c(O)c2)(C(=O)O)C[C@@H](O)[C@@H]1O,0.0,0.0,0.0,0.0,0.0,0.0,0.0,,0.0,0.0,0.0,0.0
MOL_07052,CO[C@H](C(=O)[C@@H](O)[C@@H](C)O)[C@@H]1Cc2cc3cc(O[C@H]4C[C@@H](O[C@@H]5C[C@@H](O)[C@@H](OC)[C@@H](C)O5)[C@@H](OC(=O)O)[C@@H](C)O4)c(C)c(O)c3c(O)c2C(=O)[C@H]1O[C@H]1C[C@@H](O[C@H]2C[C@@H](O[C@H]3C[C@](C)(O)[C@@H](OC(C)=O)[C@H](C)O3)[C@H](O)[C@@H](C)O2)[C@H](O)[C@@H](C)O1,0.0,,,1.0,,,,,0.0,,1.0,1.0
MOL_07053,CCCCCCC(=O)CCCCCC/C=C/C[C@@H](O)[C@H](O)[C@@](N)(CO)C(=O)O,0.0,0.0,0.0,0.0,0.0,0.0,0.0,0.0,0.0,0.0,0.0,0.0
MOL_07054,CCC1OC(=O)C[C@@H](O)[C@H](C)[C@@H](O[C@@H]2O[C@H](C)C[C@H](N(C)C)[C@H]2O)[C@@H](CC=O)C[C@@H](C)C(=O)C=C[C@]2(C)OC2C1C,0.0,0.0,0.0,,,0.0,,,0.0,,0.0,1.0
MOL_07055,CC(C)CCOC(=O)c1ccccc1,0.0,0.0,0.0,0.0,0.0,0.0,0.0,0.0,0.0,0.0,0.0,0.0
MOL_07056,Cc1cc(C)c(C)c(O)c1,0.0,0.0,0.0,0.0,0.0,0.0,0.0,0.0,0.0,0.0,1.0,0.0
MOL_07057,CCC(=O)OCCC(C)CCC=C(C)C,0.0,0.0,0.0,0.0,,1.0,0.0,0.0,0.0,0.0,0.0,0.0
MOL_07058,CC(C)COC(=O)c1ccccc1O,0.0,0.0,0.0,0.0,0.0,0.0,0.0,0.0,0.0,0.0,0.0,0.0
MOL_07059,CC(C)CCCCCCCOC(=O)c1ccc(C(=O)OCCCCCCCC(C)C)c(C(=O)OCCCCCCCC(C)C)c1,0.0,0.0,0.0,0.0,0.0,0.0,0.0,0.0,0.0,1.0,0.0,0.0
MOL_07060,CCCCCCCCCCCC(=O)O.OCCN(CCO)CCO,0.0,0.0,0.0,,,0.0,0.0,,0.0,,0.0,0.0
MOL_07061,CCCCCCCCC(=O)OCC(C)OC(=O)CCCCCCCC,0.0,0.0,0.0,0.0,0.0,0.0,0.0,0.0,0.0,0.0,0.0,0.0
MOL_07062,CCCCCCCCCCOC(C)=O,0.0,0.0,0.0,0.0,1.0,0.0,0.0,0.0,0.0,0.0,0.0,0.0
MOL_07063,CC(=O)OCCC1CCCCC1,0.0,0.0,0.0,0.0,0.0,0.0,0.0,0.0,0.0,0.0,0.0,0.0
MOL_07064,COP(=O)(OC)OC(=CCl)c1cc(Cl)c(Cl)cc1Cl,0.0,0.0,0.0,1.0,,,,1.0,,0.0,,
MOL_07065,CCN(CC)C(=S)SSC(=S)N(CC)CC,0.0,1.0,1.0,,,0.0,1.0,,1.0,1.0,1.0,0.0
MOL_07066,CCCCCN(CCCCC)C(=O)C(CCC(=O)[O-])NC(=O)c1ccc(Cl)c(Cl)c1,,,,,,,,0.0,,1.0,,
MOL_07067,CCCCCc1cc(O)c2c(c1)OC(C)(C)[C@@H]1CCC(C)=C[C@@H]21,0.0,0.0,1.0,1.0,,0.0,0.0,,0.0,,1.0,
MOL_07068,C1CCOC1,0.0,0.0,0.0,,0.0,0.0,0.0,0.0,0.0,0.0,0.0,0.0
MOL_07069,CN1C(C)(C)CCCC1(C)C,0.0,0.0,0.0,0.0,0.0,0.0,0.0,0.0,0.0,0.0,0.0,0.0
MOL_07070,CC1=CCC(C(C)(C)O)CC1,0.0,0.0,0.0,0.0,0.0,0.0,0.0,0.0,0.0,0.0,0.0,0.0
MOL_07071,CCN(Cc1cccc(S(=O)(=O)O)c1)c1ccccc1,0.0,0.0,0.0,0.0,0.0,0.0,0.0,0.0,0.0,0.0,0.0,0.0
MOL_07072,CC(=O)c1ccc(O)cc1,0.0,0.0,0.0,0.0,0.0,0.0,0.0,0.0,0.0,0.0,0.0,0.0
MOL_07073,Cc1cc(C(C)(C)C)cc(C)c1CC1=NCCN1,0.0,0.0,0.0,0.0,0.0,0.0,0.0,0.0,0.0,0.0,0.0,0.0
MOL_07074,F[Sn](c1ccccc1)(c1ccccc1)c1ccccc1,0.0,,,,,1.0,1.0,1.0,,1.0,1.0,
MOL_07075,CCOc1ccc(O)cc1,0.0,0.0,0.0,,0.0,0.0,,,0.0,0.0,0.0,0.0
MOL_07076,O=S1(=O)OCC2C(CO1)C1(Cl)C(Cl)=C(Cl)C2(Cl)C1(Cl)Cl,0.0,0.0,0.0,,0.0,0.0,0.0,1.0,0.0,,,0.0
MOL_07077,CCSCc1ccccc1OC(=O)NC,0.0,0.0,,0.0,0.0,0.0,0.0,0.0,0.0,0.0,,0.0
MOL_07078,Brc1nc2ccccc2s1,0.0,0.0,1.0,0.0,0.0,0.0,0.0,1.0,0.0,0.0,0.0,0.0
MOL_07079,CCC(C)Br,0.0,0.0,0.0,0.0,0.0,0.0,0.0,0.0,0.0,0.0,0.0,0.0
MOL_07080,N#CCc1ccccc1,0.0,0.0,0.0,0.0,0.0,0.0,0.0,0.0,0.0,0.0,0.0,0.0
MOL_07081,O=C(O)c1ccc(CO)o1,0.0,0.0,0.0,0.0,0.0,0.0,0.0,0.0,0.0,0.0,0.0,0.0
MOL_07082,N#Cc1ccccc1,0.0,0.0,0.0,0.0,,0.0,0.0,0.0,0.0,0.0,0.0,0.0
MOL_07083,N#CCBr,0.0,0.0,0.0,0.0,0.0,0.0,0.0,0.0,0.0,0.0,0.0,0.0
MOL_07084,O=C(O)CBr,0.0,0.0,0.0,0.0,0.0,0.0,0.0,,0.0,0.0,0.0,0.0
MOL_07085,CN1CC(O)C2=C/C(=N/NC(N)=O)C(=O)C=C21,0.0,0.0,0.0,0.0,0.0,0.0,0.0,,0.0,,0.0,0.0
MOL_07086,Cc1ccc(C2(O)CCN(CCCC(=O)c3ccc(F)cc3)CC2)cc1,0.0,0.0,0.0,0.0,0.0,0.0,,,0.0,,0.0,0.0
MOL_07087,O=S(=O)(O)F,0.0,0.0,0.0,0.0,0.0,0.0,0.0,0.0,0.0,0.0,0.0,0.0
MOL_07088,C[C@]1(O)CC[C@H]2[C@@H]3CCC4=CC(=O)CC[C@]4(C)[C@@]3(F)[C@@H](O)C[C@@]21C,1.0,1.0,0.0,,1.0,,0.0,,0.0,0.0,0.0,0.0
MOL_07089,N=C(N)c1ccc(OCCCOc2ccc(C(=N)N)cc2Br)c(Br)c1,0.0,,0.0,0.0,,0.0,0.0,,0.0,,0.0,0.0
MOL_07090,CN1[C@H]2CCC[C@@H]1C[C@H](NC(=O)c1nn(C)c3ccccc13)C2,0.0,0.0,0.0,0.0,0.0,0.0,0.0,,0.0,,0.0,0.0
MOL_07091,O=C(Cl)/C=C/C(=O)Cl,0.0,0.0,0.0,0.0,0.0,0.0,0.0,1.0,0.0,0.0,0.0,0.0
MOL_07092,Cc1nc2n(c(=O)c1CCN1CCC(c3noc4cc(F)ccc34)CC1)CCC[C@H]2O,0.0,0.0,0.0,0.0,0.0,0.0,0.0,0.0,0.0,0.0,0.0,0.0
MOL_07093,COc1cc(C(C)=O)ccc1OCCCN1CCC(c2noc3cc(F)ccc23)CC1,0.0,0.0,0.0,,0.0,0.0,,0.0,0.0,0.0,,0.0
MOL_07094,CN(C(=O)CO)c1c(I)c(C(=O)NCC(O)CO)c(I)c(C(=O)NCC(O)CO)c1I,0.0,0.0,0.0,0.0,0.0,0.0,0.0,,0.0,,0.0,0.0
MOL_07095,O=C1OC2(c3ccccc31)c1cc(I)c(O)c(I)c1Oc1c2cc(I)c(O)c1I,0.0,0.0,1.0,,,0.0,0.0,0.0,0.0,0.0,,0.0
MOL_07096,Nc1c(CC(=O)[O-])cccc1C(=O)c1ccc(Br)cc1.Nc1c(CC(=O)[O-])cccc1C(=O)c1ccc(Br)cc1,0.0,0.0,0.0,0.0,0.0,0.0,1.0,0.0,0.0,0.0,,0.0
MOL_07097,COCCCOc1ccnc(CS(=O)c2nc3ccccc3[n-]2)c1C,1.0,0.0,1.0,,,0.0,0.0,1.0,0.0,0.0,0.0,0.0
MOL_07098,COCC(=O)O[C@]1(CCN(C)CCCc2nc3ccccc3[nH]2)CCc2cc(F)ccc2[C@@H]1C(C)C,0.0,,,,,,,,,0.0,,
MOL_07099,CCc1ccc(CCOc2ccc(CC3SC(=O)NC3=O)cc2)nc1,0.0,0.0,0.0,0.0,,0.0,1.0,1.0,0.0,0.0,1.0,0.0
MOL_07100,CCCCCCCCOC(C)=O,0.0,0.0,0.0,0.0,0.0,0.0,0.0,0.0,0.0,0.0,0.0,0.0
MOL_07101,OCCOCCN1CCN(C2=Nc3ccccc3Sc3ccccc32)CC1.OCCOCCN1CCN(C2=Nc3ccccc3Sc3ccccc32)CC1,0.0,0.0,0.0,0.0,1.0,0.0,,,0.0,0.0,,0.0
MOL_07102,O=C(O)CCSCCC(=O)O,0.0,0.0,0.0,0.0,0.0,0.0,0.0,0.0,0.0,0.0,0.0,0.0
MOL_07103,Cc1nc[nH]c1CN1CCc2c(c3ccccc3n2C)C1=O,0.0,0.0,,0.0,0.0,0.0,0.0,0.0,0.0,0.0,0.0,0.0
MOL_07104,O=C(O)CCCC[C@@H]1SC[C@@H]2NC(=O)N[C@H]12,0.0,0.0,0.0,0.0,0.0,0.0,0.0,0.0,0.0,0.0,0.0,0.0
MOL_07105,C[C@](O)(CS(=O)(=O)c1ccc(F)cc1)C(=O)Nc1ccc(C#N)c(C(F)(F)F)c1,0.0,0.0,0.0,0.0,0.0,0.0,,1.0,0.0,0.0,1.0,0.0
MOL_07106,CC(C[N+](C)(C)C)OC(N)=O,0.0,0.0,0.0,0.0,0.0,0.0,0.0,0.0,0.0,0.0,0.0,0.0
MOL_07107,CC(C)NCC(O)COc1ccc(CCOCC2CC2)cc1,0.0,0.0,0.0,0.0,0.0,0.0,0.0,0.0,0.0,0.0,0.0,0.0
MOL_07108,CCCCC(=O)O[C@]1(C(=O)CO)[C@@H](C)C[C@H]2[C@@H]3CCC4=CC(=O)C=C[C@]4(C)[C@@]3(F)[C@@H](O)C[C@@]21C,1.0,1.0,,,,0.0,,,0.0,0.0,1.0,0.0
MOL_07109,CCCC(=O)O[C@]1(C(=O)COC(=O)CC)[C@@H](C)C[C@H]2[C@@H]3CCC4=CC(=O)C=C[C@]4(C)[C@@]3(F)[C@@H](O)C[C@@]21C,1.0,1.0,,,0.0,0.0,,,0.0,,1.0,0.0
MOL_07110,O=C(CBr)OCc1ccccc1,0.0,0.0,0.0,0.0,,,0.0,0.0,0.0,0.0,0.0,0.0
MOL_07111,CCCCCc1ccc(Cl)cc1,0.0,0.0,0.0,0.0,0.0,0.0,0.0,0.0,0.0,0.0,0.0,0.0
MOL_07112,O=P(O)(Oc1ccccc1)Oc1ccccc1,,0.0,0.0,0.0,0.0,0.0,0.0,0.0,0.0,0.0,0.0,0.0
MOL_07113,COC(=O)c1ccccc1C,0.0,0.0,0.0,0.0,0.0,0.0,0.0,0.0,0.0,0.0,0.0,0.0
MOL_07114,CC(C)(C)C(=O)c1ccccc1,0.0,0.0,,0.0,1.0,,0.0,0.0,0.0,0.0,0.0,0.0
MOL_07115,O=C(Oc1ccccc1)c1ccccc1,0.0,0.0,0.0,0.0,0.0,0.0,0.0,0.0,0.0,0.0,0.0,0.0
MOL_07116,CCOC(=O)c1ccc(C)cc1,0.0,0.0,0.0,0.0,0.0,0.0,0.0,0.0,0.0,0.0,0.0,0.0
MOL_07117,Cc1cc(C)cc(N)c1,0.0,0.0,,0.0,0.0,0.0,0.0,0.0,0.0,,0.0,0.0
MOL_07118,CC(C)c1c(C(=O)Nc2ccccc2)c(-c2ccccc2)c(-c2ccc(F)cc2)n1CC[C@@H](O)C[C@@H](O)CC(=O)O,0.0,0.0,,1.0,0.0,0.0,,,0.0,0.0,,0.0
MOL_07119,Cc1cc(C2(c3cc(C)c(O)cc3C)OS(=O)(=O)c3ccccc32)c(C)cc1O,0.0,0.0,1.0,,1.0,1.0,0.0,0.0,0.0,0.0,1.0,0.0
MOL_07120,Cc1ccc(S(=O)(=O)[O-])cc1C,0.0,0.0,0.0,0.0,0.0,0.0,0.0,0.0,0.0,0.0,0.0,0.0
MOL_07121,Cc1cccc(C)c1N,0.0,0.0,0.0,0.0,0.0,0.0,0.0,0.0,0.0,0.0,0.0,0.0
MOL_07122,Cc1ccc(C)c(N)c1,0.0,0.0,,0.0,1.0,0.0,0.0,0.0,0.0,0.0,,0.0
MOL_07123,Cc1cccc(N)c1C,0.0,0.0,0.0,0.0,0.0,0.0,0.0,0.0,0.0,0.0,,0.0
MOL_07124,Cc1ncc(CSSCc2cnc(C)c(O)c2CO)c(CO)c1O,,,,,,,,0.0,,0.0,,
MOL_07125,CC=Cc1ccc(O)c(OC)c1,0.0,0.0,,,,,0.0,,0.0,0.0,,0.0
MOL_07126,FC(F)(F)C(Cl)Br,0.0,0.0,0.0,0.0,0.0,0.0,0.0,0.0,0.0,0.0,0.0,0.0
MOL_07127,O=C(O)c1ccc(S(=O)(=O)N(Cl)Cl)cc1,0.0,0.0,0.0,0.0,,0.0,0.0,1.0,0.0,0.0,0.0,0.0
MOL_07128,CCCCOC(=O)c1ccc(N)cc1,0.0,0.0,1.0,0.0,1.0,0.0,,0.0,1.0,0.0,0.0,0.0
MOL_07129,Cc1ccc2c(C)cccc2c1,0.0,0.0,0.0,0.0,0.0,0.0,0.0,0.0,0.0,0.0,,0.0
MOL_07130,CCC(C)C(C)(COC(N)=O)COC(N)=O,,,,,,,,0.0,,0.0,,
MOL_07131,CCN(CC)C(=O)[C@@H]1C=C2c3cccc4[nH]cc(c34)C[C@H]2N(C)C1,0.0,0.0,1.0,0.0,1.0,1.0,0.0,,0.0,0.0,1.0,0.0
MOL_07132,OC[C@@H](O)[C@@H](O)[C@H](O)[C@H](O)CO,0.0,0.0,0.0,0.0,0.0,0.0,0.0,0.0,0.0,0.0,0.0,0.0
MOL_07133,CN1CCN(CCCN2c3ccccc3Sc3ccc(S(=O)(=O)N(C)C)cc32)CC1,0.0,0.0,0.0,0.0,0.0,0.0,0.0,0.0,0.0,0.0,,0.0
MOL_07134,CCNCC.O=S(=O)(O)c1cc(O)ccc1O,0.0,0.0,0.0,0.0,0.0,0.0,0.0,,0.0,,0.0,0.0
MOL_07135,Cc1nn(-c2cc(NS(C)(=O)=O)c(Cl)cc2Cl)c(=O)n1C(F)F,0.0,0.0,0.0,0.0,0.0,0.0,0.0,0.0,0.0,0.0,,0.0
MOL_07136,OC(c1ccc(Cl)cc1)(c1cncnc1)c1ccccc1Cl,0.0,0.0,0.0,1.0,1.0,1.0,,1.0,0.0,0.0,1.0,0.0
MOL_07137,CCOC(=O)C(C)Oc1ccc(Oc2nc3ccc(Cl)cc3o2)cc1,0.0,0.0,,,1.0,0.0,0.0,1.0,0.0,0.0,0.0,0.0
MOL_07138,CCOC(=O)NCCOc1ccc(Oc2ccccc2)cc1,0.0,0.0,0.0,,,,0.0,1.0,0.0,0.0,,0.0
MOL_07139,COc1c(O)cc2c(c1O)[C@@H]1O[C@H](CO)[C@@H](O)[C@H](O)[C@H]1OC2=O,0.0,0.0,0.0,0.0,0.0,0.0,0.0,,0.0,,0.0,0.0
MOL_07140,Cc1onc(-c2ccccc2Cl)c1C(=O)N[C@@H]1C(=O)N2[C@@H](C(=O)[O-])C(C)(C)S[C@H]12,0.0,0.0,0.0,0.0,0.0,0.0,0.0,0.0,0.0,0.0,0.0,0.0
MOL_07141,CC(=O)O[C@H]1C[C@@]2(C)[C@@H](C[C@@H](O)[C@H]3[C@@]4(C)CC[C@@H](O)[C@@H](C)[C@@H]4CC[C@@]32C)/C1=C(\CCC=C(C)C)C(=O)[O-],0.0,0.0,0.0,0.0,0.0,0.0,0.0,,0.0,,,0.0
MOL_07142,N#Cc1c[nH]cc1-c1cccc2c1OC(F)(F)O2,0.0,0.0,1.0,1.0,0.0,1.0,0.0,,0.0,0.0,,1.0
MOL_07143,CCN(CC)C(=O)N1CCN(C)CC1.O=C(O)CC(O)(CC(=O)O)C(=O)O,1.0,0.0,0.0,,0.0,0.0,0.0,0.0,0.0,0.0,0.0,0.0
MOL_07144,CCN(CC)CCc1nc(-c2ccccc2)no1.O=C(O)CC(O)(CC(=O)O)C(=O)O,0.0,0.0,0.0,0.0,0.0,0.0,0.0,1.0,0.0,0.0,0.0,0.0
MOL_07145,CN1[C@H]2CC[C@@H]1C[C@H](OC1c3ccccc3CCc3ccccc31)C2.O=C(O)CC(O)(CC(=O)O)C(=O)O,0.0,0.0,0.0,0.0,0.0,0.0,0.0,,0.0,,,0.0
MOL_07146,COc1ccc(C=O)cc1,0.0,0.0,0.0,0.0,0.0,0.0,0.0,0.0,0.0,0.0,0.0,0.0
MOL_07147,COP(=S)(OC)Oc1c(Cl)cc(C)cc1Cl,0.0,0.0,1.0,0.0,1.0,0.0,,0.0,0.0,0.0,1.0,0.0
MOL_07148,O=C(NC(=O)c1c(F)cccc1F)Nc1ccc(OC(F)(F)C(F)OC(F)(F)F)c(Cl)c1,0.0,,0.0,,0.0,,0.0,,0.0,,0.0,
MOL_07149,CCCOC(=O)c1ccc(C(=O)OCCC)nc1,0.0,0.0,0.0,,0.0,0.0,0.0,0.0,0.0,0.0,0.0,0.0
MOL_07150,CC(O)CCO,0.0,0.0,0.0,0.0,1.0,0.0,0.0,1.0,0.0,0.0,0.0,0.0
MOL_07151,O=C(O)CCS,0.0,0.0,0.0,0.0,0.0,0.0,0.0,0.0,0.0,0.0,0.0,0.0
MOL_07152,CCCC[n+]1ccc(C)cc1.O=S(=O)([O-])C(F)(F)F,0.0,0.0,0.0,0.0,0.0,0.0,0.0,0.0,0.0,0.0,0.0,0.0
MOL_07153,CCC[N+]1(C)CCCCC1.F[B-](F)(F)F,0.0,0.0,0.0,0.0,,0.0,0.0,0.0,0.0,,0.0,0.0
MOL_07154,CC(=O)C1CCCCC1=O,0.0,0.0,0.0,0.0,0.0,0.0,0.0,0.0,0.0,0.0,0.0,0.0
MOL_07155,CCCC[n+]1cccc(C)c1.O=S(=O)([O-])C(F)(F)F,0.0,0.0,0.0,0.0,1.0,0.0,0.0,0.0,0.0,0.0,0.0,0.0
MOL_07156,CCCCN1C=CN(C)C1,0.0,0.0,0.0,0.0,0.0,0.0,0.0,0.0,0.0,0.0,0.0,0.0
MOL_07157,CC1(C(=O)Nc2ccc(O)c(Cl)c2Cl)CCCCC1,0.0,0.0,0.0,0.0,1.0,1.0,0.0,1.0,0.0,0.0,1.0,0.0
MOL_07158,CCC[N+]1(C)CCCCC1,0.0,0.0,0.0,0.0,0.0,0.0,0.0,0.0,0.0,0.0,0.0,0.0
MOL_07159,CCCC[N+]1(C)CCCCC1.F[B-](F)(F)F,0.0,0.0,0.0,0.0,0.0,0.0,0.0,0.0,0.0,0.0,0.0,0.0
MOL_07160,N=C(N)N[N+](=O)[O-],0.0,0.0,0.0,0.0,0.0,0.0,0.0,0.0,0.0,0.0,0.0,0.0
MOL_07161,CC(C)(C)OOC(C)(C)C,0.0,0.0,0.0,0.0,0.0,0.0,0.0,0.0,0.0,0.0,0.0,0.0
MOL_07162,CCC(C)Nc1ccc(NC(C)CC)cc1,0.0,,,,,,,,,1.0,1.0,
MOL_07163,CCCCNCCCC,0.0,0.0,,0.0,0.0,0.0,0.0,0.0,0.0,0.0,,0.0
MOL_07164,CCCCN(CCO)CCCC,0.0,0.0,0.0,0.0,0.0,0.0,0.0,0.0,0.0,0.0,,0.0
MOL_07165,O=C(O)c1ccc2[nH]cc(CCCCN3CC=C(c4ccccc4)CC3)c2c1,0.0,0.0,,0.0,0.0,0.0,0.0,0.0,0.0,0.0,0.0,0.0
MOL_07166,CN1C2CCC1CC(OC(c1ccccc1)c1ccc(Cl)cc1)C2,0.0,0.0,,,,0.0,,,,,,1.0
MOL_07167,Oc1ccc(C2CNCCc3c2cc(O)c(O)c3Cl)cc1,0.0,0.0,0.0,0.0,1.0,1.0,0.0,,0.0,0.0,0.0,0.0
MOL_07168,Oc1ccc2[nH]cc(CCCCN3CC=C(c4ccccc4)CC3)c2c1,0.0,,,0.0,0.0,0.0,0.0,,,,,0.0
MOL_07169,C[C@@H](/C=C/[C@@H](C)[C@H]1CC[C@H]2/C(=C/C=C3C[C@@H](O)C[C@H](O)C3)CCC[C@@]21C)C(C)(C)O,0.0,0.0,0.0,0.0,,0.0,0.0,,0.0,,1.0,0.0
MOL_07170,CCOC(=O)NNc1nncc2ccccc12,0.0,0.0,0.0,0.0,0.0,0.0,0.0,0.0,0.0,0.0,0.0,0.0
MOL_07171,CC(C)(C)NCCNC(C)(C)C,0.0,0.0,0.0,0.0,0.0,0.0,0.0,0.0,0.0,0.0,,0.0
MOL_07172,CCCCC(F)(F)[C@@]1(O)CC[C@H]2[C@@H](CC(=O)[C@@H]2CCCCCCC(=O)O)O1,0.0,0.0,0.0,,0.0,,0.0,,0.0,,,0.0
MOL_07173,CC(C)=CCC/C(C)=C/CC/C(C)=C/CCC(=O)OC/C=C(\C)CCC=C(C)C,0.0,0.0,0.0,0.0,0.0,0.0,0.0,0.0,0.0,0.0,,0.0
MOL_07174,CCN(CC)Cc1nccn1-c1ccc([N+](=O)[O-])cc1C(=O)c1ccccc1Cl,0.0,0.0,,0.0,0.0,0.0,0.0,1.0,0.0,0.0,0.0,0.0
MOL_07175,OC1CCCCCCCCCCC1,0.0,0.0,0.0,0.0,0.0,0.0,0.0,0.0,0.0,0.0,1.0,0.0
MOL_07176,CC(C)(C)CC(=O)OCC(=O)[C@@]12OC(C)(C)O[C@@H]1C[C@H]1[C@@H]3CCC4=CC(=O)C=C[C@]4(C)[C@@]3(F)[C@@H](O)C[C@@]12C,,0.0,0.0,,0.0,,0.0,,0.0,,,0.0
MOL_07177,CCCCS(=O)(=O)N[C@@H](Cc1ccc(OCCCCC2CCNCC2)cc1)C(=O)O,0.0,0.0,0.0,0.0,0.0,0.0,0.0,0.0,0.0,0.0,0.0,0.0
MOL_07178,COC(=O)c1ccc(C(=O)O)cc1,0.0,0.0,0.0,0.0,0.0,0.0,0.0,0.0,0.0,0.0,0.0,0.0
MOL_07179,CN(C)CCOCCO,0.0,0.0,0.0,0.0,0.0,0.0,0.0,0.0,0.0,0.0,0.0,0.0
MOL_07180,CC(C)[N+](C)(C)CC(O)COc1cccc2ccccc12,0.0,0.0,0.0,0.0,0.0,0.0,0.0,0.0,0.0,0.0,0.0,0.0
MOL_07181,Cc1ccc(S(=O)(=O)NC(=O)N[C@@H](C)Cc2ccccc2)cc1,0.0,0.0,,0.0,0.0,0.0,0.0,,0.0,,0.0,0.0
MOL_07182,Nc1ccc(S(=O)(=O)NCc2ccccc2)cc1,0.0,0.0,0.0,0.0,0.0,0.0,0.0,0.0,0.0,0.0,0.0,0.0
MOL_07183,CC=CC=NNC(=O)c1ccncc1,0.0,0.0,1.0,0.0,0.0,0.0,0.0,1.0,0.0,,0.0,0.0
MOL_07184,O=C1C(=O)c2ncccc2-c2cccnc21,0.0,0.0,1.0,1.0,,0.0,,,0.0,,,1.0
MOL_07185,CC12CCC(C[N+](C)(CCC[N+](C)(C)C)C1)C2(C)C.COS(=O)(=O)[O-].COS(=O)(=O)[O-],0.0,0.0,0.0,0.0,0.0,0.0,0.0,,0.0,,0.0,0.0
MOL_07186,Nc1ccc(C(=O)Nc2ccccc2N)cc1,1.0,,1.0,,1.0,0.0,1.0,,1.0,0.0,1.0,1.0
MOL_07187,C[N+](C)(C)CCOC(=O)C(O)(c1ccccc1)c1ccccc1,0.0,0.0,0.0,0.0,0.0,0.0,0.0,0.0,0.0,0.0,0.0,0.0
MOL_07188,O=C(O)C=CC(=O)Nc1ccc(S(=O)(=O)Nc2nccs2)cc1,0.0,0.0,0.0,0.0,0.0,0.0,0.0,,0.0,,0.0,0.0
MOL_07189,FC(F)(F)C(F)(F)C(F)(F)C(F)(F)CCI,0.0,0.0,0.0,0.0,1.0,0.0,0.0,0.0,0.0,0.0,0.0,0.0
MOL_07190,CC/C=C\CCOC(=O)CC,0.0,0.0,0.0,0.0,0.0,0.0,0.0,0.0,0.0,0.0,0.0,0.0
MOL_07191,CO[PH](=O)OC,0.0,0.0,0.0,0.0,0.0,0.0,0.0,0.0,0.0,0.0,0.0,0.0
MOL_07192,C=CC(C)(CCC=C(C)C)OC(=O)CC,0.0,0.0,0.0,0.0,0.0,0.0,0.0,0.0,0.0,0.0,0.0,0.0
MOL_07193,CN1C(=O)CC[C@H]1c1cccnc1,0.0,0.0,0.0,0.0,0.0,0.0,0.0,0.0,0.0,0.0,0.0,0.0
MOL_07194,C[C@H]1C[C@@H](O)CC(C)(C)C1,0.0,0.0,0.0,0.0,0.0,0.0,0.0,0.0,0.0,0.0,0.0,0.0
MOL_07195,ClP(Cl)c1ccccc1,0.0,0.0,0.0,0.0,0.0,0.0,0.0,0.0,0.0,0.0,0.0,0.0
MOL_07196,C1COCO1,0.0,0.0,0.0,0.0,0.0,0.0,0.0,0.0,0.0,0.0,,0.0
MOL_07197,Cc1c(O)cccc1O,0.0,0.0,,0.0,0.0,0.0,0.0,0.0,0.0,0.0,0.0,0.0
MOL_07198,CCOC(=O)CC([O-])C(=O)OCC,0.0,0.0,0.0,0.0,0.0,0.0,0.0,0.0,0.0,0.0,0.0,0.0
MOL_07199,c1ccc(CCc2ccccc2)cc1,0.0,0.0,0.0,0.0,0.0,0.0,0.0,0.0,0.0,0.0,0.0,0.0
MOL_07200,COC(=O)c1ccccc1,0.0,0.0,0.0,0.0,0.0,0.0,0.0,0.0,0.0,0.0,0.0,0.0
MOL_07201,C=CC(=O)OCC(C)OCC(C)OCC(C)OC(=O)C=C,0.0,1.0,0.0,,,1.0,1.0,,1.0,,,
MOL_07202,Cc1ccc(CO)cc1,0.0,0.0,0.0,0.0,0.0,0.0,0.0,0.0,0.0,0.0,0.0,0.0
MOL_07203,C/C=C(/C)C#N,0.0,0.0,0.0,0.0,0.0,0.0,0.0,0.0,0.0,0.0,0.0,0.0
MOL_07204,C=CC(=O)OCC[N+](C)(C)C,0.0,0.0,0.0,0.0,0.0,0.0,0.0,1.0,0.0,0.0,0.0,0.0
MOL_07205,O=C(C=Cc1ccccc1)OCc1ccccc1,0.0,0.0,0.0,0.0,1.0,0.0,0.0,1.0,0.0,0.0,0.0,0.0
MOL_07206,N#Cc1ccccc1O,0.0,0.0,1.0,0.0,0.0,0.0,0.0,0.0,0.0,0.0,0.0,0.0
MOL_07207,CCCCCCCCCCCCCCCC[N+](C)(C)Cc1ccccc1,0.0,,0.0,,,0.0,,,,,1.0,
MOL_07208,CC(N)C12CC3CC(CC(C3)C1)C2,0.0,0.0,0.0,0.0,0.0,0.0,0.0,0.0,0.0,0.0,,0.0
MOL_07209,CC(C)(N)Cc1ccc(Cl)cc1,0.0,0.0,0.0,0.0,0.0,0.0,0.0,0.0,0.0,0.0,,0.0
MOL_07210,CCCCC(CC)COC(=O)COc1ccc(Cl)cc1C,0.0,0.0,0.0,0.0,0.0,0.0,0.0,0.0,0.0,0.0,0.0,0.0
MOL_07211,COc1cc(NCc2ccc3nc(N)nc(N)c3c2C)cc(OC)c1OC,,,,,,,,1.0,,0.0,,
MOL_07212,CN(C)CC[C@@H](c1ccc(Br)cc1)c1ccccn1,0.0,0.0,0.0,0.0,0.0,0.0,0.0,0.0,0.0,0.0,0.0,0.0
MOL_07213,O[C@@H](c1cc(C(F)(F)F)nc2c(C(F)(F)F)cccc12)[C@H]1CCCCN1,0.0,,,,1.0,,,,,0.0,,
MOL_07214,O=C(O)CCC(=O)O.c1ccc(C2(c3ccccc3)CC2C2=NCCN2)cc1,0.0,,0.0,0.0,1.0,0.0,0.0,,0.0,,0.0,0.0
MOL_07215,CC1NCCOC1c1ccccc1,0.0,0.0,0.0,0.0,0.0,0.0,0.0,0.0,0.0,0.0,0.0,0.0
MOL_07216,CCCc1ncc(C(=O)O)s1,,,,,,,,0.0,,0.0,,
MOL_07217,O=C(CCOCCOCCOCCOCCC(=O)Nc1c(I)cc(I)c(C(=O)O)c1I)Nc1c(I)cc(I)c(C(=O)O)c1I,,,,,,,,0.0,,0.0,,
MOL_07218,CCCCCC(CO)CCC,0.0,0.0,0.0,0.0,0.0,0.0,0.0,0.0,0.0,0.0,0.0,0.0
MOL_07219,Cc1cccc2[nH]nnc12,0.0,0.0,0.0,0.0,0.0,0.0,0.0,0.0,0.0,0.0,0.0,0.0
MOL_07220,CCCCCCCCCCCC(=O)OC[C@@H](O)[C@H]1OC[C@H](OCCO)[C@H]1OCCO,0.0,0.0,0.0,1.0,0.0,0.0,0.0,1.0,0.0,0.0,0.0,0.0
MOL_07221,CS(=O)(=O)OCC(O)C(O)COS(C)(=O)=O,0.0,0.0,,0.0,0.0,0.0,0.0,,0.0,,0.0,0.0
MOL_07222,C=CCN(CC=C)CC=C,0.0,0.0,0.0,0.0,0.0,0.0,0.0,1.0,0.0,0.0,,0.0
MOL_07223,C=CCn1c(=O)n(CC=C)c(=O)n(CC=C)c1=O,0.0,0.0,0.0,0.0,0.0,0.0,0.0,0.0,0.0,0.0,0.0,0.0
MOL_07224,O=C(NCO)NCO,0.0,0.0,0.0,0.0,0.0,0.0,0.0,0.0,0.0,0.0,0.0,0.0
MOL_07225,Cc1cccc(O)c1C,0.0,0.0,0.0,0.0,0.0,0.0,0.0,0.0,0.0,0.0,0.0,0.0
MOL_07226,Cc1ccc(C)c(O)c1,0.0,0.0,0.0,0.0,0.0,0.0,0.0,0.0,0.0,0.0,0.0,0.0
MOL_07227,Cc1cc(C)cc(O)c1,0.0,0.0,0.0,0.0,0.0,0.0,0.0,0.0,0.0,0.0,0.0,0.0
MOL_07228,CN(C)c1ccc(N)cc1,,0.0,1.0,,1.0,0.0,0.0,1.0,1.0,0.0,1.0,0.0
MOL_07229,COc1cc2c(cc1O)CCN[C@]21CS[C@@H]2c3c(OC(C)=O)c(C)c4c(c3[C@H](COC1=O)N1[C@@H](O)[C@@H]3Cc5cc(C)c(OC)c(O)c5[C@H]([C@H]21)N3C)OCO4,0.0,,,,,0.0,,,0.0,,,1.0
MOL_07230,Nc1cc(=O)nc(N)[nH]1,0.0,0.0,0.0,0.0,0.0,0.0,0.0,0.0,0.0,0.0,0.0,0.0
MOL_07231,Cc1coc2c1CCC(C)C2,,,,0.0,,0.0,0.0,0.0,0.0,0.0,,0.0
MOL_07232,Nc1c[n+](N2CCOCC2)no1,0.0,0.0,0.0,0.0,0.0,0.0,0.0,0.0,0.0,0.0,0.0,0.0
MOL_07233,CC(C)(Cl)Cl,0.0,0.0,0.0,0.0,0.0,0.0,0.0,0.0,0.0,0.0,0.0,0.0
MOL_07234,O=C(O)Cc1ccc(OCCNC[C@H](O)c2ccccc2)cc1,0.0,,0.0,0.0,0.0,0.0,0.0,0.0,0.0,1.0,0.0,0.0
MOL_07235,CN1CCCN(C(c2ccccc2)c2ccc(Cl)cc2)CC1,0.0,0.0,0.0,0.0,0.0,0.0,,1.0,0.0,0.0,,
MOL_07236,Cn1cc(NC(=O)c2cc(NC(=O)c3cc(NC=O)cn3C)cn2C)cc1C(=O)NCCC(=N)N,0.0,0.0,0.0,0.0,,0.0,0.0,,0.0,,0.0,0.0
MOL_07237,CC(=O)O[C@H]1CC[C@@]2(C)C(=CC[C@H]3[C@@H]4CC=C(c5cccnc5)[C@@]4(C)CC[C@@H]32)C1,0.0,0.0,0.0,0.0,1.0,1.0,0.0,,0.0,,0.0,0.0
MOL_07238,c1ccc(-c2ccc(C(c3ccccc3)n3ccnc3)cc2)cc1,0.0,,1.0,1.0,0.0,,0.0,,0.0,1.0,0.0,
MOL_07239,CCCCC(=O)O[C@]1(C(=O)CO)CC[C@H]2[C@@H]3CCC4=CC(=O)CC[C@]4(C)[C@H]3[C@@H](O)C[C@@]21C,1.0,1.0,0.0,,0.0,,0.0,0.0,0.0,0.0,0.0,0.0
MOL_07240,CC[N+](C)(CC)CCOC(=O)C(O)(c1ccccc1)C1CCCCC1,0.0,0.0,0.0,0.0,,0.0,0.0,0.0,0.0,0.0,0.0,0.0
MOL_07241,O=C(O)c1ccc(OCCn2ccnc2)cc1,0.0,0.0,0.0,0.0,0.0,0.0,0.0,,0.0,,0.0,0.0
MOL_07242,CCCCCCCCNC(C)C(O)c1ccc(SC(C)C)cc1,0.0,,0.0,,,,0.0,,,1.0,,
MOL_07243,COc1cc(OC)nc(NC(=O)[N-]S(=O)(=O)c2ncccc2OCC(F)(F)F)n1,0.0,0.0,,0.0,,0.0,0.0,0.0,0.0,0.0,0.0,0.0
MOL_07244,CN/C(=N/[N+](=O)[O-])NCC1CCOC1,0.0,0.0,0.0,,0.0,0.0,0.0,0.0,0.0,0.0,0.0,0.0
MOL_07245,CC1(C)OC[C@@H]2O[C@@]3(C(=O)[O-])OC(C)(C)O[C@H]3[C@@H]2O1,0.0,0.0,,0.0,0.0,0.0,0.0,0.0,0.0,0.0,0.0,0.0
MOL_07246,O=Cc1ccccc1Cl,0.0,0.0,0.0,0.0,0.0,0.0,0.0,,0.0,0.0,0.0,0.0
MOL_07247,Nc1cccc(Cl)c1,0.0,0.0,0.0,0.0,0.0,0.0,0.0,0.0,0.0,0.0,0.0,0.0
MOL_07248,CCOc1ccc(N)c([N+](=O)[O-])c1,0.0,0.0,0.0,0.0,0.0,0.0,0.0,0.0,0.0,0.0,0.0,0.0
MOL_07249,Cc1ccc(-c2nc3ccc(C)cn3c2CC(=O)N(C)C)cc1,1.0,0.0,,,0.0,0.0,0.0,0.0,0.0,0.0,0.0,0.0
MOL_07250,CN1CCCC(n2nc(Cc3ccc(Cl)cc3)c3ccccc3c2=O)CC1,0.0,0.0,0.0,0.0,0.0,0.0,0.0,0.0,0.0,0.0,,0.0
MOL_07251,O=C1C=C2C=C[C@@H]3C[C@@]2(O1)[C@H]1CCCCN31,0.0,0.0,,,,0.0,,,1.0,,0.0,
MOL_07252,Clc1ccc(CO/N=C(\Cn2ccnc2)c2ccc(Cl)cc2Cl)c(Cl)c1,0.0,0.0,1.0,1.0,0.0,0.0,0.0,,0.0,1.0,0.0,
MOL_07253,CCCCCCCCCCCCCCCCOP(=O)([O-])OCC[N+](C)(C)C,0.0,0.0,0.0,0.0,0.0,0.0,0.0,,0.0,0.0,,0.0
MOL_07254,CC(=O)Nc1ccccc1O,0.0,0.0,1.0,0.0,0.0,0.0,0.0,1.0,0.0,0.0,0.0,0.0
MOL_07255,CCCc1cc(C(N)=S)ccn1,0.0,0.0,0.0,0.0,0.0,0.0,0.0,0.0,0.0,0.0,0.0,0.0
MOL_07256,CC(=O)Nc1cccc(O)c1,0.0,0.0,0.0,0.0,0.0,0.0,0.0,0.0,0.0,0.0,0.0,0.0
MOL_07257,CO/N=C1\CN(c2nc3c(cc2F)c(=O)c(C(=O)O)cn3C2CC2)CC1CN,0.0,0.0,,0.0,0.0,0.0,0.0,,0.0,0.0,0.0,0.0
MOL_07258,C=CCCC#N,0.0,0.0,0.0,0.0,0.0,0.0,0.0,0.0,0.0,0.0,0.0,0.0
MOL_07259,C=CC/C=C/C,0.0,0.0,0.0,0.0,,0.0,0.0,0.0,0.0,0.0,,0.0
MOL_07260,CCCCOC(=O)CC,0.0,0.0,0.0,0.0,0.0,0.0,0.0,0.0,0.0,0.0,0.0,0.0
MOL_07261,CC1=CCC(=C(C)C)CC1,0.0,0.0,0.0,0.0,1.0,0.0,0.0,0.0,0.0,0.0,0.0,0.0
MOL_07262,CCCCOC(=O)COC(=O)c1ccccc1C(=O)OCCCC,0.0,0.0,0.0,0.0,0.0,0.0,0.0,0.0,0.0,0.0,0.0,0.0
MOL_07263,Fc1ccc([C@@H]2CCNC[C@H]2COc2ccc3c(c2)OCO3)cc1,0.0,0.0,0.0,,,0.0,,,0.0,,,
MOL_07264,CCSC(=O)N(CC(C)C)CC(C)C,0.0,0.0,0.0,0.0,0.0,0.0,0.0,0.0,0.0,0.0,0.0,0.0
MOL_07265,NC1=NC(=O)C(c2ccccc2)O1,0.0,0.0,0.0,0.0,0.0,0.0,0.0,0.0,0.0,0.0,0.0,0.0
MOL_07266,CCC(=O)c1ccc(O)cc1,0.0,0.0,0.0,0.0,0.0,0.0,0.0,,0.0,0.0,0.0,0.0
MOL_07267,CCCCCCCC(=O)Oc1c(Br)cc(C#N)cc1Br,0.0,,0.0,,,0.0,,0.0,,0.0,1.0,0.0
MOL_07268,CC(=O)OCC(=O)[C@@]1(O)[C@H](C)C[C@H]2[C@@H]3C[C@H](F)C4=CC(=O)C=C[C@]4(C)[C@H]3[C@@H](O)C[C@@]21C,1.0,1.0,,,0.0,0.0,0.0,,0.0,,0.0,0.0
MOL_07269,CCCCCCCCCCC,0.0,0.0,,,0.0,0.0,0.0,0.0,0.0,0.0,0.0,0.0
MOL_07270,CCCCCCCCCCC=O,0.0,0.0,0.0,0.0,1.0,0.0,0.0,0.0,0.0,0.0,0.0,0.0
MOL_07271,CC1=CC(=O)CC(C)(C)C1=O,0.0,0.0,0.0,0.0,0.0,0.0,0.0,0.0,0.0,0.0,0.0,0.0
MOL_07272,CCCCCCCCCCCCC(=O)O,0.0,0.0,0.0,0.0,,0.0,0.0,,0.0,0.0,0.0,0.0
MOL_07273,O=C(O)CCCCCCCCCCCC(=O)O,0.0,0.0,0.0,0.0,0.0,0.0,0.0,0.0,0.0,0.0,0.0,0.0
MOL_07274,O=C(CCl)C(Cl)Cl,0.0,1.0,,,1.0,1.0,1.0,1.0,0.0,,,1.0
MOL_07275,CCC(C)c1ccc(O)cc1,0.0,0.0,0.0,0.0,,0.0,0.0,0.0,0.0,0.0,1.0,0.0
MOL_07276,CCCCCCCC(=O)N(C)C,0.0,0.0,0.0,0.0,0.0,0.0,0.0,0.0,0.0,0.0,0.0,0.0
MOL_07277,CCC(C)c1ccccc1O,0.0,0.0,0.0,0.0,0.0,0.0,0.0,0.0,0.0,0.0,1.0,0.0
MOL_07278,CN(C)CCCCCCN(C)C,0.0,0.0,0.0,0.0,0.0,0.0,0.0,0.0,0.0,0.0,0.0,0.0
MOL_07279,O=C(O)c1nn(Cc2ccc(Cl)cc2Cl)c2ccccc12,0.0,,0.0,0.0,1.0,1.0,,1.0,0.0,0.0,0.0,0.0
MOL_07280,CC[C@H](C)C(=O)O[C@H]1C[C@@H](C)C=C2C=C[C@H](C)[C@H](CC[C@@H]3C[C@@H](O)CC(=O)O3)[C@H]21,0.0,0.0,0.0,1.0,0.0,0.0,0.0,1.0,0.0,0.0,1.0,0.0
MOL_07281,O=C(Nc1cccc([N+](=O)[O-])c1)c1cc2ccccc2cc1O,0.0,0.0,1.0,,,0.0,0.0,1.0,0.0,,1.0,
MOL_07282,CN(C)c1ccc(O)c2c1C[C@H]1C[C@H]3[C@H](N(C)C)C(O)=C(C(N)=O)C(=O)[C@@]3(O)C(O)=C1C2=O,0.0,0.0,1.0,0.0,0.0,0.0,0.0,0.0,0.0,0.0,0.0,0.0
MOL_07283,CCCCCCCC1CCCC1=O,0.0,0.0,0.0,0.0,0.0,0.0,0.0,0.0,0.0,0.0,,0.0
MOL_07284,CC1=CC(C)C(C=O)C(C)C1,0.0,0.0,0.0,0.0,0.0,0.0,0.0,0.0,0.0,0.0,0.0,0.0
MOL_07285,O=S(=O)([O-])c1ccc2cc(O)c(S(=O)(=O)[O-])cc2c1,0.0,0.0,0.0,0.0,0.0,0.0,0.0,0.0,0.0,0.0,0.0,0.0
MOL_07286,NC[C@H]1O[C@H](O[C@@H]2[C@@H](N)C[C@@H](N)[C@H](O[C@H]3O[C@H](CO)[C@@H](O)[C@H](N)[C@H]3O)[C@H]2O)[C@H](N)C[C@@H]1O,0.0,0.0,0.0,0.0,0.0,0.0,0.0,,0.0,,0.0,0.0
MOL_07287,Cc1ccc(C(=O)c2cc(O)c(O)c([N+](=O)[O-])c2)cc1,0.0,,,0.0,0.0,0.0,,,0.0,0.0,1.0,0.0
MOL_07288,N#C[Au-]C#N,0.0,,,,,1.0,,1.0,1.0,1.0,,
MOL_07289,Cc1ccc(O)c([C@H](CCN(C(C)C)C(C)C)c2ccccc2)c1,0.0,,0.0,0.0,0.0,0.0,0.0,0.0,0.0,0.0,1.0,0.0
MOL_07290,CC(C)N1CCN(c2ccc(OC[C@H]3CO[C@](Cn4cncn4)(c4ccc(Cl)cc4Cl)O3)cc2)CC1,0.0,0.0,1.0,,0.0,0.0,0.0,,0.0,,,0.0
MOL_07291,CCCCCCCCCCCCn1cc[n+](C)c1.O=S(=O)([N-]S(=O)(=O)C(F)(F)F)C(F)(F)F,0.0,0.0,0.0,1.0,,,,,0.0,,,
MOL_07292,CCCCCCCCCCn1cc[n+](C)c1.O=S(=O)([O-])C(F)(F)F,0.0,0.0,0.0,1.0,,,0.0,1.0,0.0,0.0,1.0,
MOL_07293,Clc1ccc(CSC(Cn2ccnc2)c2ccc(Cl)cc2Cl)cc1,0.0,0.0,0.0,1.0,0.0,0.0,0.0,,0.0,1.0,,
MOL_07294,COc1cc2nc(N3CCN(C(=O)C4CCCO4)CC3)nc(N)c2cc1OC,0.0,0.0,0.0,0.0,0.0,0.0,0.0,0.0,0.0,0.0,,0.0
MOL_07295,OCCOc1ccccc1,0.0,0.0,0.0,0.0,0.0,0.0,0.0,0.0,0.0,0.0,0.0,0.0
MOL_07296,CNCC(O)c1ccc(OC(=O)C(C)(C)C)c(OC(=O)C(C)(C)C)c1,0.0,0.0,,0.0,0.0,0.0,0.0,,0.0,,,0.0
MOL_07297,O=C(OCC(O)CO)c1ccccc1Nc1ccnc2cc(Cl)ccc12,0.0,0.0,,,0.0,0.0,0.0,1.0,0.0,1.0,,0.0
MOL_07298,CN(C/C=C/c1ccccc1)Cc1cccc2ccccc12,0.0,0.0,0.0,0.0,0.0,0.0,0.0,0.0,0.0,0.0,0.0,0.0
MOL_07299,O=NN1CCN(N=O)CC1,0.0,0.0,,0.0,0.0,0.0,0.0,0.0,0.0,0.0,0.0,0.0
MOL_07300,C=C(C)[C@H]1CC=C(C)C(=O)C1,0.0,0.0,0.0,0.0,0.0,0.0,0.0,0.0,0.0,0.0,0.0,0.0
MOL_07301,Oc1ccccc1O,0.0,0.0,1.0,,0.0,1.0,0.0,1.0,0.0,0.0,0.0,0.0
MOL_07302,ClC(Cl)(Cl)Cl,0.0,0.0,0.0,0.0,0.0,0.0,0.0,0.0,0.0,0.0,0.0,0.0
MOL_07303,O=[N+]([O-])c1ccc(O)c([N+](=O)[O-])c1,0.0,,,0.0,,0.0,,1.0,,0.0,1.0,0.0
MOL_07304,CCC(Br)(CC)C(=O)NC(N)=O,0.0,0.0,0.0,0.0,0.0,0.0,0.0,0.0,0.0,0.0,0.0,0.0
MOL_07305,CC1=C(/C=C/C(C)=C/C=C/C(C)=C/C=C\C=C(C)\C=C\C=C(C)\C=C\C2=C(C)CCCC2(C)C)C(C)(C)CCC1,0.0,0.0,0.0,0.0,0.0,0.0,0.0,,0.0,,0.0,0.0
MOL_07306,Cc1c([N+](=O)[O-])cccc1[N+](=O)[O-],0.0,0.0,0.0,0.0,0.0,0.0,0.0,0.0,0.0,0.0,0.0,0.0
MOL_07307,Cc1ccc([N+](=O)[O-])cc1[N+](=O)[O-],0.0,0.0,0.0,0.0,0.0,0.0,0.0,0.0,0.0,0.0,0.0,0.0
MOL_07308,CC1=C(C(=O)O)N2C(=O)[C@@H](NC(=O)[C@H](N)C3=CCC=CC3)[C@H]2SC1,0.0,0.0,0.0,0.0,0.0,0.0,0.0,0.0,0.0,0.0,0.0,0.0
MOL_07309,CCCCC(CC)COC(=O)COc1cc(Cl)c(Cl)cc1Cl,0.0,0.0,0.0,0.0,0.0,0.0,0.0,0.0,0.0,0.0,0.0,0.0
MOL_07310,CCCCOCCOC(=O)COc1cc(Cl)c(Cl)cc1Cl,0.0,0.0,0.0,0.0,0.0,0.0,0.0,0.0,0.0,0.0,0.0,0.0
MOL_07311,O=C(O)c1cccnc1C(=O)O,0.0,0.0,0.0,0.0,0.0,0.0,0.0,0.0,0.0,0.0,0.0,0.0
MOL_07312,CC(O)C(C)O,0.0,0.0,0.0,0.0,0.0,0.0,0.0,0.0,0.0,0.0,0.0,0.0
MOL_07313,CCCC[N+]1(C)CCCC1.F[B-](F)(F)F,0.0,0.0,0.0,0.0,0.0,0.0,0.0,0.0,0.0,0.0,0.0,0.0
MOL_07314,CCC(=O)c1cccc(Cl)c1,0.0,0.0,0.0,0.0,0.0,0.0,0.0,0.0,0.0,0.0,,0.0
MOL_07315,CCOS(=O)(=O)[O-].CCn1cc[n+](C)c1,0.0,0.0,0.0,0.0,0.0,0.0,0.0,0.0,0.0,0.0,0.0,0.0
MOL_07316,CCCC[n+]1ccc(C)cc1.F[B-](F)(F)F,0.0,0.0,0.0,0.0,0.0,0.0,0.0,,0.0,0.0,0.0,0.0
MOL_07317,CCCCCCCCCCCCCCCCCBr,0.0,0.0,0.0,0.0,0.0,0.0,0.0,0.0,0.0,0.0,,0.0
MOL_07318,O=[N+]([O-])c1ccc(F)c(Cl)c1,0.0,0.0,0.0,0.0,0.0,0.0,0.0,0.0,0.0,0.0,0.0,0.0
MOL_07319,CC[n+]1ccccc1.F[B-](F)(F)F,0.0,0.0,0.0,0.0,0.0,0.0,0.0,0.0,0.0,0.0,0.0,0.0
MOL_07320,CCCCn1cc[n+](C)c1.Cl[Fe-](Cl)(Cl)Cl,0.0,0.0,0.0,0.0,0.0,0.0,0.0,,0.0,0.0,0.0,0.0
MOL_07321,O=C(Nc1ccc(F)cc1F)c1cccnc1Oc1cccc(C(F)(F)F)c1,0.0,0.0,1.0,0.0,0.0,0.0,0.0,0.0,0.0,0.0,1.0,0.0
MOL_07322,OCC=Cc1ccccc1,0.0,0.0,0.0,0.0,1.0,0.0,0.0,0.0,0.0,0.0,0.0,0.0
MOL_07323,C/C=C(\C)C(C)=O,0.0,0.0,0.0,0.0,0.0,0.0,0.0,0.0,0.0,0.0,0.0,0.0
MOL_07324,CCCC(CC)c1ccccc1,0.0,0.0,0.0,0.0,0.0,0.0,0.0,0.0,0.0,0.0,0.0,0.0
MOL_07325,Cc1cc(CC(=O)O)c(C)n1-c1ccc(Cl)cc1,,,,,,,,,,0.0,,
MOL_07326,CCCCC(CC)C(=O)OCCOCCOCCOC(=O)C(CC)CCCC,0.0,0.0,0.0,0.0,0.0,0.0,0.0,0.0,0.0,0.0,0.0,0.0
MOL_07327,O=P([O-])(O)C(O)(Cc1cccnc1)P(=O)([O-])O,,,,,,,,0.0,,0.0,,
MOL_07328,Cc1cc(C(C)(C)c2cc(C)c(O)c(C)c2)cc(C)c1O,0.0,,0.0,,1.0,1.0,,,0.0,0.0,,1.0
MOL_07329,CCCSC(=O)Cl,0.0,0.0,0.0,0.0,0.0,0.0,0.0,0.0,0.0,0.0,0.0,0.0
MOL_07330,O=C(O)C(Cc1cc(I)c(O)c(I)c1)c1ccccc1,0.0,0.0,0.0,0.0,,0.0,1.0,0.0,0.0,0.0,0.0,0.0
MOL_07331,CC(O)COC(C)(C)C,,,0.0,0.0,,0.0,0.0,0.0,0.0,0.0,0.0,0.0
MOL_07332,C1COC1,,,,0.0,,0.0,0.0,0.0,0.0,0.0,0.0,0.0
MOL_07333,CC(=O)/C=C/c1ccccc1,0.0,0.0,0.0,0.0,0.0,0.0,0.0,0.0,0.0,,0.0,0.0
MOL_07334,FC(F)(F)C(F)(F)C(F)(F)C(F)(F)C(F)(F)C(F)(F)C(F)(F)C(F)(F)Br,0.0,0.0,0.0,0.0,0.0,0.0,0.0,0.0,0.0,0.0,0.0,0.0
MOL_07335,NCc1ccccc1Sc1ccccc1CO,0.0,0.0,0.0,0.0,0.0,0.0,0.0,0.0,0.0,0.0,0.0,0.0
MOL_07336,c1ccc(CNCCNCc2ccccc2)cc1,,,,,,,,0.0,,0.0,,
MOL_07337,CCCc1ccc(C(=O)O)cc1,0.0,0.0,0.0,0.0,0.0,0.0,0.0,,0.0,,0.0,0.0
MOL_07338,O=C(O)c1ccccc1-c1ccc(C(F)(F)F)cc1,0.0,0.0,,0.0,0.0,0.0,1.0,0.0,0.0,0.0,0.0,0.0
MOL_07339,C=CCCCCCCCCC(=O)OC,0.0,0.0,0.0,0.0,0.0,0.0,0.0,,0.0,,0.0,0.0
MOL_07340,CC(=O)Oc1ccc(C)cc1,0.0,0.0,0.0,0.0,0.0,0.0,0.0,0.0,0.0,0.0,0.0,0.0
MOL_07341,O=C([O-])c1nc(O)nc(O)n1,0.0,0.0,0.0,0.0,0.0,0.0,,,0.0,,0.0,0.0
MOL_07342,[O-][n+]1cccc(CO)c1,0.0,0.0,0.0,0.0,,0.0,0.0,0.0,0.0,0.0,0.0,0.0
MOL_07343,OC[C@H]1O[C@@H](O)[C@H](O)[C@@H](O)[C@@H]1O[C@@H]1O[C@H](CO)[C@H](O)[C@H](O)[C@H]1O,0.0,0.0,0.0,0.0,0.0,0.0,0.0,0.0,0.0,0.0,,0.0
MOL_07344,CNc1c2c(nn1C)CCCC2,0.0,0.0,0.0,0.0,0.0,0.0,0.0,0.0,0.0,0.0,0.0,0.0
MOL_07345,CC(O)C(=O)O,1.0,0.0,0.0,0.0,0.0,0.0,0.0,0.0,0.0,0.0,0.0,0.0
MOL_07346,Nc1nnc(-c2cccc(Cl)c2Cl)c(N)n1,0.0,0.0,,0.0,0.0,0.0,0.0,0.0,0.0,0.0,,0.0
MOL_07347,O=C(O)c1cc(C(=O)O)cc([N+](=O)[O-])c1,0.0,0.0,0.0,0.0,0.0,0.0,0.0,0.0,0.0,0.0,0.0,0.0
MOL_07348,CCOCN(C(=O)CCl)c1c(C)cccc1CC,0.0,0.0,0.0,,0.0,0.0,,1.0,0.0,1.0,,0.0
MOL_07349,CC(=O)O[C@H]1C[C@H](O[C@H]2[C@@H](O)C[C@H](O[C@H]3[C@@H](O)C[C@H](OC4CC[C@@]5(C)C(CC[C@@H]6[C@@H]5CC[C@]5(C)[C@@H](C7=CC(=O)OC7)[C@@H](O)C[C@]65O)C4)O[C@@H]3C)O[C@@H]2C)O[C@H](C)[C@H]1O[C@@H]1O[C@H](CO)[C@@H](O)[C@H](O)[C@H]1O,,,0.0,,,0.0,1.0,,,,1.0,1.0
MOL_07350,COc1cc2c(cc1OC)C(C(C(=O)N(CCc1ccc(OC)c(OC)c1OC)CCc1ccc(OC)c(OC)c1OC)c1ccccc1)=NCC2,0.0,0.0,,0.0,0.0,0.0,,0.0,0.0,0.0,,0.0
MOL_07351,COC(=O)C(CN)c1c[nH]c2ccc(OC)cc12,0.0,0.0,1.0,0.0,0.0,0.0,0.0,,0.0,,0.0,0.0
MOL_07352,CN1CCC(Nc2ncc3ncnc(Nc4ccc(F)c(Cl)c4)c3n2)CC1,0.0,1.0,1.0,,0.0,,1.0,1.0,1.0,1.0,,1.0
MOL_07353,Cc1cccc(C)c1NC(=O)c1ccccc1C(=O)O,0.0,0.0,,0.0,,0.0,0.0,0.0,0.0,0.0,0.0,0.0
MOL_07354,OB(O)O[Hg]c1ccccc1,0.0,1.0,,,,1.0,,,1.0,,,1.0
MOL_07355,CC(=O)c1sc(C)nc1C,0.0,0.0,0.0,0.0,0.0,0.0,0.0,0.0,0.0,0.0,0.0,0.0
MOL_07356,CCC(=O)C(=O)CC,0.0,0.0,0.0,0.0,0.0,0.0,0.0,0.0,0.0,0.0,0.0,0.0
MOL_07357,CC1(C)S[C@@H]2[C@H](NC(=O)[C@H](N)c3ccccc3)C(=O)N2[C@H]1C(=O)OCOC(=O)[C@@H]1N2C(=O)C[C@H]2S(=O)(=O)C1(C)C,0.0,,0.0,0.0,0.0,0.0,,,0.0,,0.0,
MOL_07358,CN[C@@H]1[C@H](O[C@H]2[C@H](O[C@@H]3[C@@H](NC(=N)N)[C@H](O)[C@@H](NC(=N)N)[C@H](O)[C@H]3O)O[C@@H](C)[C@]2(O)CO)O[C@@H](CO)[C@H](O)[C@H]1O.CN[C@@H]1[C@H](O[C@H]2[C@H](O[C@@H]3[C@@H](NC(=N)N)[C@H](O)[C@@H](NC(=N)N)[C@H](O)[C@H]3O)O[C@@H](C)[C@]2(O)CO)O[C@@H](CO)[C@H](O)[C@H]1O,0.0,0.0,0.0,0.0,1.0,0.0,0.0,,0.0,,,0.0
MOL_07359,CN[C@@H](C)[C@H](O)c1ccccc1,0.0,0.0,0.0,0.0,1.0,0.0,0.0,0.0,0.0,0.0,0.0,0.0
MOL_07360,CN1C(=O)C(O)N=C(c2ccccc2)c2cc(Cl)ccc21,0.0,0.0,0.0,0.0,,0.0,0.0,0.0,0.0,0.0,0.0,0.0
MOL_07361,CCC(C)(CC)c1cc(NC(=O)c2c(OC)cccc2OC)on1,0.0,0.0,1.0,0.0,0.0,0.0,,1.0,0.0,0.0,1.0,0.0
MOL_07362,CC(C)NC(=O)N1CC(=O)N(c2cc(Cl)cc(Cl)c2)C1=O,0.0,0.0,1.0,0.0,0.0,0.0,0.0,0.0,0.0,0.0,0.0,0.0
MOL_07363,CC1(C)S[C@@H]2[C@H](NC(=O)C(C(=O)[O-])c3ccccc3)C(=O)N2[C@H]1C(=O)[O-],,,,,,,,0.0,,0.0,,
MOL_07364,CC/C(=C(\c1ccccc1)c1ccc(OCCN(C)C)cc1)c1ccccc1.O=C(O)CC(O)(CC(=O)O)C(=O)O,0.0,0.0,0.0,1.0,,1.0,0.0,,0.0,,,
MOL_07365,ClC=CCCl,0.0,0.0,0.0,0.0,0.0,0.0,0.0,0.0,0.0,0.0,0.0,0.0
MOL_07366,NCCS(=O)(=O)O,0.0,0.0,1.0,0.0,0.0,0.0,0.0,1.0,0.0,0.0,1.0,0.0
MOL_07367,O=c1[nH]c(=O)n(C2CCCO2)cc1F,0.0,0.0,0.0,0.0,0.0,0.0,0.0,0.0,0.0,0.0,0.0,0.0
MOL_07368,CC(C)(C)c1cc(CCC(=O)OCC(COC(=O)CCc2cc(C(C)(C)C)c(O)c(C(C)(C)C)c2)(COC(=O)CCc2cc(C(C)(C)C)c(O)c(C(C)(C)C)c2)COC(=O)CCc2cc(C(C)(C)C)c(O)c(C(C)(C)C)c2)cc(C(C)(C)C)c1O,0.0,0.0,,0.0,1.0,1.0,0.0,0.0,0.0,0.0,,0.0
MOL_07369,CC(C)C(=O)OCC(C)(C)C(OC(=O)C(C)C)C(C)C,0.0,0.0,0.0,0.0,1.0,1.0,0.0,0.0,0.0,0.0,0.0,0.0
MOL_07370,CCCCCCCN,0.0,0.0,0.0,0.0,0.0,0.0,0.0,0.0,0.0,0.0,,0.0
MOL_07371,Cc1cccc2sc(N)nc12,0.0,0.0,1.0,0.0,0.0,0.0,0.0,1.0,0.0,0.0,,0.0
MOL_07372,COc1cccc2sc(N)nc12,,0.0,1.0,0.0,0.0,0.0,0.0,0.0,0.0,0.0,1.0,0.0
MOL_07373,COc1ccc2nc(N)sc2c1,0.0,0.0,1.0,,1.0,0.0,0.0,0.0,0.0,0.0,0.0,0.0
MOL_07374,CCOc1ccc2nc(N)sc2c1,0.0,0.0,1.0,,1.0,0.0,0.0,,1.0,0.0,,0.0
MOL_07375,ClC1C(Cl)C(Cl)C(Cl)C(Cl)C1Cl,0.0,0.0,0.0,0.0,1.0,1.0,0.0,0.0,0.0,0.0,0.0,0.0
MOL_07376,Cc1ccc(O)c(N)c1,0.0,0.0,1.0,,,0.0,1.0,1.0,1.0,0.0,,0.0
MOL_07377,Cc1ccc(N)cc1O,0.0,0.0,1.0,0.0,0.0,0.0,0.0,1.0,0.0,0.0,,0.0
MOL_07378,Cl[C@H]1[C@H](Cl)[C@@H](Cl)[C@H](Cl)[C@@H](Cl)[C@@H]1Cl,0.0,0.0,0.0,0.0,1.0,,0.0,0.0,0.0,0.0,0.0,0.0
MOL_07379,Cl[C@H]1[C@H](Cl)[C@@H](Cl)[C@H](Cl)[C@H](Cl)[C@H]1Cl,0.0,0.0,,,0.0,0.0,0.0,,0.0,0.0,1.0,0.0
MOL_07380,CCOP(O)OCC,0.0,0.0,0.0,0.0,0.0,0.0,0.0,0.0,0.0,0.0,0.0,0.0
MOL_07381,C[Si](C)(C)O[Si](O)(O)O,0.0,0.0,0.0,,0.0,0.0,0.0,0.0,0.0,0.0,,0.0
MOL_07382,OCCc1ccncc1,0.0,0.0,0.0,0.0,0.0,0.0,0.0,0.0,0.0,0.0,0.0,0.0
MOL_07383,C=C(C)C(=O)OCCOP(=O)(O)O,0.0,0.0,0.0,0.0,,0.0,0.0,0.0,0.0,0.0,0.0,0.0
MOL_07384,O=C(c1cc(O)c(O)c(O)c1)c1ccc(O)c(O)c1O,0.0,0.0,1.0,0.0,0.0,0.0,,,0.0,0.0,1.0,1.0
MOL_07385,CC(C)(C)NC(=O)[C@@H]1CN(Cc2cccnc2)CCN1C[C@@H](O)C[C@@H](Cc1ccccc1)C(=O)N[C@H]1c2ccccc2C[C@H]1O,,0.0,0.0,,,0.0,0.0,0.0,0.0,0.0,0.0,0.0
MOL_07386,O=C1[C@H](CC[C@H](O)c2ccc(F)cc2)[C@@H](c2ccc(O)cc2)N1c1ccc(F)cc1,0.0,0.0,,0.0,0.0,0.0,0.0,,0.0,0.0,1.0,0.0
MOL_07387,O=[N+]([O-])c1c(Cl)c(Cl)cc(Cl)c1Cl,0.0,0.0,0.0,0.0,,,0.0,,0.0,0.0,0.0,0.0
MOL_07388,FC(Cl)(Cl)C(F)(Cl)Cl,0.0,0.0,0.0,0.0,0.0,0.0,0.0,0.0,0.0,0.0,0.0,0.0
MOL_07389,O=[N+]([O-])c1cc(Cl)c(Cl)c(Cl)c1Cl,0.0,1.0,0.0,,0.0,0.0,0.0,1.0,1.0,,,
MOL_07390,NS(=O)(=O)c1cc2c(cc1Cl)N=C(CSCc1ccccc1)NS2(=O)=O,0.0,0.0,0.0,0.0,0.0,0.0,0.0,0.0,0.0,0.0,0.0,0.0
MOL_07391,COc1c(C(C)(C)C)cc([N+](=O)[O-])c(C)c1[N+](=O)[O-],0.0,0.0,0.0,,0.0,1.0,0.0,0.0,0.0,0.0,1.0,0.0
MOL_07392,C1COCCN1,0.0,0.0,0.0,0.0,0.0,0.0,0.0,0.0,0.0,0.0,0.0,0.0
MOL_07393,CCCCC(CC)COC(=O)c1ccccc1C(=O)O,0.0,0.0,0.0,0.0,0.0,0.0,1.0,0.0,0.0,0.0,0.0,0.0
MOL_07394,CCCCNc1ccc(C(=O)OCCOCCOCCOCCOCCOCCOCCOCCOCCOC)cc1,0.0,0.0,0.0,0.0,0.0,0.0,0.0,,0.0,0.0,1.0,0.0
MOL_07395,CCN(CC)C(=O)C1CN2CCc3cc(OC)c(OC)cc3C2CC1OC(C)=O,,,,,,,,0.0,,0.0,,
MOL_07396,COc1ccc(NC(C)=O)cc1,0.0,0.0,0.0,0.0,1.0,0.0,0.0,0.0,0.0,0.0,0.0,0.0
MOL_07397,BrCc1ccc(Br)cc1,0.0,,0.0,0.0,0.0,0.0,0.0,0.0,0.0,0.0,0.0,0.0
MOL_07398,O=C(O)c1ccc2ccccc2c1O.OCc1cc(C(O)CNCCCCCCOCCCCc2ccccc2)ccc1O,0.0,0.0,1.0,,,0.0,,0.0,0.0,0.0,,0.0
MOL_07399,CCCC(C(=O)OCCN(CC)CC)(c1ccccc1)c1ccccc1,0.0,0.0,0.0,,0.0,0.0,0.0,0.0,0.0,0.0,,0.0
MOL_07400,CN1CCN(C2Cc3ccccc3Sc3ccc(Cl)cc32)CC1,0.0,0.0,,,0.0,0.0,,,0.0,,,
MOL_07401,CCCN1CCC[C@@H](c2cccc(O)c2)C1,0.0,0.0,0.0,0.0,0.0,0.0,0.0,,0.0,,0.0,0.0
MOL_07402,CCC(CC)C(C)CCOC(C)=O,0.0,0.0,0.0,0.0,0.0,0.0,0.0,,0.0,0.0,0.0,0.0
MOL_07403,CC(C)NCC(O)COc1ccc(COCCOC(C)C)cc1.CC(C)NCC(O)COc1ccc(COCCOC(C)C)cc1,0.0,0.0,0.0,0.0,0.0,0.0,0.0,0.0,0.0,0.0,0.0,0.0
MOL_07404,C[C@@H]1C(=O)N=C2Nc3cccc(Cl)c3CN21,0.0,0.0,0.0,0.0,0.0,0.0,0.0,,0.0,,0.0,0.0
MOL_07405,O=CCCCC=O,0.0,0.0,0.0,,0.0,0.0,1.0,0.0,1.0,0.0,0.0,1.0
MOL_07406,CC(Cc1ccc(O)c(O)c1)C(C)Cc1ccc(O)c(O)c1,0.0,0.0,,0.0,,1.0,,0.0,0.0,1.0,1.0,
MOL_07407,N#C[Fe-2](C#N)(C#N)(C#N)(C#N)N=O,0.0,0.0,0.0,0.0,0.0,0.0,0.0,1.0,0.0,0.0,0.0,0.0
MOL_07408,c1ccc2c(c1)ccc1c3ccccc3ccc21,0.0,0.0,1.0,,0.0,0.0,0.0,1.0,,0.0,0.0,0.0
MOL_07409,O=C(O)c1ccccc1C(c1ccc(O)cc1)c1ccc(O)cc1,0.0,0.0,,0.0,0.0,0.0,0.0,0.0,0.0,0.0,0.0,0.0
MOL_07410,Cn1sc(Cl)cc1=O,1.0,0.0,0.0,0.0,0.0,0.0,0.0,0.0,0.0,,0.0,0.0
MOL_07411,CCCCCCCC1CCC(=O)O1,0.0,0.0,0.0,0.0,0.0,0.0,0.0,0.0,0.0,0.0,0.0,0.0
MOL_07412,O=C(O)COc1ccc(Cl)cc1,0.0,0.0,0.0,0.0,0.0,0.0,0.0,0.0,0.0,0.0,0.0,0.0
MOL_07413,CCCCCCCCCCCCn1cc[n+](C)c1.O=S(=O)([O-])C(F)(F)F,0.0,,,1.0,,,,1.0,,,1.0,
MOL_07414,COc1cccc(C(=O)NN(C(=O)c2cc(C)cc(C)c2)C(C)(C)C)c1C,0.0,0.0,,0.0,0.0,0.0,0.0,0.0,0.0,0.0,,0.0
MOL_07415,C#CCOC(=O)/C=C(C)/C=C/CC(C)CCCC(C)C,0.0,0.0,0.0,0.0,,0.0,0.0,0.0,0.0,0.0,0.0,0.0
MOL_07416,COC(C)(C)CCCC(C)C/C=C/C(C)=C/C(=O)OC(C)C,0.0,0.0,1.0,0.0,0.0,0.0,,1.0,0.0,0.0,1.0,0.0
MOL_07417,Cc1cc(=O)[nH]o1,0.0,0.0,0.0,0.0,0.0,0.0,0.0,0.0,0.0,0.0,0.0,0.0
MOL_07418,O=C(O)CCCc1c[nH]c2ccccc12,0.0,,0.0,0.0,0.0,0.0,0.0,0.0,0.0,0.0,0.0,0.0
MOL_07419,O=C(O)[C@H]1[C@@H](O)CC[C@H]2CN3CCc4c([nH]c5ccccc45)[C@@H]3C[C@@H]21,0.0,0.0,,0.0,0.0,0.0,0.0,0.0,0.0,0.0,,0.0
MOL_07420,COc1ccc2cc([C@H](C)C(=O)[O-])ccc2c1,0.0,0.0,0.0,0.0,0.0,0.0,0.0,0.0,0.0,0.0,0.0,0.0
MOL_07421,CC(=O)OCC1=C(C(=O)[O-])N2C(=O)[C@@H](NC(=O)CSc3ccncc3)[C@H]2SC1,0.0,0.0,0.0,0.0,0.0,0.0,0.0,,0.0,0.0,0.0,0.0
MOL_07422,Cc1ccsc1/C=C/C1=NCCCN1C,,,,,,,,0.0,,0.0,,
MOL_07423,CC1(C)[C@@H](OC(=O)CCC(=O)[O-])CC[C@@]2(C)[C@H]1CC[C@]1(C)[C@@H]2C(=O)C=C2[C@@H]3C[C@@](C)(C(=O)[O-])CC[C@]3(C)CC[C@]21C,0.0,0.0,0.0,0.0,0.0,0.0,0.0,1.0,0.0,0.0,0.0,0.0
MOL_07424,CC[C@@]1([C@@H]2O[C@@H]([C@H]3O[C@@](O)(CO)[C@H](C)C[C@@H]3C)C[C@@H]2C)CC[C@H]([C@]2(C)CC[C@]3(C[C@H](O)[C@@H](C)[C@@H]([C@@H](C)[C@@H](OC)[C@H](C)C(=O)[O-])O3)O2)O1,0.0,0.0,0.0,0.0,0.0,0.0,,,0.0,,,0.0
MOL_07425,CCOc1ccc2ccccc2c1C(=O)N[C@@H]1C(=O)N2[C@@H](C(=O)[O-])C(C)(C)S[C@H]12,0.0,0.0,,0.0,0.0,0.0,0.0,1.0,0.0,0.0,0.0,0.0
MOL_07426,CCC(NC(C)C)C(O)c1ccc(O)c(O)c1,0.0,0.0,0.0,0.0,0.0,0.0,0.0,,0.0,,0.0,0.0
MOL_07427,O=S(=O)([O-])c1ccc(N=Nc2c(O)ccc3ccccc23)cc1,0.0,0.0,1.0,,0.0,0.0,0.0,,0.0,0.0,,0.0
MOL_07428,O=C1OC2(c3ccc(O)cc3Oc3cc(O)ccc32)c2ccccc21,0.0,,0.0,0.0,1.0,0.0,,,0.0,,1.0,
MOL_07429,CCOP(=O)(OCC)Oc1nc(Cl)c(Cl)cc1Cl,0.0,0.0,,1.0,,1.0,,,0.0,,1.0,
MOL_07430,CCNc1ccc(C(=C2C=CC(=[N+](CC)CC)C=C2)c2ccc(N(CC)CC)cc2)c2ccccc12,0.0,,,1.0,,,,0.0,,1.0,1.0,
MOL_07431,COc1cc(/C=C/c2ccccc2)oc(=O)c1,,0.0,,,1.0,0.0,0.0,,1.0,0.0,,0.0
MOL_07432,CCCCCCCCCCC(CO)CCCCCCCC,0.0,0.0,0.0,0.0,0.0,0.0,0.0,0.0,0.0,0.0,0.0,0.0
MOL_07433,CN(C)C(=S)[S-],0.0,0.0,0.0,,0.0,0.0,,,0.0,1.0,0.0,0.0
MOL_07434,CC(C)(C)c1cccc(C(C)(C)C)c1O,0.0,0.0,0.0,0.0,0.0,0.0,0.0,0.0,0.0,0.0,1.0,0.0
MOL_07435,Cc1cccc(C)c1NC(=O)c1cc(S(N)(=O)=O)c(Cl)cc1O,0.0,0.0,0.0,0.0,,0.0,0.0,0.0,0.0,0.0,0.0,0.0
MOL_07436,OC1OC[C@@H](O)[C@H](O)[C@H]1O,0.0,0.0,0.0,0.0,0.0,0.0,0.0,0.0,0.0,0.0,0.0,0.0
MOL_07437,COc1cc(C(=O)NS(=O)(=O)c2ccccc2C)ccc1Cc1cn(C)c2ccc(NC(=O)OC3CCCC3)cc12,0.0,0.0,1.0,0.0,0.0,0.0,1.0,1.0,0.0,0.0,1.0,
MOL_07438,Nc1ccn([C@H]2CC[C@@H](CO)O2)c(=O)n1,0.0,0.0,0.0,0.0,0.0,0.0,0.0,0.0,0.0,0.0,0.0,0.0
MOL_07439,N[C@@H](Cc1cc(I)c(Oc2ccc(O)c(I)c2)c(I)c1)C(=O)O,0.0,0.0,1.0,0.0,1.0,1.0,0.0,0.0,0.0,0.0,1.0,0.0
MOL_07440,N[C@@H](Cc1cc(I)c(Oc2cc(I)c(O)c(I)c2)c(I)c1)C(=O)O,0.0,0.0,1.0,,0.0,0.0,0.0,0.0,0.0,0.0,0.0,0.0
MOL_07441,CN(CCO)CC(O)Cn1cnc2c1c(=O)n(C)c(=O)n2C.O=C(O)c1cccnc1,0.0,0.0,0.0,0.0,0.0,0.0,0.0,,0.0,,0.0,0.0
MOL_07442,CCN(C(C)=O)c1cccc(-c2ccnc3c(C#N)cnn23)c1,0.0,0.0,0.0,,0.0,0.0,0.0,0.0,0.0,0.0,0.0,0.0
MOL_07443,CC(=O)N[C@@H]1[C@@H](NC(=N)N)C=C(C(=O)O)O[C@H]1[C@H](O)[C@H](O)CO,0.0,0.0,0.0,0.0,0.0,0.0,0.0,0.0,0.0,0.0,0.0,0.0
MOL_07444,CC[N+]1(CCOC(=O)C(O)(c2ccccc2)c2ccccc2)CCCCC1,1.0,1.0,0.0,,1.0,,0.0,,0.0,0.0,0.0,0.0
MOL_07445,c1ccc2c(c1)CCc1ccccc1N2,0.0,0.0,1.0,0.0,1.0,,0.0,0.0,0.0,0.0,,0.0
MOL_07446,O=C(O)c1cc(Cl)ccc1Cl,0.0,0.0,0.0,0.0,0.0,0.0,0.0,0.0,0.0,0.0,0.0,0.0
MOL_07447,O=C(O)c1c(Cl)cccc1Cl,0.0,0.0,0.0,0.0,0.0,0.0,0.0,0.0,0.0,0.0,0.0,0.0
MOL_07448,O=C(O)c1cccc(Cl)c1Cl,1.0,,0.0,0.0,0.0,0.0,0.0,0.0,0.0,0.0,0.0,0.0
MOL_07449,O=C(O)c1ccc(Cl)cc1Cl,,,0.0,0.0,,0.0,0.0,0.0,0.0,0.0,0.0,0.0
MOL_07450,O=C1C=CC(=O)N1,0.0,,0.0,,0.0,0.0,0.0,0.0,,1.0,,
MOL_07451,O=Cc1c(Cl)cccc1Cl,0.0,0.0,,0.0,0.0,0.0,0.0,0.0,0.0,0.0,0.0,0.0
MOL_07452,O=Cc1ccc(Cl)c(Cl)c1,0.0,0.0,0.0,0.0,0.0,0.0,0.0,0.0,0.0,0.0,,0.0
MOL_07453,CCC(=O)O[C@H]1[C@H](O[C@@H]2[C@@H](C)[C@H](O[C@H]3C[C@@](C)(OC)[C@@H](O)[C@H](C)O3)[C@@H](C)C(=O)O[C@H](CC)[C@@](C)(O)[C@H](O)[C@@H](C)C(=O)[C@H](C)C[C@@]2(C)O)O[C@H](C)C[C@@H]1N(C)C.CCCCCCCCCCCCOS(=O)(=O)O,0.0,0.0,0.0,,0.0,0.0,0.0,,0.0,,,
MOL_07454,C[C@H]1CC[C@@H]2[C@@H](C)[C@H]3[C@H](C[C@H]4[C@@H]5CC=C6CC(O[C@@H]7O[C@H](CO)[C@H](O)[C@H](O[C@@H]8O[C@H](CO)[C@@H](O)[C@H](O)[C@H]8O)[C@H]7O[C@H]7O[C@@H](C)[C@H](O)[C@@H](O)[C@H]7O)CC[C@]6(C)[C@H]5CC[C@@]43C)N2C1,0.0,0.0,0.0,,0.0,,0.0,,0.0,,,
MOL_07455,C=CC(=O)NCOCCCC,0.0,0.0,0.0,0.0,0.0,0.0,0.0,1.0,0.0,0.0,0.0,0.0
MOL_07456,CCCCCCCCOc1ccc(C(=O)c2ccccc2)c(O)c1,1.0,0.0,0.0,0.0,0.0,0.0,0.0,0.0,0.0,0.0,0.0,0.0
MOL_07457,CCCCCCCCCC#N,0.0,0.0,0.0,0.0,0.0,0.0,0.0,0.0,0.0,,0.0,0.0
MOL_07458,O=C1c2ccccc2CN2C(=O)c3ccccc3CN12,0.0,0.0,0.0,0.0,0.0,0.0,0.0,,0.0,,0.0,0.0
MOL_07459,ClCCCCBr,0.0,0.0,0.0,0.0,0.0,0.0,0.0,0.0,0.0,0.0,,0.0
MOL_07460,CCCCCCCCCCCBr,0.0,0.0,,0.0,0.0,0.0,0.0,0.0,0.0,0.0,,0.0
MOL_07461,COc1nccnc1NS(=O)(=O)c1ccc(N)cc1,0.0,0.0,0.0,0.0,0.0,0.0,0.0,0.0,0.0,0.0,0.0,0.0
MOL_07462,CCCOc1ccc2nc(NC(=O)OC)sc2c1,0.0,0.0,1.0,,1.0,0.0,0.0,,1.0,,1.0,1.0
MOL_07463,CN1CCCC(CN2c3ccccc3Sc3ccccc32)C1,0.0,0.0,,,0.0,0.0,,,0.0,,,0.0
MOL_07464,O=C(CCN1CCN(CCO)CC1)N1c2ccccc2Sc2ccc(C(F)(F)F)cc21,0.0,0.0,0.0,0.0,0.0,0.0,0.0,,0.0,0.0,,0.0
MOL_07465,CCCCCCCCCBr,0.0,0.0,0.0,0.0,0.0,0.0,0.0,0.0,0.0,0.0,0.0,0.0
MOL_07466,O=C(Cl)c1ccc(F)c(Cl)c1,0.0,0.0,0.0,0.0,,0.0,0.0,0.0,0.0,0.0,0.0,0.0
MOL_07467,O=S(=O)(Cl)c1c(Cl)cccc1Cl,0.0,0.0,0.0,0.0,0.0,0.0,0.0,0.0,0.0,0.0,0.0,0.0
MOL_07468,CCCCCCOC(=O)CCCCC,0.0,0.0,0.0,0.0,0.0,0.0,0.0,0.0,0.0,0.0,0.0,0.0
MOL_07469,O=C(O)C(F)(F)C(F)(F)C(F)(F)C(F)(F)C(F)(F)C(F)(F)C(F)(F)C(F)(F)C(F)(F)C(F)(F)F,0.0,0.0,,,0.0,0.0,0.0,,0.0,0.0,,0.0
MOL_07470,CCCCC1CCCCC(=O)O1,0.0,0.0,0.0,0.0,0.0,0.0,,0.0,0.0,0.0,0.0,0.0
MOL_07471,CC=C(C)C(=O)OCCC(C)CCC=C(C)C,0.0,0.0,0.0,0.0,0.0,0.0,0.0,0.0,0.0,0.0,0.0,0.0
MOL_07472,CC/C=C\CCOC(=O)c1ccccc1,0.0,0.0,0.0,0.0,0.0,0.0,0.0,0.0,0.0,0.0,0.0,0.0
MOL_07473,C=C(C)C(=O)OCCC(F)(F)C(F)(F)C(F)(F)C(F)(F)C(F)(F)C(F)(F)F,0.0,0.0,0.0,0.0,0.0,0.0,0.0,0.0,0.0,0.0,0.0,0.0
MOL_07474,CCCCCCOC(=O)CCC,0.0,0.0,0.0,0.0,0.0,0.0,0.0,0.0,0.0,0.0,0.0,0.0
MOL_07475,ClC1=C(Cl)C2(Cl)C(CBr)CC1(Cl)C2(Cl)Cl,0.0,0.0,0.0,0.0,0.0,0.0,0.0,0.0,0.0,0.0,1.0,
MOL_07476,O=[N+]([O-])c1ccc(O/N=C/c2cc(Br)c(O)c(Br)c2)c([N+](=O)[O-])c1,0.0,,,0.0,,,0.0,,0.0,1.0,1.0,
MOL_07477,O=S1(=O)OC(c2cc(Br)c(O)c(Br)c2)(c2cc(Br)c(O)c(Br)c2)c2ccccc21,0.0,0.0,0.0,,,0.0,,0.0,,0.0,,0.0
MOL_07478,CCOP(=S)(OCC)Oc1cc(Cl)c(Br)cc1Cl,0.0,0.0,1.0,0.0,,0.0,0.0,0.0,0.0,0.0,,0.0
MOL_07479,CN(C)c1ccc(C(=C2C=CC(=[N+](C)C)C=C2)c2ccccc2)cc1.CN(C)c1ccc(C(=C2C=CC(=[N+](C)C)C=C2)c2ccccc2)cc1,0.0,,1.0,,,0.0,,,0.0,1.0,1.0,
MOL_07480,CCOC(=O)c1cnc2cc(OCC(C)C)c(OCC(C)C)cc2c1O,0.0,0.0,,0.0,0.0,0.0,0.0,,0.0,,0.0,0.0
MOL_07481,C#CCOS(=O)OC1CCCCC1Oc1ccc(C(C)(C)C)cc1,0.0,,0.0,,,0.0,,1.0,0.0,0.0,1.0,
MOL_07482,O=c1cc(O)c(Cl)c[nH]1,,,,,,,,0.0,,0.0,,
MOL_07483,CC(C)(C)NCC(O)c1cc(Cl)c(N)c(C(F)(F)F)c1,0.0,0.0,0.0,0.0,0.0,0.0,0.0,0.0,0.0,0.0,0.0,0.0
MOL_07484,C[C@]12CC[C@H]3[C@@H](CCC4=C(O)C(=O)CC[C@@]43C)[C@@H]1CCC2=O,1.0,1.0,0.0,1.0,1.0,1.0,0.0,0.0,0.0,0.0,0.0,0.0
MOL_07485,C[C@@H](NCCCc1cccc(C(F)(F)F)c1)c1cccc2ccccc12,0.0,,0.0,,,,,,,,,
MOL_07486,CCCCCc1ccc(C)cc1O,0.0,0.0,0.0,0.0,0.0,0.0,,,0.0,,1.0,0.0
MOL_07487,CCCOC(=O)c1ccccc1O,0.0,0.0,0.0,0.0,0.0,0.0,0.0,,0.0,,0.0,0.0
MOL_07488,CO/N=C(\C(=O)N[C@@H]1C(=O)N2C(C(=O)[O-])=C(C[n+]3ccc(N)n3CCO)CS[C@H]12)c1csc(N)n1,0.0,0.0,,0.0,0.0,0.0,0.0,,0.0,,0.0,0.0
MOL_07489,CCCCCCCCCCCCSC#N,0.0,0.0,0.0,,0.0,0.0,0.0,0.0,0.0,,0.0,0.0
MOL_07490,CC1(C)[C@@H](C(=O)OCc2coc(Cc3ccccc3)c2)[C@H]1/C=C1\CCSC1=O,0.0,0.0,0.0,0.0,,0.0,0.0,1.0,0.0,,,
MOL_07491,CCOP(=S)(OCC)Oc1cc(-c2ccccc2)on1,0.0,0.0,1.0,0.0,1.0,0.0,0.0,0.0,0.0,0.0,,0.0
MOL_07492,CCCCCCCCCCCCN1CCCCCC1=O,0.0,0.0,0.0,,0.0,0.0,,,,,,
MOL_07493,CN(C)C(=O)Nc1cccc(OC(=O)NC(C)(C)C)c1,0.0,0.0,0.0,0.0,0.0,0.0,0.0,1.0,0.0,0.0,0.0,0.0
MOL_07494,Cl[Sn](Cl)(Cl)Cl,0.0,0.0,0.0,0.0,0.0,0.0,0.0,0.0,0.0,0.0,0.0,0.0
MOL_07495,NCc1ccc(S(N)(=O)=O)cc1,0.0,0.0,0.0,0.0,0.0,0.0,0.0,0.0,0.0,0.0,0.0,0.0
MOL_07496,CC1CC(CC2CCC(N)C(C)C2)CCC1N,0.0,0.0,0.0,,0.0,0.0,0.0,,0.0,0.0,0.0,0.0
MOL_07497,CC(O)(P(=O)([O-])O)P(=O)([O-])O,0.0,0.0,0.0,0.0,0.0,0.0,0.0,0.0,0.0,0.0,0.0,0.0
MOL_07498,O=[Si]=O,0.0,0.0,0.0,0.0,0.0,0.0,0.0,0.0,0.0,0.0,0.0,0.0
MOL_07499,CO[Si](C)(OC)c1ccccc1,0.0,0.0,0.0,0.0,0.0,0.0,0.0,0.0,0.0,0.0,0.0,0.0
MOL_07500,Cc1ccc(S(=O)(=O)[N-]Cl)cc1,0.0,0.0,0.0,0.0,0.0,0.0,0.0,0.0,0.0,0.0,0.0,0.0
MOL_07501,[O-]c1ccccc1-c1ccccc1,0.0,0.0,1.0,0.0,0.0,0.0,0.0,1.0,0.0,0.0,1.0,0.0
MOL_07502,O=[N+]([O-])c1cccc2cccc([N+](=O)[O-])c12,0.0,,1.0,,,0.0,0.0,1.0,0.0,0.0,,0.0
MOL_07503,O=[N+]([O-])c1cc([N+](=O)[O-])c2ccc(S(=O)(=O)O)cc2c1O,0.0,0.0,0.0,0.0,0.0,0.0,0.0,0.0,0.0,0.0,0.0,0.0
MOL_07504,O=[N+]([O-])c1cc([N+](=O)[O-])c2ccccc2c1,0.0,0.0,1.0,0.0,0.0,0.0,0.0,1.0,0.0,0.0,,0.0
MOL_07505,O=[N+]([O-])c1cccc2c([N+](=O)[O-])cccc12,0.0,0.0,,0.0,0.0,0.0,0.0,1.0,0.0,0.0,0.0,0.0
MOL_07506,Nc1ccc(Cc2ccc(N)c(Cl)c2)cc1Cl,0.0,0.0,1.0,,,0.0,0.0,0.0,0.0,0.0,1.0,
MOL_07507,CCCCOC(=O)[C@H](C)O,0.0,0.0,0.0,0.0,0.0,0.0,0.0,0.0,0.0,0.0,0.0,0.0
MOL_07508,CCCOC(=O)CC,0.0,0.0,0.0,0.0,0.0,0.0,0.0,0.0,0.0,0.0,,0.0
MOL_07509,CC(COC(C)(C)C)OCCCO,0.0,0.0,0.0,0.0,0.0,0.0,0.0,0.0,0.0,0.0,0.0,0.0
MOL_07510,CC1=C(CC(=O)O)c2cc(F)ccc2/C1=C\c1ccc(S(C)(=O)=O)cc1,0.0,,0.0,0.0,0.0,0.0,0.0,,0.0,0.0,,0.0
MOL_07511,OC[C@H]1O[C@H](O[C@]2(CCl)O[C@H](CCl)[C@@H](O)[C@@H]2O)[C@H](O)[C@@H](O)[C@H]1Cl,0.0,0.0,0.0,0.0,0.0,0.0,0.0,0.0,0.0,0.0,0.0,0.0
MOL_07512,CC[C@H](C)[C@H]1O[C@]2(C=C[C@@H]1C)C[C@@H]1C[C@@H](CC=C(C)[C@@H](O[C@H]3C[C@H](OC)[C@@H](O[C@H]4C[C@H](OC)[C@@H]([NH2+]C)[C@H](C)O4)[C@H](C)O3)[C@@H](C)C=CC=C3CO[C@@H]4[C@H](O)C(C)=C[C@@H](C(=O)O1)[C@]34O)O2.O=C([O-])c1ccccc1,0.0,,0.0,,,,,,,,1.0,
MOL_07513,CN[C@H]1CC[C@@H](c2ccc(Cl)c(Cl)c2)c2ccccc21,0.0,0.0,0.0,,,0.0,,,,,,
MOL_07514,O=C(Nc1ccc(/C=C/c2ccc(NC(=O)c3cc(S(=O)(=O)O)c4cccnc4c3O)cc2S(=O)(=O)O)c(S(=O)(=O)O)c1)c1cc(S(=O)(=O)O)c2cccnc2c1O,0.0,0.0,0.0,0.0,0.0,0.0,0.0,,0.0,,,0.0
MOL_07515,CCOP(=S)(OCC)SCSC(C)(C)C,0.0,0.0,0.0,0.0,0.0,0.0,0.0,0.0,0.0,0.0,,0.0
MOL_07516,CN(CC(=O)N1CCOCC1)Cc1c(Cl)cccc1NC(=O)c1ccccc1,0.0,0.0,1.0,0.0,0.0,0.0,0.0,,0.0,,,0.0
MOL_07517,CN1CCN(C2=Nc3ccccc3Cc3ccccc32)CC1,0.0,0.0,0.0,0.0,0.0,0.0,0.0,,0.0,,,0.0
MOL_07518,O=C(Cn1c(=O)sc2ccc(Cl)cc21)N1CCN(CCO)CC1,0.0,0.0,0.0,0.0,0.0,0.0,0.0,,0.0,,0.0,0.0
MOL_07519,COc1cc(C[C@@H]2NCCc3cc(O)c(O)cc32)cc(OC)c1OC,0.0,0.0,0.0,0.0,0.0,0.0,0.0,,0.0,,,0.0
MOL_07520,O=C1CCC(N2C(=O)c3ccccc3C2=O)C(=O)N1,0.0,0.0,0.0,0.0,0.0,0.0,0.0,0.0,0.0,0.0,0.0,0.0
MOL_07521,CCCCOCCOCCO,0.0,0.0,0.0,0.0,0.0,0.0,0.0,0.0,0.0,0.0,0.0,0.0
MOL_07522,O=C(O)/C=C/C(=O)O,0.0,0.0,,0.0,1.0,1.0,0.0,1.0,0.0,0.0,0.0,0.0
MOL_07523,O=C(O)/C=C\C(=O)O,0.0,0.0,0.0,0.0,0.0,0.0,0.0,0.0,0.0,0.0,0.0,0.0
MOL_07524,CCC(C)=O,0.0,0.0,0.0,0.0,0.0,0.0,0.0,0.0,0.0,0.0,0.0,0.0
MOL_07525,CCCC(=O)O,0.0,0.0,0.0,0.0,0.0,0.0,0.0,0.0,0.0,0.0,0.0,0.0
MOL_07526,CCCC=O,0.0,0.0,0.0,0.0,0.0,0.0,0.0,0.0,0.0,0.0,0.0,0.0
MOL_07527,CC(C)=CC1C(C(=O)OCc2coc(Cc3ccccc3)c2)C1(C)C,0.0,0.0,0.0,0.0,0.0,0.0,,1.0,0.0,1.0,,0.0
MOL_07528,CC[C@H]1OC(=O)[C@H](C)[C@@H](O[C@H]2C[C@@](C)(OC)[C@@H](O)[C@H](C)O2)[C@H](C)[C@@H](O[C@@H]2O[C@H](C)C[C@H](N(C)C)[C@H]2O)[C@](C)(O)C[C@@H](C)C(=O)[C@H](C)[C@@H](O)[C@]1(C)O,0.0,0.0,0.0,0.0,1.0,,0.0,,0.0,,0.0,0.0
MOL_07529,CCC(=O)OC,0.0,0.0,0.0,0.0,0.0,0.0,0.0,0.0,0.0,0.0,0.0,0.0
MOL_07530,c1cc(-c2ccncc2)ccn1,0.0,0.0,0.0,0.0,0.0,0.0,0.0,0.0,0.0,0.0,0.0,0.0
MOL_07531,C[Si]1(C)O[Si](C)(C)O[Si](C)(C)O[Si](C)(C)O1,0.0,0.0,0.0,0.0,0.0,0.0,0.0,0.0,0.0,0.0,0.0,0.0
MOL_07532,CN=C=S,0.0,0.0,0.0,0.0,0.0,0.0,0.0,0.0,0.0,0.0,0.0,0.0
MOL_07533,CC(C)=CCO,0.0,0.0,0.0,0.0,0.0,0.0,0.0,0.0,0.0,0.0,0.0,0.0
MOL_07534,COP(=O)(OC)O/C(C)=C/C(=O)N(C)C,0.0,0.0,0.0,0.0,0.0,0.0,0.0,0.0,0.0,0.0,,0.0
MOL_07535,ClCCOCOCCCl,0.0,0.0,0.0,0.0,0.0,0.0,0.0,0.0,0.0,0.0,0.0,0.0
MOL_07536,CC(C)=CCl,0.0,0.0,0.0,0.0,1.0,1.0,0.0,0.0,0.0,0.0,0.0,0.0
MOL_07537,O=C1c2c(O)ccc(Nc3ccc(CCO)cc3)c2C(=O)c2c([N+](=O)[O-])ccc(O)c21,0.0,,1.0,,0.0,0.0,,1.0,0.0,0.0,1.0,0.0
MOL_07538,O=C1C(O)=C([C@H]2CC[C@H](c3ccc(Cl)cc3)CC2)C(=O)c2ccccc21,0.0,,1.0,0.0,0.0,0.0,0.0,1.0,0.0,0.0,,1.0
MOL_07539,Oc1ccc(-c2ccccc2)c(Cl)c1,1.0,0.0,,0.0,1.0,,0.0,1.0,0.0,0.0,1.0,
MOL_07540,O=C1CCCCCCCCCCC(=O)OCCO1,0.0,0.0,0.0,,0.0,0.0,0.0,0.0,0.0,0.0,,0.0
MOL_07541,O=[PH]1Oc2ccccc2-c2ccccc21,0.0,0.0,,0.0,0.0,0.0,0.0,0.0,0.0,0.0,0.0,0.0
MOL_07542,O=[N+]([O-])C1(Br)COCOC1,0.0,0.0,0.0,,0.0,0.0,0.0,,0.0,,,0.0
MOL_07543,CC(NC(C)(C)C)C(=O)c1cccc(Cl)c1,0.0,0.0,0.0,0.0,0.0,0.0,0.0,0.0,0.0,0.0,0.0,0.0
MOL_07544,CC#CCC(C)[C@H](O)/C=C/C1[C@H]2C/C(=C/CCCC(=O)O)C[C@H]2C[C@H]1O,0.0,0.0,0.0,0.0,1.0,0.0,0.0,,0.0,,0.0,0.0
MOL_07545,CC(C)Cn1cnc2c(N)nc3ccccc3c21,0.0,0.0,1.0,0.0,,0.0,0.0,,0.0,0.0,0.0,0.0
MOL_07546,CN(C)CCCN(C)CCCN(C)C,0.0,0.0,0.0,,,0.0,0.0,0.0,0.0,0.0,0.0,0.0
MOL_07547,NCCCOCCOCCOCCCN,0.0,0.0,,0.0,0.0,0.0,0.0,1.0,0.0,0.0,0.0,0.0
MOL_07548,N#CSc1ccc(N)c([N+](=O)[O-])c1,0.0,0.0,,,0.0,0.0,,,0.0,,1.0,0.0
MOL_07549,CC(=O)N[C@H]1[C@@H](O[C@@H]2C(C(=O)[O-])C[C@@H](O[C@@H]3[C@@H](CO)O[C@H](OC4C(C(=O)[O-])O[C@@H](OC5[C@H]6CO[C@H](O6)[C@H](NS(=O)(=O)[O-])[C@H]5O)[C@H](O)[C@H]4O)[C@H](NC(C)=O)[C@H]3C)[C@H](O)[C@H]2O)O[C@H](COS(=O)(=O)O)[C@@H](O[C@@H]2OC(C(=O)[O-])=C[C@H](O)[C@H]2O)[C@@H]1O,0.0,0.0,0.0,0.0,0.0,0.0,0.0,,0.0,,0.0,0.0
MOL_07550,C=C[C@H]1CN2CC[C@H]1C[C@H]2[C@H](OC(=O)OCC)c1ccnc2ccc(OC)cc12,1.0,1.0,,0.0,1.0,0.0,0.0,,0.0,,0.0,0.0
MOL_07551,CC(C)=CCC[C@@](C)(O)[C@H]1CC=C(C)CC1,,,,,,,,0.0,,0.0,,
MOL_07552,O=C1c2c(O)cccc2[C@H]([C@@H]2O[C@H](CO)[C@@H](O)[C@H](O)[C@H]2O)c2cc(CO)cc(O)c21,1.0,0.0,0.0,0.0,1.0,0.0,0.0,,0.0,,0.0,0.0
MOL_07553,CC(N)Cc1ccc(O)cc1,0.0,0.0,0.0,0.0,0.0,0.0,0.0,,0.0,,0.0,0.0
MOL_07554,O=C1c2ccccc2C(=O)c2c1ccc(O)c2O,0.0,0.0,1.0,0.0,,1.0,0.0,0.0,0.0,0.0,1.0,0.0
MOL_07555,COc1cc(OC)cc(OC)c1,0.0,0.0,0.0,0.0,0.0,0.0,0.0,0.0,0.0,0.0,0.0,0.0
MOL_07556,CCC(=O)C(CC(C)N(C)C)(c1ccccc1)c1ccccc1,0.0,0.0,0.0,0.0,0.0,0.0,0.0,0.0,0.0,0.0,0.0,0.0
MOL_07557,Cc1c(N(C)C)c(=O)n(-c2ccccc2)n1C,0.0,0.0,0.0,0.0,0.0,0.0,0.0,0.0,0.0,0.0,0.0,0.0
MOL_07558,CN(C)CCO,1.0,0.0,0.0,0.0,0.0,0.0,0.0,0.0,0.0,0.0,0.0,0.0
MOL_07559,CN(C)c1ccccc1,0.0,0.0,0.0,0.0,0.0,0.0,0.0,0.0,0.0,0.0,0.0,0.0
MOL_07560,C[As](C)(=O)O,0.0,0.0,0.0,0.0,0.0,0.0,0.0,0.0,0.0,1.0,0.0,0.0
MOL_07561,CC1(C)C(=O)NC(=O)NC1=O,0.0,0.0,0.0,0.0,0.0,0.0,0.0,0.0,0.0,0.0,0.0,0.0
MOL_07562,O=C(c1ccc(O)cc1O)c1ccc(O)cc1O,0.0,0.0,1.0,0.0,1.0,1.0,0.0,0.0,0.0,1.0,1.0,1.0
MOL_07563,C=C(C)C(=O)OCCOC1CC2CC1C1C=CCC21,0.0,0.0,0.0,0.0,0.0,0.0,0.0,0.0,0.0,0.0,0.0,0.0
MOL_07564,OCC(c1ccc(Cl)cc1)c1ccc(Cl)cc1,0.0,0.0,0.0,,,0.0,,,0.0,0.0,,
MOL_07565,CCN(CC)CCOC(=O)c1ccc(N)cc1Cl,0.0,0.0,0.0,0.0,0.0,0.0,0.0,,0.0,,0.0,0.0
MOL_07566,CCN(CC)C(=O)c1ccc(O)c(OC)c1,0.0,0.0,0.0,0.0,0.0,0.0,0.0,0.0,0.0,0.0,0.0,0.0
MOL_07567,C1CNCCN1.C[C@]12CC[C@@H]3c4ccc(OS(=O)(=O)O)cc4CC[C@H]3[C@@H]1CCC2=O,0.0,0.0,0.0,0.0,1.0,1.0,0.0,,0.0,,0.0,0.0
MOL_07568,CCCCC(=O)O[C@H]1CC[C@H]2[C@@H]3CCc4cc(O)ccc4[C@H]3CC[C@]12C,1.0,1.0,0.0,0.0,1.0,1.0,0.0,,0.0,,,0.0
MOL_07569,CC(=O)OC(C)OC(=O)C(C)c1ccc(-c2ccccc2)c(F)c1,0.0,0.0,0.0,0.0,0.0,0.0,0.0,0.0,0.0,0.0,0.0,0.0
MOL_07570,CCCCCCC(=O)O[C@H]1CC[C@H]2[C@@H]3CCc4cc(O)ccc4[C@H]3CC[C@]12C,1.0,1.0,0.0,0.0,1.0,1.0,0.0,,0.0,,,0.0
MOL_07571,CCC(=O)Oc1ccc2c(c1)CC[C@@H]1[C@@H]2CC[C@]2(C)[C@@H](OC(=O)CC)CC[C@@H]12,1.0,1.0,0.0,,1.0,1.0,0.0,,0.0,,0.0,
MOL_07572,CCN(CC)CCNC(=O)c1cc(S(C)(=O)=O)ccc1OC,0.0,0.0,0.0,0.0,0.0,0.0,0.0,0.0,0.0,0.0,0.0,0.0
MOL_07573,FC(F)(F)c1ccccc1-n1ccnc1,0.0,0.0,0.0,1.0,0.0,0.0,0.0,0.0,0.0,0.0,0.0,0.0
MOL_07574,N#CC(C#N)=Cc1cc(O)c(O)c(O)c1,0.0,0.0,0.0,,0.0,0.0,0.0,,0.0,,,0.0
MOL_07575,N#CC(C#N)=Cc1ccc(O)c(O)c1,0.0,0.0,0.0,0.0,0.0,,0.0,,0.0,0.0,1.0,0.0
MOL_07576,O=C(O)C(F)(F)C(F)(F)C(F)(F)C(F)(F)C(F)(F)C(F)(F)C(F)(F)C(F)(F)F,0.0,0.0,,,0.0,0.0,,1.0,0.0,0.0,0.0,1.0
MOL_07577,O=C(O)C(F)(F)C(F)(F)C(F)(F)C(F)(F)C(F)(F)F,0.0,,0.0,0.0,0.0,0.0,0.0,0.0,0.0,0.0,,0.0
MOL_07578,O=C(O)C(F)(F)C(F)(F)C(F)(F)C(F)(F)C(F)(F)C(F)(F)C(F)(F)C(F)(F)C(F)(F)F,0.0,0.0,0.0,,0.0,0.0,0.0,,0.0,0.0,0.0,0.0
MOL_07579,O=C(O)C(F)(F)C(F)(F)C(F)(F)C(F)(F)C(F)(F)C(F)(F)C(F)(F)F,0.0,0.0,0.0,,0.0,0.0,0.0,1.0,0.0,0.0,0.0,0.0
MOL_07580,O=S(=O)(O)C(F)(F)C(F)(F)C(F)(F)C(F)(F)C(F)(F)C(F)(F)C(F)(F)C(F)(F)F,0.0,0.0,0.0,,0.0,0.0,0.0,,0.0,0.0,,
MOL_07581,COC(=O)[C@@H]1CC2=CC(=O)CC[C@]2(C)[C@@]23O[C@@H]2C[C@@]2(C)[C@@H](CC[C@@]24CCC(=O)O4)[C@H]13,,0.0,0.0,,0.0,0.0,0.0,0.0,0.0,0.0,0.0,0.0
MOL_07582,CC(C)CC(=O)N[C@H](C(=O)N[C@H](C(=O)N[C@@H](CC(C)C)[C@@H](O)CC(=O)N[C@@H](C)C(=O)N[C@@H](CC(C)C)[C@@H](O)CC(=O)O)C(C)C)C(C)C,0.0,0.0,0.0,0.0,,0.0,0.0,0.0,0.0,0.0,0.0,0.0
MOL_07583,CN(C)CCc1ccc(O)cc1,0.0,0.0,0.0,0.0,0.0,0.0,0.0,0.0,0.0,0.0,0.0,0.0
MOL_07584,CC1(C)S[C@@H]2[C@H](N)C(=O)N2[C@H]1C(=O)O,0.0,0.0,,0.0,0.0,0.0,0.0,,0.0,,0.0,0.0
MOL_07585,c1cc2c(c(N3CCNCC3)c1)OCCO2,0.0,0.0,0.0,0.0,0.0,0.0,0.0,0.0,0.0,0.0,0.0,0.0
MOL_07586,CC1(CN2CCC(n3c(=O)[nH]c4ccccc43)CC2)OCc2ccccc2-n2cccc21,0.0,0.0,0.0,1.0,,0.0,,,,0.0,,0.0
MOL_07587,CN1C(=O)[C@@H](NC(=O)c2cc3ccccc3[nH]2)N=C(c2ccccc2)c2ccccc21,0.0,0.0,1.0,1.0,,0.0,,1.0,1.0,,1.0,
MOL_07588,O=c1[nH]c2cc(C(F)(F)F)c(N3CCOCC3)cc2n(CP(=O)(O)O)c1=O,0.0,0.0,0.0,0.0,0.0,0.0,0.0,0.0,0.0,0.0,0.0,0.0
MOL_07589,COC1=CC=C2[C@H]3Cc4ccc(OC)c5c4[C@@]2(CCN3C)[C@H]1O5,0.0,0.0,0.0,0.0,0.0,0.0,0.0,,0.0,,0.0,0.0
MOL_07590,FC(F)(F)C(F)(F)C(F)(F)C(F)(F)C(F)(F)C(F)(F)F,0.0,0.0,0.0,0.0,0.0,0.0,0.0,,0.0,,0.0,0.0
MOL_07591,Cc1ccc(N(SC(F)(Cl)Cl)S(=O)(=O)N(C)C)cc1,0.0,,0.0,1.0,,0.0,,,0.0,,1.0,
MOL_07592,CC(=O)Nc1ccc(S(=O)(=O)Cl)cc1,0.0,0.0,0.0,0.0,0.0,0.0,0.0,0.0,0.0,0.0,,0.0
MOL_07593,Cc1ccc([N+](=O)[O-])cc1Cl,0.0,0.0,0.0,0.0,0.0,0.0,0.0,0.0,0.0,0.0,,0.0
MOL_07594,COCC(=O)Nc1cc(Sc2ccccc2)ccc1N=C(NC(=O)OC)NC(=O)OC,,0.0,,0.0,0.0,0.0,0.0,,0.0,,0.0,1.0
MOL_07595,CC(C)[C@@]1(NC(=O)[C@@H]2C[C@@H]3c4cccc5[nH]cc(c45)C[C@H]3N(C)C2)O[C@@]2(O)[C@@H]3CCCN3C(=O)[C@H](Cc3ccccc3)N2C1=O,0.0,0.0,0.0,,0.0,0.0,,,0.0,,,0.0
MOL_07596,C[C@@H](CO)NC(=O)[C@@H]1C=C2c3cccc4[nH]cc(c34)C[C@H]2N(C)C1,1.0,1.0,0.0,0.0,0.0,0.0,0.0,,0.0,,,0.0
MOL_07597,CCN(CC)C(=O)N[C@@H]1C=C2c3cccc4[nH]cc(c34)C[C@@H]2N(C)C1,0.0,0.0,1.0,,0.0,0.0,0.0,0.0,,0.0,1.0,0.0
MOL_07598,C=CCN1CCc2nc(N)sc2CC1,0.0,0.0,0.0,0.0,0.0,0.0,0.0,0.0,0.0,0.0,0.0,0.0
MOL_07599,CN(C(=O)Cc1ccccc1)[C@H]1CC[C@@]2(CCCO2)C[C@@H]1N1CCCC1,0.0,0.0,0.0,0.0,0.0,0.0,0.0,0.0,0.0,0.0,,0.0
MOL_07600,CN1C[C@@H](NS(=O)(=O)N(C)C)C[C@@H]2c3cccc4c3c(cn4C)C[C@H]21,0.0,0.0,,0.0,0.0,0.0,0.0,0.0,0.0,0.0,0.0,0.0
MOL_07601,C=CCN1CC[C@]23c4c5ccc(O)c4O[C@H]2C(=O)CC[C@@]3(O)[C@H]1C5.CI,0.0,0.0,0.0,0.0,,0.0,0.0,,0.0,,0.0,0.0
MOL_07602,CC(C)(C)NSc1nc2ccccc2s1,0.0,0.0,1.0,1.0,0.0,0.0,,1.0,0.0,1.0,1.0,0.0
MOL_07603,C=CCC1=C(C)C(OC(=O)C2C(C=C(C)C)C2(C)C)CC1=O,0.0,0.0,0.0,,,0.0,,,0.0,1.0,,
MOL_07604,CC1=CC(=O)CCC1,0.0,0.0,0.0,0.0,0.0,0.0,0.0,0.0,0.0,0.0,0.0,0.0
MOL_07605,CC(C)c1ccccc1C(C)C,0.0,0.0,0.0,0.0,0.0,0.0,0.0,0.0,0.0,0.0,,0.0
MOL_07606,O=C=NC1CCC(CC2CCC(N=C=O)CC2)CC1,0.0,0.0,0.0,0.0,0.0,0.0,0.0,0.0,0.0,0.0,0.0,0.0
MOL_07607,CCCCOCC(C)O,0.0,0.0,0.0,0.0,0.0,0.0,0.0,,0.0,0.0,,0.0
MOL_07608,C=C(C)C(=O)OCC[N+](C)(C)C,0.0,0.0,0.0,0.0,0.0,0.0,0.0,,0.0,0.0,0.0,0.0
MOL_07609,c1ccc2sc(SN(C3CCCCC3)C3CCCCC3)nc2c1,0.0,0.0,1.0,,0.0,0.0,0.0,1.0,0.0,0.0,0.0,0.0
MOL_07610,CC(C)C(=O)OCC(C)(C)C(O)C(C)C,0.0,0.0,0.0,0.0,0.0,0.0,0.0,0.0,0.0,0.0,0.0,0.0
MOL_07611,Cc1cccc(Cl)c1,0.0,0.0,0.0,0.0,0.0,0.0,0.0,0.0,0.0,0.0,0.0,0.0
MOL_07612,C1=CCCC=CCCC=CCC1,0.0,0.0,0.0,0.0,0.0,0.0,0.0,0.0,0.0,0.0,0.0,0.0
MOL_07613,C=C(C)C#N,0.0,0.0,0.0,0.0,0.0,0.0,0.0,0.0,0.0,0.0,0.0,0.0
MOL_07614,COP(N)(=O)SC,0.0,0.0,0.0,0.0,0.0,0.0,0.0,0.0,0.0,0.0,0.0,0.0
MOL_07615,CCCCSP(=O)(SCCCC)SCCCC,0.0,0.0,0.0,0.0,0.0,0.0,0.0,0.0,0.0,0.0,0.0,0.0
MOL_07616,COCC(=O)N(c1c(C)cccc1C)C(C)C(=O)OC,0.0,0.0,0.0,0.0,0.0,0.0,0.0,0.0,0.0,0.0,0.0,0.0
MOL_07617,C[N+]1(C)CCCCC1,0.0,0.0,0.0,0.0,0.0,0.0,0.0,0.0,0.0,0.0,0.0,0.0
MOL_07618,Cn1cc(C2=C(c3cn(C4CCN(Cc5ccccn5)CC4)c4ccccc34)C(=O)NC2=O)c2ccccc21,0.0,,0.0,0.0,0.0,0.0,0.0,0.0,0.0,0.0,0.0,
MOL_07619,O=C(NOC[C@H](O)CO)c1ccc(F)c(F)c1Nc1ccc(I)cc1F,0.0,0.0,,,0.0,0.0,0.0,,0.0,,,0.0
MOL_07620,O=C1CN=C(c2ccccc2)c2cc(Cl)ccc2N1CC1CC1,0.0,0.0,0.0,0.0,,0.0,0.0,1.0,0.0,0.0,1.0,1.0
MOL_07621,Nc1c(Cl)c(Cl)c(Cl)c(Cl)c1Cl,0.0,0.0,1.0,0.0,0.0,0.0,0.0,0.0,0.0,0.0,0.0,0.0
MOL_07622,CCOC(=O)CCC(C)=O,0.0,0.0,0.0,0.0,,0.0,0.0,0.0,0.0,0.0,0.0,0.0
MOL_07623,C[C@]12C[C@H](O)[C@H]3[C@@H](CCC4=CC(=O)C=C[C@@]43C)[C@@H]1CC[C@]2(O)C(=O)CO,1.0,1.0,0.0,,0.0,0.0,0.0,0.0,0.0,0.0,0.0,0.0
MOL_07624,C[C@]12CC(=O)[C@H]3[C@@H](CCC4=CC(=O)C=C[C@@]43C)[C@@H]1CC[C@]2(O)C(=O)CO,1.0,1.0,0.0,0.0,1.0,0.0,0.0,0.0,0.0,0.0,0.0,0.0
MOL_07625,CNC(=O)CSP(=O)(OC)OC,0.0,0.0,0.0,0.0,0.0,0.0,0.0,0.0,0.0,0.0,0.0,0.0
MOL_07626,CCCN(CCC)S(=O)(=O)c1ccc(C(=O)O)cc1,1.0,0.0,0.0,0.0,0.0,1.0,0.0,0.0,0.0,0.0,0.0,0.0
MOL_07627,C=C(C)[C@@H]1CCC2=CCC[C@@H](C)[C@]2(C)C1,0.0,0.0,0.0,1.0,,0.0,0.0,1.0,0.0,,0.0,0.0
MOL_07628,C=CC(C)=CCC=C(C)C,0.0,0.0,0.0,,0.0,0.0,0.0,1.0,0.0,0.0,0.0,0.0
MOL_07629,C=C(C)[C@@H]1CCC2=CC(=O)C[C@@H](C)[C@]2(C)C1,0.0,0.0,0.0,1.0,0.0,0.0,0.0,0.0,0.0,0.0,0.0,0.0
MOL_07630,CCOC(=O)CC(C)C,0.0,0.0,0.0,0.0,0.0,0.0,0.0,0.0,0.0,0.0,0.0,0.0
MOL_07631,CCCCCCCCCCCCN(CCCCCCCCCCCC)CCCCCCCCCCCC,0.0,0.0,0.0,0.0,0.0,0.0,0.0,0.0,0.0,0.0,0.0,0.0
MOL_07632,CC1=CCCC(C)(C)C12CCC(C)O2,0.0,0.0,0.0,0.0,0.0,0.0,0.0,,0.0,0.0,0.0,0.0
MOL_07633,c1cc(C(c2ccc(OCC3CO3)cc2)c2ccc(OCC3CO3)cc2)ccc1OCC1CO1,0.0,,0.0,,,0.0,,1.0,,1.0,,0.0
MOL_07634,CC1(CO)CN(c2ccccc2)NC1=O,0.0,0.0,1.0,,0.0,0.0,,,0.0,0.0,0.0,0.0
MOL_07635,C=C(C)C(=O)OCCCCCCCCCCOC(=O)C(=C)C,0.0,0.0,0.0,0.0,0.0,0.0,0.0,0.0,0.0,0.0,0.0,0.0
MOL_07636,CCC(=O)OCc1ccccc1,0.0,0.0,0.0,0.0,0.0,0.0,0.0,0.0,0.0,0.0,0.0,0.0
MOL_07637,Cc1cccc(Nc2ccccc2)c1,0.0,0.0,0.0,1.0,,0.0,0.0,0.0,0.0,0.0,1.0,0.0
MOL_07638,O=S(=O)([O-])CC(O)CCl,0.0,0.0,0.0,0.0,0.0,0.0,0.0,0.0,0.0,0.0,,0.0
MOL_07639,C=CCOCC(CC)(CO)COCC=C,0.0,0.0,0.0,0.0,0.0,0.0,0.0,0.0,0.0,0.0,0.0,0.0
MOL_07640,NS(=O)(=O)c1ccccc1Cl,0.0,0.0,0.0,0.0,0.0,0.0,0.0,0.0,0.0,0.0,0.0,0.0
MOL_07641,CCC(C)(CCC(C)C)C(=O)O[Sn](C)(C)OC(=O)C(C)(CC)CCC(C)C,0.0,0.0,,0.0,0.0,0.0,,1.0,0.0,1.0,0.0,0.0
MOL_07642,CC(C)(C)C1CCCCC1O,0.0,0.0,0.0,0.0,0.0,0.0,0.0,0.0,0.0,0.0,0.0,0.0
MOL_07643,CC(C)CP(=S)([S-])CC(C)C,0.0,0.0,0.0,0.0,0.0,0.0,0.0,0.0,0.0,1.0,0.0,0.0
MOL_07644,COc1ccc(CC2c3cc(OC)c(OC)cc3CC[N+]2(C)CCC(=O)OCCCCCOC(=O)CC[N+]2(C)CCc3cc(OC)c(OC)cc3C2Cc2ccc(OC)c(OC)c2)cc1OC.O=S(=O)([O-])c1ccccc1.O=S(=O)([O-])c1ccccc1,1.0,0.0,0.0,,,0.0,,,0.0,,0.0,0.0
MOL_07645,CCOc1c(N2CCOCC2)cnn(C)c1=O,,,,,,,,0.0,,0.0,,
MOL_07646,CN1CCC(=C2c3ccccc3CCc3cccnc32)CC1,0.0,0.0,0.0,0.0,0.0,0.0,,0.0,0.0,0.0,0.0,0.0
MOL_07647,CC(=O)OC[C@H]1O[C@@H](n2ncc(=O)[nH]c2=O)[C@H](OC(C)=O)[C@@H]1OC(C)=O,,,,,,,,0.0,,0.0,,
MOL_07648,CCOC(=O)[C@H](CCc1ccccc1)N[C@@H](C)C(=O)N1CCC[C@H]1C(=O)O,0.0,0.0,0.0,0.0,0.0,0.0,0.0,0.0,0.0,0.0,0.0,0.0
MOL_07649,CN(C)C(=O)Nc1ccc(Cl)cc1,0.0,0.0,0.0,0.0,0.0,0.0,0.0,0.0,0.0,0.0,0.0,0.0
MOL_07650,Cc1ccc(S(=O)(=O)N=C=O)cc1,0.0,0.0,0.0,0.0,0.0,0.0,0.0,0.0,0.0,0.0,0.0,0.0
MOL_07651,NC(=O)c1ccccc1O,0.0,0.0,0.0,0.0,0.0,0.0,0.0,0.0,0.0,0.0,0.0,0.0
MOL_07652,O=C1C[C@@H]2OCC=C3CN4CC[C@]56c7ccccc7N1[C@H]5[C@H]2[C@H]3C[C@H]46.O=C1C[C@@H]2OCC=C3CN4CC[C@]56c7ccccc7N1[C@H]5[C@H]2[C@H]3C[C@H]46,0.0,0.0,,0.0,0.0,0.0,0.0,0.0,0.0,0.0,0.0,0.0
MOL_07653,O=c1oc2ccccc2c(O)c1Cc1c(O)c2ccccc2oc1=O,,,,,,,,1.0,,,,
MOL_07654,O=C1NCC2(CCN(CCc3ccccc3)CC2)O1,0.0,0.0,0.0,0.0,1.0,0.0,0.0,0.0,0.0,0.0,0.0,0.0
MOL_07655,CCOC(=O)Nc1ccc(NCc2ccc(F)cc2)nc1N,0.0,0.0,,0.0,1.0,0.0,0.0,0.0,0.0,0.0,,0.0
MOL_07656,CC(C)[N+]1(C)C2CCC1CC(OC(=O)C(CO)c1ccccc1)C2,0.0,0.0,0.0,0.0,1.0,0.0,0.0,,0.0,,0.0,0.0
MOL_07657,N=C(N)NCc1cccc(I)c1.N=C(N)NCc1cccc(I)c1,0.0,0.0,0.0,0.0,,0.0,0.0,,0.0,,0.0,0.0
MOL_07658,CC(C)NC(C)Cc1ccc(I)cc1,0.0,0.0,0.0,0.0,1.0,0.0,0.0,,0.0,,,0.0
MOL_07659,Clc1cc(C(Cl)(Cl)Cl)cnc1Cl,0.0,0.0,0.0,,0.0,0.0,0.0,,1.0,,,0.0
MOL_07660,Cc1cn[nH]c1,0.0,0.0,0.0,0.0,0.0,0.0,0.0,0.0,0.0,0.0,0.0,0.0
MOL_07661,NC(=O)c1ncn([C@@H]2O[C@H](CO)[C@@H](O)[C@H]2O)c1O,,,,,,,,0.0,,0.0,,
MOL_07662,C#CCN(C)CCCOc1ccc(Cl)cc1Cl,0.0,0.0,,,1.0,0.0,0.0,1.0,0.0,0.0,,0.0
MOL_07663,CCCCCCCCCCCC#N,0.0,0.0,0.0,0.0,0.0,0.0,0.0,0.0,0.0,0.0,0.0,0.0
MOL_07664,N#Cc1c(Cl)c(Cl)c(Cl)c(C#N)c1Cl,0.0,,0.0,,,1.0,,,1.0,1.0,,1.0
MOL_07665,Cc1ccc(C)c(O)c1C,0.0,0.0,0.0,0.0,0.0,0.0,0.0,0.0,0.0,0.0,0.0,0.0
MOL_07666,C=C(C)C(=O)OCCOCC,0.0,0.0,0.0,0.0,0.0,0.0,0.0,0.0,0.0,0.0,,0.0
MOL_07667,CC(C)[C@@H]1CC[C@@H](C)C[C@H]1O,0.0,0.0,0.0,0.0,0.0,0.0,0.0,0.0,0.0,0.0,0.0,0.0
MOL_07668,O=C=Nc1ccc(Cl)c(Cl)c1,,,1.0,,0.0,0.0,0.0,,0.0,0.0,1.0,0.0
MOL_07669,COP(=S)(OC)Oc1nc(Cl)c(Cl)cc1Cl,0.0,,,0.0,0.0,0.0,,0.0,0.0,0.0,1.0,0.0
MOL_07670,C#CCOC(=O)[C@@H](C)Oc1ccc(Oc2ncc(Cl)cc2F)cc1,0.0,0.0,0.0,0.0,0.0,0.0,0.0,0.0,0.0,0.0,0.0,0.0
MOL_07671,CC1(C)CON(Cc2ccccc2Cl)C1=O,0.0,0.0,0.0,0.0,,0.0,0.0,1.0,0.0,0.0,0.0,0.0
MOL_07672,CCSC(=O)N(CC)C1CCCCC1,0.0,0.0,0.0,0.0,,0.0,0.0,0.0,0.0,0.0,0.0,0.0
MOL_07673,COC(=O)C(C)Oc1ccc(Oc2ccc(Cl)cc2Cl)cc1,0.0,0.0,0.0,0.0,0.0,0.0,0.0,0.0,0.0,0.0,,0.0
MOL_07674,CCNC(=O)NC(=O)/C(C#N)=N/OC,0.0,0.0,,0.0,0.0,0.0,0.0,0.0,0.0,0.0,0.0,0.0
MOL_07675,Cc1cc(C2CC2)nc(Nc2ccccc2)n1,0.0,0.0,1.0,,1.0,0.0,0.0,,0.0,,,0.0
MOL_07676,COc1cc2nc(N(C)CCCNC(=O)C3CCCO3)nc(N)c2cc1OC,0.0,0.0,,0.0,0.0,0.0,0.0,1.0,0.0,0.0,0.0,0.0
MOL_07677,CN(C)C(=O)Oc1cc(OC(=O)N(C)C)cc(C(O)CNC(C)(C)C)c1,0.0,0.0,0.0,0.0,0.0,0.0,0.0,0.0,0.0,0.0,0.0,0.0
MOL_07678,CCC(=O)O[C@]1(C(=O)SCF)[C@H](C)C[C@H]2C3C[C@H](F)C4=CC(=O)C=C[C@]4(C)[C@@]3(F)[C@@H](O)C[C@@]21C,1.0,0.0,,,0.0,0.0,0.0,0.0,0.0,0.0,1.0,0.0
MOL_07679,C[C@@]12CCC[C@H]1[C@@H]1CC[C@H]3C[C@@H](O)CC[C@]3(C)[C@H]1CC2,1.0,0.0,0.0,0.0,1.0,1.0,0.0,0.0,0.0,0.0,0.0,0.0
MOL_07680,CC(=O)SC[C@@H](Cc1ccccc1)C(=O)NCC(=O)OCc1ccccc1,0.0,0.0,0.0,0.0,0.0,0.0,0.0,0.0,0.0,0.0,0.0,0.0
MOL_07681,CCCN1CCC[C@@H]2Cc3n[nH]cc3C[C@H]21,0.0,0.0,1.0,0.0,0.0,0.0,0.0,0.0,0.0,0.0,0.0,0.0
MOL_07682,CCC[C@@]1(CCc2ccccc2)CC(O)=C([C@H](CC)c2cccc(NS(=O)(=O)c3ccc(C(F)(F)F)cn3)c2)C(=O)O1,0.0,0.0,0.0,0.0,0.0,0.0,,,0.0,,1.0,0.0
MOL_07683,CO[C@H]1C[C@@H]2CC[C@@H](C)[C@@](O)(O2)C(=O)C(=O)N2CCCC[C@H]2C(=O)O[C@H]([C@H](C)C[C@@H]2CC[C@@H](O)[C@H](OC)C2)CC(=O)[C@H](C)C=C(C)[C@@H](O)[C@@H](OC)C(=O)[C@H](C)C[C@H](C)C=CC=CC=C1C,0.0,,0.0,1.0,,0.0,,,,,1.0,
MOL_07684,CCC(C)(C)C(=O)O[C@H]1C[C@@H](C)C=C2C=C[C@H](C)[C@H](CC[C@@H]3C[C@@H](O)CC(=O)O3)[C@H]21,1.0,0.0,0.0,1.0,1.0,0.0,0.0,1.0,0.0,,,0.0
MOL_07685,CC(C)=CCOc1ccc(/C=C/C(=O)c2ccc(OCC=C(C)C)cc2OCC(=O)O)cc1,0.0,,0.0,,0.0,0.0,,1.0,0.0,1.0,1.0,1.0
MOL_07686,O=C1NC(=O)[C@@]2(CCOc3ccc(F)cc32)N1,0.0,0.0,0.0,0.0,0.0,0.0,0.0,0.0,0.0,0.0,0.0,0.0
MOL_07687,C/C=C(/CC[C@@H](C)[C@H]1CC[C@H]2C3=CC[C@H]4[C@H](C)[C@@H](O)CC[C@]4(C)[C@H]3CC[C@@]21C)C(C)C,0.0,0.0,0.0,0.0,0.0,0.0,0.0,,0.0,,0.0,0.0
MOL_07688,OC[C@H](O)[C@@H](O)[C@H](O)[C@H](O)CO,0.0,0.0,0.0,0.0,0.0,0.0,0.0,0.0,0.0,0.0,0.0,0.0
MOL_07689,CCCCCCCCCCCCOS(=O)(=O)O.OCCN(CCO)CCO,0.0,0.0,0.0,0.0,0.0,0.0,0.0,0.0,0.0,0.0,0.0,0.0
MOL_07690,[O-]c1ccccc1,0.0,0.0,0.0,0.0,0.0,0.0,0.0,0.0,0.0,0.0,0.0,0.0
MOL_07691,c1ccc2c(c1)c1cccc3ccc4cccc2c4c31,0.0,1.0,1.0,0.0,0.0,0.0,1.0,1.0,0.0,0.0,1.0,1.0
MOL_07692,C=CCNCC=C,0.0,0.0,0.0,0.0,0.0,0.0,0.0,0.0,0.0,0.0,0.0,0.0
MOL_07693,CCCCC/C=C/C=C/C=O,0.0,0.0,0.0,0.0,0.0,0.0,,,0.0,1.0,1.0,
MOL_07694,C1CCC2CCCCC2C1,0.0,0.0,0.0,0.0,0.0,0.0,0.0,,0.0,0.0,0.0,0.0
MOL_07695,CCCCCCCCCC,0.0,0.0,0.0,0.0,0.0,0.0,0.0,1.0,0.0,0.0,0.0,0.0
MOL_07696,C=C(C)C(=O)OCCCCCCCCCC,0.0,0.0,0.0,0.0,0.0,0.0,0.0,0.0,0.0,,0.0,0.0
MOL_07697,C=CC(=O)NC(C)(C)CC(C)=O,0.0,0.0,0.0,0.0,0.0,0.0,0.0,0.0,0.0,0.0,0.0,0.0
MOL_07698,CC(=O)CC(C)(C)O,0.0,0.0,0.0,0.0,0.0,0.0,0.0,0.0,0.0,0.0,0.0,0.0
MOL_07699,CN(C)C(=O)C1(N2CCCCC2)CCN(CCC2(c3ccc(Cl)c(Cl)c3)CN(C(=O)c3ccccc3)CCO2)CC1,0.0,,0.0,,,,,,,,,
MOL_07700,O=C([O-])C(Cl)Cl,0.0,0.0,0.0,0.0,0.0,0.0,0.0,0.0,0.0,0.0,0.0,0.0
MOL_07701,O=C([O-])Cc1ccccc1Nc1c(Cl)cccc1Cl,0.0,0.0,0.0,0.0,1.0,0.0,0.0,,0.0,0.0,0.0,1.0
MOL_07702,Clc1cc(Cl)c(Cl)nc1Cl,,0.0,0.0,0.0,0.0,0.0,0.0,0.0,0.0,0.0,0.0,0.0
MOL_07703,NNC(=S)NN,0.0,0.0,1.0,,0.0,0.0,0.0,0.0,0.0,1.0,0.0,0.0
MOL_07704,NC(=O)Nc1ccc(Cl)cc1,0.0,0.0,0.0,0.0,0.0,0.0,0.0,0.0,0.0,0.0,0.0,0.0
MOL_07705,[O-][n+]1ccc(Cl)cc1,0.0,0.0,0.0,0.0,0.0,0.0,0.0,0.0,0.0,0.0,,0.0
MOL_07706,CCCCC/C=C\CCC=O,0.0,0.0,0.0,0.0,0.0,0.0,0.0,0.0,0.0,0.0,0.0,0.0
MOL_07707,CN1C(=O)CC(=O)N(c2ccccc2)c2cc(Cl)ccc21,0.0,0.0,0.0,,0.0,0.0,0.0,,0.0,,0.0,0.0
MOL_07708,CCc1occc(=O)c1O,0.0,0.0,,0.0,0.0,0.0,0.0,,0.0,0.0,,0.0
MOL_07709,CC1=C(O)C(=O)C(C)O1,0.0,0.0,0.0,0.0,0.0,0.0,0.0,0.0,0.0,0.0,0.0,0.0
MOL_07710,COc1ccc(CCO)cc1,0.0,0.0,0.0,0.0,0.0,0.0,0.0,0.0,0.0,0.0,0.0,0.0
MOL_07711,CCCC(C)C(O)CC,0.0,0.0,0.0,0.0,0.0,0.0,0.0,0.0,0.0,0.0,0.0,0.0
MOL_07712,Oc1ccc(/C=C/c2cc(O)cc(O)c2)cc1,1.0,0.0,,,1.0,1.0,,1.0,1.0,0.0,1.0,
MOL_07713,O=C1C[N+]([O-])=C(c2ccccc2)c2cc(Cl)ccc2N1,0.0,0.0,0.0,0.0,0.0,0.0,0.0,,0.0,,0.0,0.0
MOL_07714,O=C(/C=C/c1cccc(F)c1)NC1CC1,0.0,0.0,0.0,,0.0,0.0,0.0,,0.0,,0.0,0.0
MOL_07715,O=C(O)Cc1csc(-c2ccc(Cl)cc2)n1,0.0,,0.0,0.0,0.0,0.0,0.0,0.0,0.0,0.0,0.0,0.0
MOL_07716,O=C(Nc1ccc(Br)cc1)c1cc(Br)c(Br)s1,0.0,0.0,1.0,,,0.0,0.0,,0.0,,1.0,
MOL_07717,O=C(O)Cc1cn(-c2ccccc2)nc1-c1ccc(Cl)cc1,0.0,,0.0,0.0,0.0,0.0,1.0,0.0,0.0,0.0,0.0,0.0
MOL_07718,Cc1cccc(C)c1NC(=O)CN1CCCC1,0.0,0.0,,0.0,0.0,0.0,0.0,0.0,0.0,0.0,0.0,0.0
MOL_07719,NS(=O)(=O)c1ccc(Cl)c(S(N)(=O)=O)c1,0.0,0.0,0.0,0.0,0.0,0.0,0.0,0.0,0.0,0.0,0.0,0.0
MOL_07720,COc1ccc(C=CC(=O)c2ccc(OC)cc2OC)cc1,,,,,,,,1.0,,1.0,,
MOL_07721,O=C(NCN1CCOCC1)c1cnccn1,,,,,,,,0.0,,0.0,,
MOL_07722,COc1cccc2c1C(=O)c1c(O)c3c(c(O)c1C2=O)C[C@@](O)(C(=O)CO)C[C@@H]3O[C@H]1C[C@H](N)[C@H](O[C@@H]2CCCCO2)[C@H](C)O1,,,,,,,,,,0.0,,
MOL_07723,CCCCCCC(=O)O[C@H]1CC[C@H]2[C@@H]3CC[C@H]4CC(=O)C=C(C)[C@]4(C)[C@H]3CC[C@]12C,1.0,1.0,0.0,,1.0,1.0,0.0,,0.0,,,
MOL_07724,C=C/C(C)=C/C/C=C(\C)CCC=C(C)C,0.0,0.0,0.0,0.0,0.0,0.0,,1.0,0.0,1.0,0.0,0.0
MOL_07725,CCC(=O)OCCOc1ccccc1,0.0,0.0,0.0,0.0,0.0,0.0,0.0,0.0,0.0,0.0,0.0,0.0
MOL_07726,CC(=O)CCC1=C(C)CCCC1(C)C,0.0,0.0,0.0,0.0,0.0,,0.0,0.0,0.0,0.0,0.0,0.0
MOL_07727,COc1cc(C=O)ccc1OC(=O)C(C)C,0.0,0.0,0.0,0.0,0.0,0.0,0.0,0.0,0.0,0.0,0.0,0.0
MOL_07728,CN1N=C(C(N)=O)CCC1=O,,,,,,,,0.0,,0.0,,
MOL_07729,C[C@]12CC[C@H]3[C@@H](CCC4=CC(=O)CC[C@@]43C)[C@@H]1CC[C@@H]2C(=O)O,,,,,,,,0.0,,0.0,,
MOL_07730,Cc1sccc1Br,,,,,,,,0.0,,0.0,,
MOL_07731,O=C(CCCl)NCCc1ccccc1,,,,,,,,0.0,,0.0,,
MOL_07732,[O-][n+]1cccc(/C(Cl)=N/OC[C@H](O)CN2CCCCC2)c1,,,,,,,,0.0,,0.0,,
MOL_07733,CC[C@@]1(O)C(=O)OCc2c1cc1n(c2=O)Cc2c-1nc1ccccc1c2/C=N/OC(C)(C)C,,,,,,,,,,1.0,,
MOL_07734,C=CCNc1nc(NCC=C)nc(N2CCN(C(c3ccc(F)cc3)c3ccc(F)cc3)CC2)n1,,,,,,,,1.0,,0.0,,
MOL_07735,CC[C@@]1(O)C(=O)OCc2c1cc1n(c2=O)Cc2cc3c([N+](=O)[O-])cccc3nc2-1,0.0,,,,,0.0,,,0.0,,1.0,1.0
MOL_07736,CCCCCCCCCCCCCCOS(=O)(=O)[O-],0.0,0.0,0.0,0.0,0.0,0.0,0.0,,0.0,,0.0,0.0
MOL_07737,S=c1[nH]c2ccccc2[nH]1,1.0,0.0,1.0,,0.0,0.0,0.0,0.0,0.0,0.0,0.0,0.0
MOL_07738,CC(=O)N[C@@H]1C(O[C@H]2O[C@H](C(=O)O)C(O)[C@H](O)[C@H]2O)[C@H](O)[C@@H](CO)O[C@H]1O[C@@H]1C(C(=O)O)O[C@@H](O[C@H]2[C@H](O)[C@@H](CO)OC(O)[C@@H]2NC(C)=O)[C@H](O)[C@H]1O,0.0,0.0,0.0,0.0,0.0,0.0,0.0,,0.0,,0.0,0.0
MOL_07739,S=C1NC=NC2N=CNC12,0.0,0.0,1.0,,,0.0,,1.0,0.0,0.0,1.0,1.0
MOL_07740,CCCCCCOC(=O)CCCCC(=O)OCCCCCC,0.0,0.0,0.0,0.0,0.0,0.0,0.0,,0.0,0.0,0.0,0.0
MOL_07741,CCCCCCCCCC(=O)OC,0.0,0.0,0.0,0.0,0.0,0.0,0.0,0.0,0.0,0.0,0.0,0.0
MOL_07742,OC/C=C/CO,0.0,0.0,0.0,0.0,,,0.0,1.0,0.0,0.0,0.0,0.0
MOL_07743,Cc1c(Cl)cccc1Nc1ncccc1C(=O)O,0.0,,1.0,,,0.0,0.0,,0.0,,1.0,0.0
MOL_07744,OCc1c[nH]c2ccccc12,0.0,0.0,1.0,1.0,,,0.0,1.0,0.0,,1.0,0.0
MOL_07745,Cc1cccc(Nc2cc(Cl)nc(SCC(=O)O)n2)c1C,0.0,,0.0,0.0,0.0,0.0,1.0,,0.0,0.0,0.0,0.0
MOL_07746,CNCC(O)c1ccc(O)cc1,0.0,0.0,0.0,0.0,0.0,0.0,0.0,0.0,0.0,0.0,0.0,0.0
MOL_07747,O=CCCl,0.0,0.0,0.0,0.0,0.0,0.0,0.0,0.0,0.0,0.0,0.0,0.0
MOL_07748,O=C(CCl)c1ccccc1,0.0,0.0,1.0,,1.0,0.0,0.0,1.0,1.0,1.0,0.0,0.0
MOL_07749,COP(=S)(OC)Oc1ccc([N+](=O)[O-])cc1Cl,0.0,,1.0,0.0,0.0,0.0,0.0,,0.0,0.0,,0.0
MOL_07750,COC(=O)c1ccccc1C(=O)O,0.0,0.0,0.0,0.0,0.0,0.0,0.0,0.0,0.0,0.0,0.0,0.0
MOL_07751,CC(=O)Nc1ccc(C(=O)CCl)cc1,0.0,1.0,1.0,,1.0,0.0,0.0,1.0,1.0,1.0,0.0,1.0
MOL_07752,CCCCOC(=O)c1ccccc1C(=O)O,0.0,0.0,0.0,0.0,0.0,0.0,0.0,0.0,0.0,0.0,,0.0
MOL_07753,Nc1ccc(Cl)cc1,0.0,0.0,1.0,0.0,0.0,0.0,,0.0,0.0,0.0,0.0,0.0
MOL_07754,c1ccc(CCCc2ccccn2)cc1,0.0,0.0,,,,0.0,0.0,0.0,0.0,0.0,0.0,0.0
MOL_07755,CCOC(=O)c1cn2nc(OP(=S)(OCC)OCC)cc2nc1C,0.0,0.0,1.0,0.0,0.0,0.0,0.0,,0.0,0.0,0.0,0.0
MOL_07756,CCC(C)c1cc([N+](=O)[O-])cc([N+](=O)[O-])c1OC(=O)C=C(C)C,0.0,,0.0,,,0.0,,1.0,0.0,1.0,,1.0
MOL_07757,CCC(C)c1cc([N+](=O)[O-])cc([N+](=O)[O-])c1OC(=O)OC(C)C,0.0,,0.0,,,1.0,,1.0,,1.0,1.0,1.0
MOL_07758,CCN(CC)c1c([N+](=O)[O-])cc(C(F)(F)F)c(N)c1[N+](=O)[O-],0.0,0.0,,,,,0.0,,0.0,0.0,,0.0
MOL_07759,CC1(C)[C@@H]2CC[C@@]1(C)[C@H](OC(=O)CSC#N)C2,0.0,0.0,0.0,0.0,0.0,0.0,0.0,,0.0,,,0.0
MOL_07760,CC(C)N(C(=O)SCC(Cl)=CCl)C(C)C,0.0,,0.0,1.0,0.0,,,,,,,
MOL_07761,CC(=O)OCC1=C(C(=O)O)N2C(=O)[C@@H](N)[C@H]2SC1,0.0,0.0,0.0,0.0,0.0,0.0,0.0,0.0,0.0,0.0,0.0,0.0
MOL_07762,COC(=O)Nc1nc2ccccc2[nH]1,0.0,0.0,1.0,,0.0,0.0,0.0,0.0,0.0,0.0,0.0,1.0
MOL_07763,O=C1CCCCC1Cl,0.0,0.0,0.0,0.0,0.0,0.0,0.0,0.0,0.0,0.0,0.0,0.0
MOL_07764,CC1(C)[C@@H]2CC[C@@]1(C)C(=O)C2,0.0,0.0,0.0,0.0,0.0,0.0,0.0,0.0,0.0,0.0,0.0,0.0
MOL_07765,NC(N)=O.OO,0.0,0.0,0.0,0.0,0.0,0.0,0.0,0.0,0.0,0.0,0.0,0.0
MOL_07766,CCCCCCCC(=O)Cl,0.0,0.0,0.0,0.0,0.0,0.0,0.0,0.0,0.0,0.0,0.0,0.0
MOL_07767,CCCCCOC(C)=O,0.0,0.0,0.0,0.0,0.0,0.0,0.0,0.0,0.0,1.0,0.0,0.0
MOL_07768,CCCCCCCCCCCCCC,0.0,0.0,0.0,0.0,0.0,0.0,0.0,0.0,0.0,0.0,0.0,0.0
MOL_07769,CCCCCCCCCCCCC,0.0,0.0,0.0,0.0,0.0,0.0,0.0,0.0,0.0,0.0,0.0,0.0
MOL_07770,OCCCCCCO,0.0,0.0,0.0,,0.0,0.0,0.0,0.0,0.0,0.0,0.0,0.0
MOL_07771,C=CCCCCCCCCCCCCCC,0.0,0.0,0.0,0.0,0.0,0.0,0.0,0.0,0.0,0.0,,0.0
MOL_07772,CCCCCCCCCCCCCCC,0.0,0.0,0.0,0.0,0.0,0.0,0.0,0.0,0.0,0.0,0.0,0.0
MOL_07773,CSc1ccc(Cl)cc1,0.0,0.0,0.0,0.0,0.0,0.0,0.0,0.0,0.0,0.0,0.0,0.0
MOL_07774,Clc1ccc2ccccc2c1,0.0,0.0,0.0,0.0,,0.0,0.0,0.0,0.0,0.0,0.0,0.0
MOL_07775,Cc1ccccc1Cl,0.0,0.0,0.0,0.0,0.0,0.0,0.0,0.0,0.0,0.0,0.0,0.0
MOL_07776,CS(=O)(=O)c1ccc(Cl)cc1,0.0,0.0,0.0,0.0,0.0,0.0,0.0,0.0,0.0,0.0,0.0,0.0
MOL_07777,Oc1ccc2ccc3cccc4ccc1c2c34,0.0,0.0,1.0,1.0,1.0,,0.0,,0.0,,1.0,
MOL_07778,CC(C)COC(=O)c1ccc(O)cc1,0.0,0.0,,,1.0,1.0,0.0,,0.0,0.0,1.0,0.0
MOL_07779,Cn1c(N)nc2c3cccnc3ccc21,,0.0,1.0,,0.0,0.0,0.0,0.0,0.0,0.0,0.0,0.0
MOL_07780,NC(=O)CI,0.0,0.0,,,0.0,0.0,0.0,,0.0,0.0,0.0,0.0
MOL_07781,IC(I)I,0.0,0.0,,,1.0,0.0,0.0,0.0,0.0,0.0,0.0,0.0
MOL_07782,COc1ccc2c(c1)c(CC(=O)O)c(C)n2C(=O)c1ccc(Cl)cc1,0.0,,0.0,0.0,0.0,0.0,1.0,0.0,0.0,0.0,0.0,0.0
MOL_07783,C=CCOCC(CO)(COCC=C)COCC=C,0.0,0.0,0.0,0.0,0.0,0.0,0.0,0.0,0.0,0.0,0.0,0.0
MOL_07784,CCc1ccc(O)c(C(C)(C)C)c1,0.0,0.0,0.0,,1.0,,0.0,,0.0,0.0,1.0,
MOL_07785,Cc1c(C)c([N+](=O)[O-])c(C(C)(C)C)c([N+](=O)[O-])c1C,0.0,0.0,0.0,,0.0,0.0,0.0,0.0,0.0,0.0,,0.0
MOL_07786,C#CCN(C)[C@H](C)Cc1ccccc1,0.0,0.0,0.0,0.0,0.0,0.0,0.0,0.0,0.0,0.0,0.0,0.0
MOL_07787,O=C1CN(N=Cc2ccc(-c3ccc([N+](=O)[O-])cc3)o2)C(=O)[N-]1,0.0,0.0,1.0,0.0,0.0,0.0,0.0,0.0,0.0,0.0,1.0,0.0
MOL_07788,CCN(CCC#N)c1ccccc1,0.0,0.0,0.0,0.0,0.0,0.0,0.0,0.0,0.0,0.0,,0.0
MOL_07789,COC(=O)CCCC(=O)O,0.0,0.0,0.0,0.0,0.0,0.0,0.0,,0.0,0.0,,0.0
MOL_07790,OC[C@H](Cc1cccc(O)c1)[C@H](CO)Cc1cccc(O)c1,0.0,0.0,,,0.0,0.0,0.0,0.0,0.0,,,
MOL_07791,COc1cc(Cl)ccc1Oc1ccc(Cl)cc1Cl,0.0,0.0,,,0.0,0.0,0.0,0.0,0.0,0.0,1.0,0.0
MOL_07792,Cc1ccc(O)c(C(=O)c2ccccc2)c1,0.0,0.0,,,0.0,0.0,0.0,0.0,0.0,0.0,,0.0
MOL_07793,O=C(c1ccccc1)c1cccc(O)c1,,0.0,,,1.0,1.0,0.0,,0.0,0.0,1.0,0.0
MOL_07794,O=C(c1ccccc1)c1ccccc1O,0.0,0.0,0.0,1.0,0.0,0.0,0.0,0.0,0.0,0.0,0.0,0.0
MOL_07795,CN1CCc2cc3c(cc2C1O)OCO3,0.0,,0.0,0.0,0.0,,,,0.0,,0.0,
MOL_07796,CCCCCCCCCCCCOC(=O)c1ccc(O)cc1,,0.0,0.0,,0.0,0.0,0.0,,0.0,0.0,1.0,0.0
MOL_07797,O=C(Oc1ccccc1)c1ccc(O)cc1,0.0,0.0,0.0,,1.0,1.0,0.0,0.0,0.0,0.0,,0.0
MOL_07798,CCCC(c1cc(C(C)(C)C)c(O)cc1C)c1cc(C(C)(C)C)c(O)cc1C,0.0,,,,,,,,,1.0,1.0,
MOL_07799,O=c1[nH]cnc2nc[nH]c12,,,,,,,,0.0,,0.0,,
MOL_07800,C=C1CC[C@H]2[C@@](C)(CC[C@@H](O)[C@@]2(C)CO)[C@@H]1C/C=C1/C(=O)OC[C@H]1O,0.0,0.0,0.0,,0.0,0.0,,,0.0,,0.0,0.0
MOL_07801,CN1CC(=O)NC1=N,,,,,,,,0.0,,0.0,,
MOL_07802,CC1(C)O[C@H]2CC(=O)OC[C@@]23[C@H]1CC(=O)[C@]1(C)[C@@H]3CC[C@@]2(C)[C@H](c3ccoc3)OC(=O)[C@H]3O[C@]321,1.0,0.0,0.0,,1.0,0.0,0.0,0.0,0.0,0.0,0.0,0.0
MOL_07803,OC[C@H]1O[C@@H](O[C@@H]2[C@@H](CO)O[C@@H](O)[C@H](O)[C@H]2O)[C@H](O)[C@@H](O)[C@@H]1O,0.0,0.0,0.0,0.0,0.0,0.0,0.0,,0.0,,0.0,0.0
MOL_07804,CN(C)CCN(Cc1ccccc1)c1ccccn1.O=C(O)CC(O)(CC(=O)O)C(=O)O,0.0,0.0,0.0,0.0,0.0,0.0,0.0,0.0,0.0,0.0,,0.0
MOL_07805,C=CCC1(C(C)CCC)C(=O)N=C([S-])NC1=O,0.0,0.0,0.0,0.0,0.0,0.0,0.0,,0.0,,0.0,0.0
MOL_07806,Clc1ccccc1,0.0,0.0,0.0,0.0,0.0,0.0,0.0,0.0,0.0,0.0,0.0,0.0
MOL_07807,CCOC(=O)C(O)(c1ccc(Cl)cc1)c1ccc(Cl)cc1,0.0,0.0,1.0,,,0.0,0.0,,0.0,0.0,1.0,1.0
MOL_07808,CCCCCCCCCCC[C@@H](C[C@@H]1OC(=O)[C@H]1CCCCCC)OC(=O)C(CC(C)C)NC=O,0.0,0.0,0.0,0.0,0.0,0.0,0.0,0.0,0.0,0.0,,0.0
MOL_07809,CCC1CO1,0.0,0.0,0.0,0.0,1.0,0.0,0.0,0.0,0.0,0.0,0.0,0.0
MOL_07810,FC(F)OC(F)(F)C(F)Cl,0.0,0.0,0.0,0.0,0.0,0.0,0.0,0.0,0.0,0.0,0.0,0.0
MOL_07811,C#C[C@]1(O)CC[C@H]2[C@@H]3CCC4=C(CCC(=O)C4)[C@H]3CC[C@@]21C,1.0,1.0,0.0,0.0,1.0,1.0,0.0,,0.0,,0.0,0.0
MOL_07812,O=S1OCC2C(CO1)C1(Cl)C(Cl)=C(Cl)C2(Cl)C1(Cl)Cl,0.0,0.0,0.0,,,0.0,0.0,1.0,0.0,,1.0,
MOL_07813,ClC1=C(Cl)[C@]2(Cl)[C@H]3[C@H]([C@@H]4C[C@H]3[C@H]3O[C@@H]43)[C@@]1(Cl)C2(Cl)Cl,0.0,0.0,0.0,1.0,,0.0,0.0,,0.0,,1.0,0.0
MOL_07814,ClCC1CO1,0.0,0.0,0.0,0.0,0.0,0.0,0.0,0.0,0.0,0.0,0.0,0.0
MOL_07815,O=C(O[C@@H]1Cc2c(O)cc(O)cc2O[C@@H]1c1cc(O)c(O)c(O)c1)c1cc(O)c(O)c(O)c1,1.0,0.0,0.0,0.0,0.0,0.0,,0.0,0.0,0.0,0.0,0.0
MOL_07816,CC(C)NCC1CCc2cc(CO)c([N+](=O)[O-])cc2N1,0.0,0.0,0.0,0.0,0.0,0.0,0.0,,0.0,,0.0,0.0
MOL_07817,CCCn1cnc2c1c(=O)n(CCCCC(C)=O)c(=O)n2C,0.0,0.0,,0.0,0.0,0.0,0.0,0.0,0.0,0.0,0.0,0.0
MOL_07818,c1cnc(N2CCN(Cc3ccc4c(c3)OCO4)CC2)nc1,0.0,0.0,0.0,0.0,0.0,0.0,0.0,0.0,0.0,0.0,0.0,0.0
MOL_07819,Cc1ccc(=O)n(-c2ccccc2)c1,0.0,0.0,0.0,0.0,,0.0,0.0,0.0,0.0,0.0,0.0,0.0
MOL_07820,Cc1nc2ccccn2c(=O)c1CCN1CCC(C(=O)c2ccc(F)cc2)CC1,0.0,0.0,0.0,0.0,0.0,0.0,0.0,,0.0,0.0,0.0,0.0
MOL_07821,O=c1[nH]c2ccccc2n1CCCN1CCN(C(c2ccccc2)c2ccccc2)CC1,0.0,0.0,,,0.0,0.0,,,,0.0,,0.0
MOL_07822,NC(=O)CN1CC(O)CC1=O,0.0,0.0,,0.0,0.0,0.0,0.0,,0.0,,0.0,0.0
MOL_07823,CCC(=O)c1ccc2c(c1)N(CCCN(C)C)c1ccccc1S2,0.0,0.0,0.0,,0.0,0.0,,,0.0,0.0,,0.0
MOL_07824,CCCn1c(=O)[nH]c(=O)c2[nH]cnc21,0.0,0.0,0.0,0.0,0.0,0.0,0.0,,0.0,,0.0,0.0
MOL_07825,CCCNCC(O)COc1ccccc1C(=O)CCc1ccccc1,0.0,0.0,0.0,0.0,,0.0,,,0.0,0.0,,0.0
MOL_07826,CCOc1nc2cccc(C(=O)O)c2n1Cc1ccc(-c2ccccc2-c2nnn[nH]2)cc1,,,,,,,,0.0,,0.0,,
MOL_07827,CC(=O)[C@H]1CC[C@H]2[C@@H]3CCC4=CC(=O)CC[C@]4(C)[C@H]3CC[C@]12C,1.0,1.0,0.0,0.0,1.0,0.0,,,0.0,0.0,,0.0
MOL_07828,C[C@]12CC[C@H]3[C@@H](CCC4=CC(=O)CC[C@@]43C)[C@@H]1CC[C@@H]2O,1.0,1.0,0.0,0.0,1.0,1.0,0.0,1.0,0.0,0.0,0.0,0.0
MOL_07829,C[C@]12CC[C@@H]3c4ccc(O)cc4CC[C@H]3[C@@H]1CC[C@H]2O,1.0,1.0,0.0,,1.0,1.0,0.0,0.0,0.0,0.0,1.0,1.0
MOL_07830,COc1ccc2c(c1OC)CN1CCc3cc4c(cc3C1C2)OCO4,0.0,0.0,,0.0,0.0,0.0,0.0,0.0,0.0,0.0,1.0,0.0
